{"type":"FeatureCollection","features":[{"type":"Feature","properties":{"district":"Большесельский район"},"geometry":{"type":"MultiPolygon","coordinates":[[[[38.562,57.7487],[38.5653,57.7467],[38.5687,57.7448],[38.5756,57.7462],[38.5778,57.748],[38.5854,57.747],[38.5853,57.7459],[38.5851,57.7458],[38.5848,57.7457],[38.584,57.7456],[38.5815,57.7453],[38.579,57.745],[38.5799,57.7429],[38.5803,57.7417],[38.5807,57.7409],[38.581,57.7389],[38.5811,57.7385],[38.5817,57.7376],[38.5825,57.7369],[38.5828,57.7368],[38.5829,57.7366],[38.5829,57.7365],[38.5818,57.7359],[38.5817,57.7357],[38.5816,57.7355],[38.5816,57.7353],[38.5819,57.7349],[38.5821,57.7346],[38.5826,57.7344],[38.583,57.7343],[38.5836,57.734],[38.5837,57.7339],[38.5836,57.7337],[38.5822,57.7325],[38.5818,57.7321],[38.5819,57.7315],[38.5819,57.7313],[38.5821,57.7312],[38.5823,57.7311],[38.5829,57.7311],[38.5847,57.7311],[38.5849,57.731],[38.5851,57.731],[38.5854,57.7306],[38.5857,57.7301],[38.586,57.7297],[38.5863,57.7294],[38.5864,57.7293],[38.5865,57.7292],[38.5867,57.7292],[38.5876,57.7295],[38.5919,57.7304],[38.592,57.7304],[38.5921,57.7304],[38.5925,57.7298],[38.5926,57.7296],[38.5926,57.7294],[38.5927,57.7291],[38.5927,57.7291],[38.5926,57.729],[38.5924,57.7289],[38.5923,57.7288],[38.5922,57.7287],[38.5922,57.7284],[38.592,57.7282],[38.5921,57.7281],[38.5921,57.728],[38.5927,57.7276],[38.5928,57.7272],[38.5931,57.7267],[38.5935,57.7263],[38.5937,57.7259],[38.594,57.7256],[38.594,57.7248],[38.5941,57.7247],[38.5955,57.7245],[38.5977,57.7238],[38.6001,57.7231],[38.6009,57.7225],[38.6005,57.7202],[38.5996,57.7183],[38.5998,57.717],[38.6004,57.7165],[38.6015,57.7162],[38.6023,57.7162],[38.6032,57.7163],[38.6048,57.7168],[38.6071,57.7173],[38.609,57.7176],[38.6097,57.7176],[38.6119,57.7169],[38.6128,57.7164],[38.6138,57.7159],[38.6159,57.716],[38.6184,57.7173],[38.6235,57.7181],[38.6264,57.7188],[38.6279,57.7179],[38.6273,57.7142],[38.6281,57.7125],[38.6308,57.7119],[38.6361,57.713],[38.636,57.7122],[38.6366,57.7106],[38.6355,57.7084],[38.6373,57.7078],[38.641,57.7094],[38.6444,57.7103],[38.6467,57.7095],[38.6449,57.7068],[38.6488,57.7057],[38.6509,57.7033],[38.6532,57.7007],[38.6606,57.7018],[38.6662,57.705],[38.6774,57.7032],[38.6823,57.6904],[38.6867,57.6912],[38.6858,57.6937],[38.6887,57.6943],[38.6945,57.6909],[38.6963,57.6896],[38.6965,57.6889],[38.6949,57.6873],[38.6946,57.682],[38.6967,57.6744],[38.704,57.6737],[38.7088,57.6752],[38.7095,57.6746],[38.7104,57.6748],[38.7111,57.6754],[38.712,57.6748],[38.7163,57.6742],[38.7213,57.673],[38.7224,57.6716],[38.7305,57.6721],[38.7321,57.6699],[38.7359,57.6667],[38.7375,57.663],[38.7336,57.6613],[38.7337,57.661],[38.734,57.6608],[38.7337,57.6605],[38.7245,57.6617],[38.7236,57.6604],[38.7222,57.6594],[38.7259,57.6582],[38.7271,57.6549],[38.7321,57.6551],[38.7352,57.6524],[38.736,57.6486],[38.7377,57.6466],[38.7402,57.6453],[38.7374,57.6441],[38.7348,57.6457],[38.7337,57.6441],[38.7294,57.6447],[38.7253,57.6444],[38.7193,57.6451],[38.7185,57.646],[38.7146,57.6455],[38.7122,57.6441],[38.7123,57.6431],[38.7069,57.6425],[38.709,57.6404],[38.7075,57.6373],[38.7069,57.6361],[38.7081,57.6353],[38.7122,57.6346],[38.7148,57.632],[38.719,57.631],[38.7131,57.6274],[38.7251,57.6223],[38.7232,57.6207],[38.7172,57.6188],[38.7216,57.6127],[38.7162,57.6117],[38.7185,57.6057],[38.7178,57.6022],[38.722,57.6018],[38.7247,57.6],[38.7265,57.5978],[38.7302,57.5946],[38.7336,57.5906],[38.7235,57.5869],[38.72,57.5873],[38.7209,57.5829],[38.717,57.582],[38.7148,57.5808],[38.7143,57.5778],[38.7128,57.5758],[38.7071,57.572],[38.7055,57.5738],[38.7001,57.5718],[38.7032,57.5707],[38.71,57.5701],[38.7157,57.5702],[38.7166,57.5672],[38.719,57.5645],[38.7212,57.5621],[38.7252,57.5597],[38.7296,57.5578],[38.7314,57.5569],[38.7397,57.5575],[38.748,57.5574],[38.7571,57.5557],[38.7614,57.5582],[38.7648,57.5587],[38.7662,57.5558],[38.7668,57.5511],[38.7714,57.5505],[38.7737,57.5513],[38.7775,57.5492],[38.7794,57.5498],[38.7808,57.5483],[38.7811,57.5467],[38.7856,57.5451],[38.7935,57.5492],[38.7966,57.5483],[38.7995,57.5492],[38.812,57.5426],[38.8181,57.5421],[38.8218,57.5449],[38.8214,57.5474],[38.8257,57.5496],[38.8269,57.5514],[38.8296,57.5506],[38.8304,57.5469],[38.8296,57.5454],[38.8303,57.5433],[38.8392,57.5403],[38.844,57.5405],[38.8467,57.5394],[38.8477,57.5365],[38.8519,57.5358],[38.8499,57.5336],[38.8431,57.5323],[38.8455,57.5301],[38.8488,57.529],[38.8525,57.527],[38.8601,57.5257],[38.8613,57.526],[38.8642,57.5273],[38.8741,57.5305],[38.8804,57.5283],[38.8834,57.5267],[38.8806,57.5242],[38.8838,57.5228],[38.8879,57.5243],[38.8901,57.5274],[38.8952,57.5281],[38.8973,57.5294],[38.9041,57.5299],[38.9021,57.5324],[38.9045,57.5358],[38.9088,57.5395],[38.9187,57.5424],[38.9263,57.5428],[38.9256,57.5451],[38.9307,57.5451],[38.9365,57.5458],[38.9389,57.5468],[38.9422,57.5474],[38.9461,57.5473],[38.9483,57.5477],[38.948,57.5503],[38.9463,57.5519],[38.9555,57.5529],[38.9554,57.5498],[38.9622,57.5507],[38.9638,57.5504],[38.9673,57.5485],[38.9713,57.5481],[38.9722,57.5489],[38.9732,57.5503],[38.9757,57.5513],[38.9777,57.5524],[38.9788,57.5532],[38.9792,57.5553],[38.9805,57.5568],[38.9805,57.5586],[38.9795,57.5593],[38.9803,57.561],[38.9795,57.5629],[38.9799,57.5641],[38.9788,57.5657],[38.9829,57.5647],[38.9867,57.565],[38.9849,57.5674],[38.9858,57.5675],[38.9875,57.5667],[38.9906,57.5664],[38.9936,57.5664],[38.996,57.5675],[38.9981,57.5692],[39.0051,57.5721],[39.0072,57.5739],[39.0073,57.5767],[39.006,57.578],[39.007,57.5797],[39.0085,57.5804],[39.0089,57.5813],[39.0073,57.5818],[39.0071,57.5839],[39.009,57.5854],[39.0116,57.5866],[39.0148,57.5868],[39.0164,57.5885],[39.0165,57.59],[39.0183,57.5912],[39.025,57.5924],[39.0313,57.5919],[39.0416,57.5917],[39.0433,57.586],[39.05,57.5837],[39.0587,57.5836],[39.0604,57.5846],[39.0588,57.5892],[39.0619,57.5889],[39.0963,57.5865],[39.1232,57.5846],[39.1302,57.5841],[39.1305,57.5841],[39.1373,57.5886],[39.1466,57.5947],[39.1925,57.5917],[39.1918,57.5885],[39.1999,57.5901],[39.2056,57.5894],[39.2156,57.5898],[39.2218,57.5904],[39.2267,57.5881],[39.2266,57.587],[39.2283,57.5863],[39.2307,57.5831],[39.2338,57.5851],[39.2352,57.5872],[39.2394,57.5906],[39.2398,57.5961],[39.2459,57.5964],[39.249,57.5946],[39.2527,57.5953],[39.2597,57.5926],[39.2652,57.5928],[39.2649,57.5911],[39.2668,57.5905],[39.271,57.5901],[39.2712,57.5924],[39.2736,57.5944],[39.2671,57.598],[39.2616,57.6019],[39.2612,57.6035],[39.2613,57.6067],[39.2643,57.609],[39.2688,57.6094],[39.2707,57.6093],[39.2743,57.6103],[39.2751,57.6124],[39.274,57.6142],[39.2752,57.6149],[39.2781,57.6164],[39.2783,57.6171],[39.2784,57.6178],[39.2784,57.6181],[39.2737,57.6205],[39.2689,57.6209],[39.2679,57.6196],[39.2605,57.6196],[39.2591,57.6178],[39.259,57.6177],[39.2589,57.6176],[39.2589,57.6175],[39.2582,57.6166],[39.2454,57.6179],[39.242,57.6182],[39.2413,57.6195],[39.2389,57.6196],[39.2384,57.6199],[39.2373,57.6205],[39.2363,57.6212],[39.2348,57.6235],[39.2352,57.6242],[39.2333,57.6258],[39.235,57.6281],[39.2409,57.6328],[39.2435,57.6341],[39.2567,57.6349],[39.259,57.6339],[39.2599,57.6335],[39.2603,57.6343],[39.2609,57.6361],[39.2579,57.638],[39.258,57.6406],[39.2524,57.6418],[39.2477,57.6449],[39.2482,57.6463],[39.2422,57.6495],[39.2406,57.6557],[39.2361,57.6571],[39.2424,57.6635],[39.2445,57.6634],[39.2458,57.6645],[39.2495,57.6643],[39.2504,57.6649],[39.2517,57.6643],[39.2538,57.6628],[39.2572,57.6625],[39.2604,57.6634],[39.2632,57.6631],[39.2654,57.663],[39.2654,57.6672],[39.2658,57.6692],[39.267,57.6711],[39.2693,57.6745],[39.2685,57.6768],[39.2648,57.6775],[39.2615,57.6784],[39.2652,57.6797],[39.2698,57.6784],[39.2712,57.6792],[39.2778,57.6814],[39.2775,57.6817],[39.2818,57.6836],[39.2921,57.6775],[39.2923,57.6765],[39.2942,57.675],[39.2951,57.6705],[39.3055,57.6701],[39.306,57.6681],[39.3052,57.6679],[39.3053,57.6657],[39.3047,57.6654],[39.3049,57.6643],[39.3096,57.664],[39.3113,57.6626],[39.3098,57.6611],[39.309,57.6597],[39.3096,57.6592],[39.3125,57.6586],[39.3162,57.6588],[39.3196,57.6593],[39.3286,57.66],[39.3369,57.6641],[39.3369,57.6663],[39.3502,57.6689],[39.3522,57.6683],[39.3542,57.6684],[39.3562,57.6704],[39.361,57.6722],[39.3608,57.6812],[39.3676,57.6802],[39.3678,57.6851],[39.3707,57.6867],[39.3748,57.6874],[39.3781,57.6887],[39.3864,57.6884],[39.3899,57.6893],[39.394,57.6891],[39.3956,57.6892],[39.3976,57.692],[39.3992,57.6946],[39.4002,57.6965],[39.4047,57.6972],[39.4072,57.7011],[39.4119,57.704],[39.4161,57.7066],[39.4162,57.7081],[39.4123,57.7152],[39.3994,57.717],[39.3976,57.7136],[39.3937,57.7134],[39.3897,57.7135],[39.3891,57.7147],[39.3891,57.7167],[39.3938,57.7206],[39.3948,57.7289],[39.397,57.73],[39.4024,57.7306],[39.404,57.7315],[39.4046,57.7338],[39.403,57.7365],[39.4034,57.7378],[39.4068,57.7412],[39.4109,57.7402],[39.4135,57.7397],[39.417,57.7391],[39.4186,57.7404],[39.4202,57.7414],[39.4205,57.7415],[39.4248,57.7431],[39.4261,57.7466],[39.4288,57.7484],[39.431,57.7499],[39.4331,57.7515],[39.4381,57.7504],[39.4408,57.7506],[39.4417,57.7512],[39.4412,57.7528],[39.4339,57.7595],[39.4354,57.7707],[39.4357,57.7734],[39.4321,57.7757],[39.4321,57.7776],[39.4313,57.7805],[39.4264,57.783],[39.42,57.7846],[39.4172,57.7858],[39.4162,57.787],[39.4113,57.7874],[39.399,57.7935],[39.3925,57.7961],[39.376,57.799],[39.3757,57.7933],[39.3689,57.7933],[39.3574,57.7952],[39.3562,57.7966],[39.3555,57.8019],[39.3554,57.8022],[39.3553,57.8029],[39.3455,57.8042],[39.3417,57.8058],[39.3398,57.8087],[39.3351,57.8077],[39.3217,57.8029],[39.3187,57.8028],[39.3152,57.8043],[39.3115,57.8057],[39.3077,57.8059],[39.2981,57.8069],[39.2887,57.8071],[39.282,57.8076],[39.2826,57.8104],[39.2569,57.8229],[39.2674,57.8255],[39.2597,57.8323],[39.2568,57.8321],[39.2472,57.8305],[39.2433,57.8308],[39.2388,57.8326],[39.235,57.835],[39.2278,57.8396],[39.2292,57.8417],[39.2325,57.844],[39.2374,57.846],[39.2423,57.8474],[39.2445,57.8527],[39.2337,57.8612],[39.2283,57.8611],[39.2222,57.8604],[39.2178,57.8605],[39.2195,57.8643],[39.2154,57.8654],[39.2102,57.8662],[39.2083,57.8673],[39.209,57.8686],[39.2105,57.8705],[39.1867,57.8732],[39.1831,57.8625],[39.1724,57.8613],[39.1719,57.8609],[39.1709,57.8606],[39.1682,57.8602],[39.1675,57.8582],[39.1686,57.8568],[39.1567,57.8567],[39.154,57.8566],[39.1529,57.8565],[39.1524,57.8554],[39.1488,57.856],[39.149,57.8574],[39.1434,57.8584],[39.1396,57.8595],[39.1366,57.8601],[39.1364,57.8604],[39.1358,57.8608],[39.1325,57.8613],[39.1318,57.8613],[39.1307,57.8617],[39.1266,57.8618],[39.1275,57.8646],[39.1289,57.8659],[39.1287,57.8666],[39.1305,57.8681],[39.1317,57.8687],[39.1357,57.8709],[39.137,57.8726],[39.1381,57.8729],[39.1421,57.8745],[39.1399,57.8757],[39.1273,57.8829],[39.1186,57.8869],[39.1164,57.8856],[39.1148,57.8836],[39.1106,57.8831],[39.0962,57.8808],[39.0939,57.8795],[39.0911,57.879],[39.0902,57.878],[39.0813,57.8759],[39.0824,57.8754],[39.0772,57.8756],[39.0714,57.8746],[39.0687,57.8725],[39.0705,57.8721],[39.0719,57.8707],[39.0743,57.8679],[39.0747,57.8666],[39.076,57.8658],[39.0787,57.8635],[39.0768,57.8622],[39.0629,57.8583],[39.062,57.8582],[39.0457,57.8579],[39.045,57.8597],[39.0447,57.8599],[39.0347,57.8601],[39.0351,57.8588],[39.0336,57.8562],[39.0349,57.8545],[39.0351,57.8519],[39.0293,57.852],[39.0169,57.8504],[39.0142,57.8504],[39.0124,57.8506],[39.0117,57.8508],[39.0091,57.8514],[39.0048,57.8521],[39.0025,57.8526],[38.9991,57.8519],[38.9971,57.8507],[38.9941,57.8502],[38.9939,57.848],[38.9901,57.8457],[38.9858,57.8478],[38.9798,57.8498],[38.9766,57.8491],[38.9741,57.8479],[38.965,57.8469],[38.96,57.8477],[38.9566,57.8473],[38.9505,57.8449],[38.9537,57.8443],[38.9536,57.8436],[38.9519,57.8436],[38.9439,57.8438],[38.9493,57.8562],[38.9505,57.8605],[38.9268,57.862],[38.9011,57.8634],[38.9021,57.8651],[38.9012,57.8676],[38.9028,57.8693],[38.902,57.8705],[38.9045,57.8739],[38.9029,57.8751],[38.8953,57.8763],[38.8852,57.8785],[38.8813,57.8778],[38.8776,57.8801],[38.8754,57.8802],[38.8743,57.8793],[38.8711,57.8798],[38.8633,57.881],[38.8475,57.8805],[38.8446,57.8789],[38.8403,57.8796],[38.8401,57.8808],[38.8345,57.8804],[38.8351,57.8795],[38.8254,57.8752],[38.8167,57.8732],[38.7991,57.886],[38.7911,57.8914],[38.7929,57.9015],[38.7899,57.9051],[38.7823,57.9049],[38.7816,57.9063],[38.7836,57.9095],[38.7815,57.9104],[38.7771,57.9103],[38.7731,57.9111],[38.7712,57.9065],[38.769,57.9058],[38.7664,57.903],[38.7642,57.9036],[38.7618,57.9038],[38.7594,57.9042],[38.746,57.9036],[38.746,57.8955],[38.7317,57.896],[38.7236,57.8975],[38.7149,57.8959],[38.7071,57.8982],[38.6943,57.8947],[38.6957,57.8923],[38.6921,57.8901],[38.6879,57.8876],[38.6839,57.8878],[38.682,57.887],[38.6746,57.8841],[38.6765,57.8807],[38.6806,57.8812],[38.68,57.8797],[38.6766,57.879],[38.6754,57.8764],[38.6754,57.8749],[38.6813,57.8768],[38.686,57.8756],[38.6826,57.871],[38.683,57.8685],[38.6868,57.8656],[38.6837,57.8634],[38.686,57.8615],[38.6887,57.8596],[38.6972,57.8545],[38.6971,57.8531],[38.6926,57.8505],[38.6846,57.8483],[38.6792,57.8493],[38.6767,57.8482],[38.6757,57.8442],[38.6674,57.8403],[38.6661,57.8382],[38.6671,57.8378],[38.6674,57.8374],[38.6683,57.8368],[38.6688,57.8368],[38.669,57.8357],[38.6701,57.8357],[38.6705,57.8353],[38.6712,57.8353],[38.6737,57.8259],[38.6457,57.8136],[38.6426,57.8122],[38.6402,57.8111],[38.6378,57.81],[38.6284,57.8054],[38.6106,57.7969],[38.6057,57.7943],[38.6171,57.7874],[38.629,57.7804],[38.6082,57.7698],[38.6053,57.7686],[38.5979,57.766],[38.5853,57.7598],[38.562,57.7487]]],[[[38.8194,57.5197],[38.8201,57.5193],[38.8212,57.5183],[38.822,57.5174],[38.8234,57.517],[38.8251,57.516],[38.8253,57.5152],[38.8249,57.5135],[38.8246,57.5122],[38.8248,57.5113],[38.8252,57.5107],[38.8258,57.5103],[38.8289,57.5089],[38.8366,57.506],[38.8387,57.5055],[38.8418,57.5052],[38.8477,57.5049],[38.8502,57.5042],[38.8513,57.5041],[38.8547,57.5044],[38.8553,57.5047],[38.8539,57.5062],[38.8535,57.51],[38.8526,57.5109],[38.8499,57.5189],[38.8502,57.5205],[38.8556,57.5189],[38.8575,57.5167],[38.8594,57.5171],[38.8659,57.5122],[38.87,57.5112],[38.8733,57.5054],[38.8728,57.5032],[38.8836,57.5029],[38.8964,57.5039],[38.9005,57.5048],[38.9045,57.507],[38.9009,57.51],[38.8996,57.5119],[38.8916,57.5126],[38.8911,57.5159],[38.8894,57.5171],[38.8887,57.5183],[38.8841,57.5202],[38.8814,57.5184],[38.8772,57.5169],[38.8716,57.5228],[38.8714,57.5244],[38.8702,57.5254],[38.8655,57.5241],[38.8645,57.5228],[38.868,57.5198],[38.8664,57.5193],[38.8659,57.5178],[38.8626,57.517],[38.8583,57.5204],[38.856,57.5233],[38.8432,57.5268],[38.8416,57.5269],[38.8396,57.5268],[38.8385,57.5276],[38.8368,57.5263],[38.8354,57.5258],[38.8324,57.5271],[38.8306,57.5266],[38.83,57.5272],[38.8294,57.5271],[38.8296,57.5267],[38.829,57.5262],[38.8284,57.5258],[38.8281,57.5259],[38.8276,57.5266],[38.8273,57.5264],[38.8274,57.5259],[38.8265,57.526],[38.8262,57.5256],[38.8262,57.5248],[38.8245,57.5242],[38.8237,57.5242],[38.8236,57.5238],[38.8225,57.5233],[38.8222,57.5225],[38.8215,57.5221],[38.821,57.5215],[38.8202,57.5216],[38.8203,57.521],[38.82,57.5207],[38.8196,57.5202],[38.8194,57.5197]]]]}},{"type":"Feature","properties":{"district":"Борисоглебский район"},"geometry":{"type":"Polygon","coordinates":[[[38.5951,57.1477],[38.5971,57.14],[38.5964,57.1366],[38.5974,57.1353],[38.5967,57.134],[38.5969,57.129],[38.5999,57.1294],[38.6015,57.1198],[38.6045,57.1195],[38.6078,57.1207],[38.6069,57.1283],[38.6164,57.1283],[38.6171,57.1252],[38.6202,57.1233],[38.6266,57.1238],[38.6264,57.1199],[38.6189,57.1188],[38.6171,57.1153],[38.6164,57.1066],[38.6328,57.1072],[38.6361,57.1095],[38.6422,57.1071],[38.6448,57.1065],[38.6629,57.1088],[38.6706,57.1045],[38.6787,57.1045],[38.6865,57.0997],[38.6834,57.0948],[38.6882,57.0953],[38.6926,57.097],[38.6993,57.0921],[38.6993,57.0869],[38.6944,57.082],[38.6963,57.0796],[38.7003,57.0798],[38.6999,57.0786],[38.7131,57.0785],[38.7133,57.0765],[38.7108,57.075],[38.7153,57.0737],[38.7198,57.073],[38.7173,57.0712],[38.719,57.0687],[38.7218,57.0673],[38.7274,57.0667],[38.7416,57.0663],[38.7416,57.0645],[38.747,57.0624],[38.7459,57.0598],[38.7446,57.0587],[38.7476,57.0553],[38.7571,57.0548],[38.7571,57.0581],[38.7846,57.0645],[38.7872,57.0603],[38.7872,57.0577],[38.797,57.0619],[38.802,57.0703],[38.8091,57.0674],[38.8147,57.0685],[38.8138,57.0708],[38.8088,57.0741],[38.8165,57.0783],[38.8165,57.0825],[38.8106,57.0847],[38.8067,57.0883],[38.8088,57.0916],[38.8147,57.0883],[38.8171,57.0924],[38.8336,57.0974],[38.8422,57.095],[38.846,57.0963],[38.8558,57.0931],[38.8579,57.088],[38.8721,57.0865],[38.8738,57.0851],[38.8815,57.0875],[38.891,57.0881],[38.8957,57.0871],[38.8963,57.0836],[38.8942,57.0796],[38.9004,57.0777],[38.9087,57.0765],[38.9099,57.0737],[38.9155,57.074],[38.9182,57.0712],[38.9217,57.0683],[38.9247,57.0661],[38.935,57.0675],[38.938,57.0632],[38.9534,57.0632],[38.9649,57.0622],[38.9664,57.0561],[38.9782,57.056],[38.9815,57.0618],[38.9817,57.0679],[38.9741,57.0672],[38.9764,57.0717],[38.9844,57.0733],[38.9847,57.079],[38.9841,57.083],[38.9927,57.1194],[39.0066,57.1193],[39.0172,57.1178],[39.0285,57.1188],[39.0326,57.1257],[39.042,57.1286],[39.0432,57.1345],[39.0418,57.1393],[39.0361,57.1481],[39.0308,57.1555],[39.0252,57.1595],[39.0359,57.1602],[39.0589,57.1579],[39.071,57.1629],[39.0793,57.1626],[39.0888,57.1605],[39.0897,57.1581],[39.0888,57.156],[39.1204,57.1533],[39.1192,57.1579],[39.1257,57.1581],[39.1381,57.1624],[39.1412,57.1675],[39.1547,57.1688],[39.1553,57.1722],[39.1662,57.1767],[39.1748,57.1775],[39.1834,57.1783],[39.1798,57.1812],[39.1801,57.1882],[39.1822,57.1943],[39.1887,57.1941],[39.1884,57.2042],[39.1818,57.2042],[39.181,57.2042],[39.188,57.2099],[39.1901,57.2101],[39.193,57.2135],[39.1923,57.2141],[39.2005,57.2204],[39.2132,57.2281],[39.2215,57.2254],[39.2277,57.2286],[39.2316,57.2313],[39.2278,57.232],[39.227,57.2328],[39.2176,57.2382],[39.2085,57.2421],[39.2106,57.2473],[39.2196,57.2476],[39.2245,57.2491],[39.2333,57.2434],[39.2395,57.2397],[39.2413,57.2389],[39.2478,57.2391],[39.2542,57.2389],[39.2547,57.2354],[39.2595,57.2351],[39.2718,57.2392],[39.2744,57.2412],[39.2685,57.2447],[39.2738,57.2484],[39.273,57.2532],[39.2608,57.2558],[39.2558,57.2562],[39.2473,57.2535],[39.243,57.2577],[39.2731,57.2738],[39.2677,57.2793],[39.283,57.2834],[39.2898,57.2786],[39.2937,57.2797],[39.288,57.2847],[39.2747,57.2884],[39.2744,57.2951],[39.2806,57.2975],[39.275,57.3002],[39.275,57.3029],[39.2818,57.3048],[39.2857,57.3064],[39.2857,57.311],[39.2872,57.3146],[39.2872,57.3187],[39.2969,57.323],[39.301,57.3269],[39.3076,57.3269],[39.3155,57.3235],[39.3262,57.3267],[39.3303,57.3274],[39.3327,57.3295],[39.3388,57.3323],[39.3464,57.336],[39.35,57.3347],[39.3525,57.3398],[39.3571,57.3391],[39.3612,57.3391],[39.3658,57.3394],[39.3691,57.339],[39.3687,57.3346],[39.3755,57.3323],[39.3793,57.332],[39.3776,57.3345],[39.3728,57.3442],[39.3779,57.3465],[39.3736,57.3504],[39.3704,57.3504],[39.3639,57.3487],[39.3588,57.3501],[39.362,57.3572],[39.3534,57.3631],[39.3525,57.3659],[39.3578,57.3693],[39.3522,57.3723],[39.3478,57.3757],[39.3522,57.3819],[39.3478,57.386],[39.3539,57.3989],[39.3564,57.4001],[39.354,57.4029],[39.3536,57.4059],[39.3603,57.4066],[39.3662,57.4104],[39.3689,57.414],[39.3678,57.4159],[39.3648,57.4154],[39.3586,57.4142],[39.3506,57.4127],[39.3464,57.4145],[39.3421,57.4158],[39.3383,57.4165],[39.3361,57.4181],[39.3356,57.4196],[39.3356,57.4223],[39.3325,57.4234],[39.3322,57.4244],[39.3321,57.4247],[39.3327,57.4261],[39.333,57.4277],[39.3341,57.4277],[39.334,57.4303],[39.3346,57.4311],[39.335,57.432],[39.3357,57.4342],[39.3372,57.4342],[39.3392,57.4338],[39.3422,57.4319],[39.3442,57.4316],[39.3459,57.4319],[39.3474,57.4326],[39.3473,57.4359],[39.3482,57.4381],[39.3482,57.4401],[39.3462,57.4422],[39.3431,57.4422],[39.3388,57.4442],[39.3395,57.4462],[39.3406,57.4482],[39.3385,57.4484],[39.3364,57.4488],[39.3363,57.4522],[39.3382,57.4521],[39.3443,57.4509],[39.352,57.4511],[39.3557,57.452],[39.3581,57.4527],[39.3593,57.4538],[39.3593,57.4549],[39.3588,57.4559],[39.3576,57.4565],[39.3594,57.4689],[39.3591,57.4697],[39.3494,57.481],[39.3488,57.4827],[39.3424,57.4812],[39.3367,57.4832],[39.3317,57.4857],[39.3309,57.4856],[39.3263,57.485],[39.3203,57.491],[39.316,57.4887],[39.301,57.4878],[39.3008,57.4857],[39.256,57.4881],[39.2572,57.4897],[39.2555,57.4915],[39.2519,57.4939],[39.2543,57.511],[39.2569,57.5106],[39.2611,57.5114],[39.2625,57.5124],[39.2659,57.5137],[39.2659,57.5162],[39.2671,57.5193],[39.2694,57.5209],[39.2711,57.5249],[39.2689,57.5261],[39.2723,57.5293],[39.2756,57.5326],[39.2658,57.5333],[39.2631,57.5315],[39.2619,57.5317],[39.2602,57.5328],[39.2536,57.533],[39.2532,57.5295],[39.2296,57.5307],[39.2355,57.5579],[39.2369,57.5677],[39.2336,57.5686],[39.2313,57.576],[39.2263,57.579],[39.2238,57.5816],[39.2307,57.5831],[39.2283,57.5863],[39.2266,57.587],[39.2267,57.5881],[39.2218,57.5904],[39.2156,57.5898],[39.2056,57.5894],[39.1999,57.5901],[39.1918,57.5885],[39.1925,57.5917],[39.1466,57.5947],[39.1373,57.5886],[39.1305,57.5841],[39.1302,57.5841],[39.1232,57.5846],[39.0963,57.5865],[39.0619,57.5889],[39.0588,57.5892],[39.0604,57.5846],[39.0587,57.5836],[39.05,57.5837],[39.0433,57.586],[39.0416,57.5917],[39.0313,57.5919],[39.025,57.5924],[39.0183,57.5912],[39.0165,57.59],[39.0164,57.5885],[39.0148,57.5868],[39.0116,57.5866],[39.009,57.5854],[39.0071,57.5839],[39.0073,57.5818],[39.0089,57.5813],[39.0085,57.5804],[39.007,57.5797],[39.006,57.578],[39.0073,57.5767],[39.0072,57.5739],[39.0051,57.5721],[38.9981,57.5692],[38.996,57.5675],[38.9936,57.5664],[38.9906,57.5664],[38.9875,57.5667],[38.9858,57.5675],[38.9849,57.5674],[38.9867,57.565],[38.9829,57.5647],[38.9788,57.5657],[38.9799,57.5641],[38.9795,57.5629],[38.9803,57.561],[38.9795,57.5593],[38.9805,57.5586],[38.9805,57.5568],[38.9792,57.5553],[38.9788,57.5532],[38.9777,57.5524],[38.9757,57.5513],[38.9732,57.5503],[38.9722,57.5489],[38.9713,57.5481],[38.9673,57.5485],[38.9638,57.5504],[38.9622,57.5507],[38.9554,57.5498],[38.9555,57.5529],[38.9463,57.5519],[38.948,57.5503],[38.9483,57.5477],[38.9461,57.5473],[38.9422,57.5474],[38.9389,57.5468],[38.9365,57.5458],[38.9307,57.5451],[38.9256,57.5451],[38.9263,57.5428],[38.9187,57.5424],[38.9088,57.5395],[38.9045,57.5358],[38.9021,57.5324],[38.9041,57.5299],[38.8973,57.5294],[38.8952,57.5281],[38.8901,57.5274],[38.8879,57.5243],[38.8838,57.5228],[38.8806,57.5242],[38.8834,57.5267],[38.8804,57.5283],[38.8741,57.5305],[38.8642,57.5273],[38.8613,57.526],[38.8639,57.5252],[38.8655,57.5241],[38.8702,57.5254],[38.8714,57.5244],[38.8716,57.5228],[38.8772,57.5169],[38.8814,57.5184],[38.8841,57.5202],[38.8887,57.5183],[38.8894,57.5171],[38.8911,57.5159],[38.8916,57.5126],[38.8996,57.5119],[38.9009,57.51],[38.9045,57.507],[38.9005,57.5048],[38.8964,57.5039],[38.8836,57.5029],[38.8728,57.5032],[38.8733,57.5054],[38.87,57.5112],[38.8659,57.5122],[38.8594,57.5171],[38.8575,57.5167],[38.8556,57.5189],[38.8502,57.5205],[38.8499,57.5189],[38.8526,57.5109],[38.8535,57.51],[38.8539,57.5062],[38.8553,57.5047],[38.8547,57.5044],[38.8513,57.5041],[38.8502,57.5042],[38.8477,57.5049],[38.8418,57.5052],[38.8387,57.5055],[38.8366,57.506],[38.8289,57.5089],[38.8258,57.5103],[38.8252,57.5107],[38.8248,57.5113],[38.8246,57.5122],[38.8249,57.5135],[38.8253,57.5152],[38.8251,57.516],[38.8234,57.517],[38.822,57.5174],[38.8197,57.5157],[38.8185,57.5139],[38.817,57.5138],[38.8168,57.513],[38.8184,57.5125],[38.8161,57.5107],[38.8152,57.5101],[38.814,57.5099],[38.8103,57.5161],[38.7925,57.5095],[38.8023,57.5047],[38.8073,57.5046],[38.8076,57.5032],[38.806,57.5027],[38.8055,57.502],[38.8042,57.5024],[38.803,57.5014],[38.8035,57.5008],[38.8059,57.4929],[38.8023,57.4859],[38.7971,57.4812],[38.7827,57.4855],[38.7809,57.4847],[38.7812,57.4822],[38.7965,57.4776],[38.8041,57.4732],[38.809,57.4699],[38.8064,57.4672],[38.7978,57.4649],[38.7967,57.4604],[38.7903,57.4604],[38.7877,57.4557],[38.7836,57.4524],[38.7954,57.4521],[38.7963,57.4532],[38.8082,57.4532],[38.8109,57.4526],[38.8147,57.4495],[38.8179,57.4495],[38.82,57.4504],[38.8229,57.45],[38.8198,57.4472],[38.8191,57.4458],[38.8179,57.4437],[38.8154,57.4407],[38.8042,57.4439],[38.8013,57.4443],[38.7973,57.4464],[38.7708,57.4498],[38.7654,57.4447],[38.7579,57.4428],[38.7553,57.4418],[38.7506,57.4411],[38.7429,57.4416],[38.7347,57.4405],[38.7316,57.4431],[38.728,57.4446],[38.722,57.4431],[38.7119,57.4427],[38.7055,57.4143],[38.705,57.4124],[38.7008,57.4125],[38.6968,57.4102],[38.6921,57.4092],[38.6859,57.4093],[38.6895,57.4051],[38.6884,57.403],[38.6893,57.4014],[38.687,57.397],[38.6851,57.3966],[38.6881,57.3924],[38.6983,57.392],[38.7167,57.3883],[38.7136,57.3772],[38.7174,57.3724],[38.7189,57.3669],[38.7134,57.3645],[38.7089,57.3587],[38.7162,57.3546],[38.7185,57.3542],[38.7188,57.3527],[38.7225,57.3522],[38.7263,57.3549],[38.7263,57.3568],[38.7369,57.3546],[38.7426,57.3526],[38.7486,57.3565],[38.7553,57.3519],[38.7614,57.3524],[38.7607,57.3491],[38.7593,57.3466],[38.7624,57.3474],[38.7649,57.3499],[38.7674,57.3499],[38.7667,57.3482],[38.767,57.3478],[38.7669,57.347],[38.7678,57.3466],[38.7678,57.3457],[38.7672,57.3447],[38.768,57.3429],[38.7701,57.3384],[38.7667,57.3378],[38.7609,57.3311],[38.76,57.33],[38.755,57.3262],[38.7534,57.3257],[38.7527,57.3228],[38.7512,57.3222],[38.7506,57.3182],[38.7495,57.3168],[38.7454,57.3152],[38.7421,57.311],[38.7397,57.3097],[38.7364,57.3084],[38.7336,57.3083],[38.7302,57.3067],[38.7282,57.3071],[38.7273,57.3082],[38.7245,57.3083],[38.7231,57.3076],[38.7219,57.3077],[38.7207,57.3076],[38.7168,57.3079],[38.716,57.307],[38.7132,57.3068],[38.7104,57.3075],[38.7106,57.3081],[38.7033,57.3096],[38.6997,57.3121],[38.6987,57.3123],[38.6972,57.3121],[38.6944,57.3096],[38.6967,57.3064],[38.6989,57.3065],[38.6995,57.3057],[38.6982,57.3043],[38.6974,57.3027],[38.6973,57.3018],[38.6991,57.3014],[38.6994,57.3012],[38.6993,57.3008],[38.6978,57.3003],[38.6957,57.2986],[38.6964,57.298],[38.6925,57.297],[38.6918,57.2954],[38.6932,57.2945],[38.6958,57.2937],[38.6948,57.2916],[38.6927,57.2913],[38.6927,57.2881],[38.6943,57.2877],[38.6943,57.2844],[38.6936,57.2811],[38.6913,57.2802],[38.6893,57.2803],[38.6857,57.2808],[38.6794,57.28],[38.6784,57.2813],[38.6709,57.2846],[38.6639,57.2822],[38.6582,57.2829],[38.6547,57.2825],[38.6526,57.2833],[38.6492,57.2792],[38.6448,57.2718],[38.6437,57.2707],[38.6466,57.2699],[38.6514,57.2697],[38.6572,57.2685],[38.6589,57.2685],[38.6578,57.2663],[38.6614,57.2664],[38.6627,57.265],[38.6588,57.2642],[38.6565,57.2636],[38.6539,57.2641],[38.6521,57.2634],[38.651,57.2634],[38.6488,57.2631],[38.6483,57.2628],[38.6462,57.2625],[38.6424,57.2646],[38.642,57.2664],[38.637,57.2651],[38.6411,57.2614],[38.6408,57.2598],[38.6397,57.2582],[38.6389,57.2563],[38.6375,57.2545],[38.6418,57.252],[38.6387,57.2494],[38.6346,57.2489],[38.6337,57.2455],[38.6327,57.2444],[38.6334,57.2419],[38.6348,57.2409],[38.6348,57.2384],[38.6343,57.2371],[38.6332,57.236],[38.6366,57.2353],[38.6374,57.2366],[38.6412,57.237],[38.6425,57.2341],[38.6408,57.2325],[38.6342,57.231],[38.633,57.2304],[38.6304,57.2297],[38.629,57.2298],[38.6255,57.2293],[38.6229,57.2288],[38.6221,57.2293],[38.6218,57.231],[38.6197,57.2309],[38.6198,57.2295],[38.6155,57.2304],[38.6149,57.2292],[38.6155,57.2261],[38.6159,57.2254],[38.6164,57.2233],[38.6176,57.2234],[38.6189,57.2241],[38.6227,57.2236],[38.6241,57.2233],[38.6234,57.222],[38.6234,57.2211],[38.6243,57.2197],[38.6275,57.2188],[38.628,57.2181],[38.6267,57.2177],[38.6273,57.2173],[38.6287,57.2172],[38.6281,57.2153],[38.6267,57.2153],[38.6262,57.2148],[38.626,57.2133],[38.6172,57.2085],[38.6163,57.2071],[38.6228,57.2043],[38.6289,57.2061],[38.6317,57.2053],[38.6211,57.199],[38.6176,57.1991],[38.6124,57.2016],[38.6109,57.1935],[38.6109,57.1877],[38.6125,57.1868],[38.616,57.1876],[38.6162,57.1821],[38.6193,57.1815],[38.6227,57.1834],[38.6234,57.1834],[38.6261,57.1819],[38.6285,57.1811],[38.6307,57.1801],[38.6336,57.179],[38.6415,57.1711],[38.6444,57.1677],[38.6434,57.1666],[38.6489,57.1665],[38.6547,57.1655],[38.6578,57.1641],[38.6543,57.1621],[38.6573,57.1595],[38.6546,57.158],[38.6524,57.1555],[38.6469,57.1526],[38.6454,57.1507],[38.6533,57.147],[38.6493,57.1444],[38.6461,57.1438],[38.6428,57.1435],[38.6413,57.1491],[38.6391,57.1486],[38.6371,57.1477],[38.6363,57.147],[38.6326,57.1451],[38.6307,57.1467],[38.6309,57.1473],[38.6298,57.1479],[38.6294,57.1488],[38.6285,57.1489],[38.6243,57.152],[38.6234,57.1519],[38.6213,57.1562],[38.6217,57.1567],[38.6224,57.1565],[38.6273,57.1583],[38.6253,57.1601],[38.624,57.162],[38.6247,57.162],[38.6196,57.1669],[38.6183,57.1682],[38.6168,57.1677],[38.6135,57.1673],[38.6075,57.1673],[38.6005,57.1625],[38.5967,57.1605],[38.5951,57.1477]]]}},{"type":"Feature","properties":{"district":"Брейтовский район"},"geometry":{"type":"Polygon","coordinates":[[[37.3279,58.2366],[37.335,58.2252],[37.3757,58.234],[37.3867,58.2287],[37.3886,58.2229],[37.3789,58.2175],[37.3852,58.2143],[37.382,58.2066],[37.3843,58.2028],[37.3938,58.2069],[37.4054,58.2058],[37.4136,58.2035],[37.4186,58.1965],[37.4242,58.1961],[37.4269,58.1939],[37.4306,58.1931],[37.4376,58.1878],[37.452,58.1866],[37.4575,58.1854],[37.4767,58.1795],[37.4856,58.1832],[37.4887,58.1857],[37.493,58.1859],[37.4995,58.1879],[37.5052,58.1888],[37.5053,58.1845],[37.5069,58.1837],[37.5077,58.1819],[37.5085,58.1802],[37.5109,58.1791],[37.513,58.1775],[37.5172,58.1772],[37.5218,58.1742],[37.5286,58.1691],[37.5302,58.1673],[37.5394,58.1662],[37.5416,58.1683],[37.553,58.1684],[37.556,58.1664],[37.5647,58.1643],[37.5761,58.1622],[37.5828,58.1619],[37.5813,58.1575],[37.5818,58.1545],[37.588,58.1561],[37.5888,58.1557],[37.5886,58.1538],[37.5855,58.1527],[37.5819,58.1516],[37.5825,58.1479],[37.5839,58.1463],[37.5809,58.1426],[37.5809,58.1408],[37.5826,58.1382],[37.5834,58.1362],[37.615,58.1338],[37.6124,58.1193],[37.6263,58.1135],[37.6346,58.116],[37.6489,58.1094],[37.6438,58.1059],[37.6705,58.0952],[37.6701,58.0923],[37.6714,58.0905],[37.6763,58.0902],[37.6769,58.0886],[37.6807,58.0881],[37.6897,58.0857],[37.6935,58.0922],[37.6988,58.0931],[37.7065,58.0975],[37.7158,58.0905],[37.7164,58.0935],[37.7236,58.0927],[37.7247,58.0894],[37.7284,58.0904],[37.7293,58.0889],[37.7317,58.088],[37.7441,58.09],[37.7462,58.0838],[37.7501,58.0836],[37.7528,58.0783],[37.757,58.0745],[37.7618,58.0754],[37.7649,58.0761],[37.7625,58.0786],[37.7564,58.0807],[37.757,58.084],[37.7643,58.0853],[37.7731,58.0862],[37.7844,58.0981],[37.7596,58.0924],[37.7659,58.1096],[37.7857,58.1075],[37.792,58.1074],[37.8096,58.1102],[37.8192,58.1129],[37.828,58.1161],[37.837,58.1144],[37.84,58.1139],[37.8469,58.1146],[37.8506,58.1152],[37.8546,58.1154],[37.8612,58.1159],[37.8617,58.1138],[37.8632,58.1134],[37.8678,58.1129],[37.87,58.1131],[37.8745,58.1126],[37.879,58.1122],[37.8809,58.1114],[37.8836,58.1109],[37.887,58.1094],[37.8898,58.1077],[37.8931,58.1073],[37.8958,58.1078],[37.8982,58.1091],[37.9038,58.1099],[37.9053,58.11],[37.9075,58.1079],[37.9079,58.1058],[37.913,58.1021],[37.9136,58.0997],[37.9196,58.0982],[37.9271,58.0973],[37.9274,58.0986],[37.9341,58.0995],[37.9434,58.0982],[37.9497,58.0982],[37.9557,58.1026],[37.959,58.1034],[37.9592,58.1043],[37.9624,58.103],[37.9632,58.104],[37.9591,58.1058],[37.9649,58.1088],[37.9622,58.1122],[37.9671,58.1114],[37.9731,58.1133],[37.9771,58.1121],[37.9788,58.1136],[37.977,58.1145],[37.9763,58.1164],[37.9743,58.1184],[37.9708,58.1187],[37.969,58.1212],[37.9687,58.1268],[37.9701,58.1291],[37.9821,58.1252],[37.9833,58.126],[37.9825,58.1271],[37.9908,58.1302],[37.9923,58.1302],[37.9913,58.1339],[37.987,58.1342],[37.9886,58.1381],[37.993,58.1399],[37.9965,58.1425],[37.9862,58.1487],[37.9792,58.1489],[37.9791,58.156],[37.9891,58.1522],[37.9943,58.1554],[37.9953,58.1573],[38.0015,58.1565],[38.0037,58.1542],[38.0026,58.1525],[38.0046,58.1521],[38.0078,58.1521],[38.0093,58.1538],[38.0104,58.1556],[38.0101,58.157],[38.014,58.1587],[38.0165,58.1574],[38.0238,58.1598],[38.024,58.1626],[38.0299,58.1645],[38.0343,58.1633],[38.0358,58.1617],[38.0401,58.1624],[38.0415,58.1613],[38.0482,58.1613],[38.0561,58.165],[38.0619,58.1671],[38.066,58.1692],[38.075,58.1713],[38.0799,58.1737],[38.0868,58.173],[38.0875,58.1736],[38.091,58.1739],[38.0911,58.1758],[38.1055,58.1767],[38.1108,58.1739],[38.1108,58.1719],[38.1085,58.1697],[38.1091,58.1675],[38.1119,58.1659],[38.1123,58.1642],[38.112,58.1636],[38.1138,58.1629],[38.1114,58.1625],[38.1121,58.1614],[38.1143,58.1616],[38.1126,58.1599],[38.1244,58.1538],[38.124,58.1501],[38.1272,58.1493],[38.128,58.1506],[38.1323,58.1518],[38.1333,58.1542],[38.1362,58.1563],[38.1411,58.1562],[38.1423,58.1593],[38.1385,58.1611],[38.14,58.1643],[38.1483,58.1678],[38.1485,58.1703],[38.1445,58.1704],[38.1465,58.1729],[38.142,58.1746],[38.1395,58.1736],[38.1359,58.1744],[38.1383,58.1779],[38.1419,58.1776],[38.1456,58.1767],[38.1484,58.179],[38.1508,58.1788],[38.1547,58.1778],[38.1599,58.1809],[38.1603,58.1838],[38.1703,58.1782],[38.1789,58.1807],[38.175,58.1823],[38.1733,58.1866],[38.1739,58.1892],[38.1756,58.1905],[38.1778,58.191],[38.1805,58.1911],[38.1819,58.1984],[38.1969,58.1995],[38.2087,58.1949],[38.2083,58.1921],[38.2079,58.1898],[38.2092,58.1864],[38.208,58.1833],[38.2139,58.1808],[38.2119,58.1771],[38.213,58.1748],[38.2168,58.1724],[38.2231,58.1734],[38.2275,58.1777],[38.2318,58.179],[38.231,58.1806],[38.2339,58.1807],[38.2363,58.183],[38.2382,58.1897],[38.2369,58.193],[38.234,58.1961],[38.229,58.1987],[38.2329,58.2011],[38.2403,58.2023],[38.2452,58.2002],[38.2511,58.2042],[38.2511,58.2078],[38.259,58.2093],[38.257,58.2114],[38.2631,58.2127],[38.2637,58.212],[38.269,58.2119],[38.2713,58.2122],[38.2705,58.2168],[38.268,58.2185],[38.2572,58.2256],[38.2542,58.2317],[38.2406,58.2591],[38.1995,58.3415],[38.1746,58.3915],[38.1241,58.4903],[38.1436,58.6065],[38.1152,58.645],[38.097,58.6652],[38.0446,58.7234],[38.0184,58.7137],[37.9961,58.7102],[37.9895,58.7086],[37.9835,58.7071],[37.9961,58.697],[37.9997,58.6964],[38.023,58.6894],[38.0142,58.6827],[37.9977,58.6823],[37.9856,58.682],[37.9771,58.6799],[37.9598,58.68],[37.9548,58.6775],[37.9566,58.6666],[37.9657,58.6658],[37.9666,58.6631],[37.9604,58.6606],[37.9538,58.6585],[37.9453,58.6574],[37.9399,58.6527],[37.9274,58.6475],[37.9272,58.644],[37.9266,58.6338],[37.9199,58.6339],[37.8984,58.6152],[37.8984,58.6129],[37.8968,58.6113],[37.8923,58.6106],[37.8876,58.6115],[37.874,58.6087],[37.8656,58.6106],[37.8333,58.6305],[37.8082,58.6279],[37.7647,58.6232],[37.747,58.6284],[37.7237,58.6291],[37.7171,58.626],[37.7121,58.6257],[37.7084,58.6137],[37.7111,58.6089],[37.706,58.595],[37.6975,58.5714],[37.7026,58.5675],[37.7082,58.5657],[37.7203,58.5619],[37.7164,58.5546],[37.6943,58.5233],[37.6788,58.5124],[37.6624,58.501],[37.6519,58.4906],[37.6407,58.4848],[37.628,58.4831],[37.6477,58.466],[37.6651,58.4508],[37.6526,58.4496],[37.6485,58.4526],[37.6406,58.4555],[37.6357,58.4556],[37.63,58.4547],[37.6291,58.4509],[37.6261,58.4451],[37.626,58.4406],[37.6288,58.4364],[37.635,58.4327],[37.6382,58.4304],[37.6376,58.4272],[37.6295,58.4255],[37.6279,58.4224],[37.6242,58.4205],[37.6122,58.4208],[37.6068,58.4233],[37.5981,58.4223],[37.5924,58.423],[37.5879,58.4201],[37.5829,58.4206],[37.5752,58.4166],[37.5732,58.4165],[37.5721,58.4141],[37.5642,58.4124],[37.5605,58.4093],[37.5497,58.4095],[37.5437,58.4154],[37.541,58.4158],[37.5399,58.4142],[37.5426,58.4111],[37.5422,58.4084],[37.5404,58.4039],[37.5362,58.4006],[37.534,58.3952],[37.5356,58.393],[37.536,58.3909],[37.533,58.3877],[37.5283,58.3872],[37.5265,58.3829],[37.5086,58.3808],[37.5081,58.3834],[37.498,58.3875],[37.4929,58.3923],[37.4813,58.3917],[37.479,58.3985],[37.4802,58.4004],[37.4769,58.4017],[37.4573,58.393],[37.4466,58.3957],[37.438,58.3976],[37.4336,58.3965],[37.4306,58.3969],[37.4279,58.3942],[37.4181,58.3907],[37.4273,58.3858],[37.4273,58.382],[37.4333,58.3809],[37.4316,58.3772],[37.4247,58.3758],[37.4245,58.3739],[37.4274,58.3717],[37.4146,58.3678],[37.4143,58.3615],[37.4113,58.357],[37.4021,58.3571],[37.3954,58.362],[37.3817,58.3624],[37.3755,58.3553],[37.375,58.353],[37.3766,58.3489],[37.3766,58.3472],[37.37,58.3466],[37.3684,58.3474],[37.3668,58.3468],[37.3672,58.3451],[37.3674,58.3436],[37.3656,58.3419],[37.3664,58.3413],[37.3686,58.3384],[37.3735,58.3361],[37.3799,58.3346],[37.3835,58.3329],[37.3839,58.3321],[37.386,58.3286],[37.3898,58.3286],[37.3925,58.3258],[37.3929,58.3232],[37.3908,58.32],[37.3922,58.3166],[37.3918,58.3153],[37.3925,58.3136],[37.4013,58.3124],[37.4038,58.3098],[37.418,58.3134],[37.4201,58.3108],[37.4181,58.3081],[37.4212,58.3061],[37.4314,58.3054],[37.4301,58.302],[37.4331,58.298],[37.4343,58.2935],[37.4268,58.2924],[37.4322,58.2853],[37.4324,58.2785],[37.4351,58.276],[37.4012,58.2704],[37.3709,58.2684],[37.3859,58.2505],[37.365,58.2504],[37.3656,58.2462],[37.3692,58.2416],[37.3388,58.2365],[37.3279,58.2366]]]}},{"type":"Feature","properties":{"district":"Гаврилов-Ямский район"},"geometry":{"type":"Polygon","coordinates":[[[39.3321,57.4247],[39.3322,57.4244],[39.3325,57.4234],[39.3356,57.4223],[39.3356,57.4196],[39.3361,57.4181],[39.3383,57.4165],[39.3421,57.4158],[39.3464,57.4145],[39.3506,57.4127],[39.3586,57.4142],[39.3648,57.4154],[39.3678,57.4159],[39.3689,57.414],[39.3662,57.4104],[39.3767,57.412],[39.3838,57.4062],[39.3921,57.3982],[39.3915,57.3961],[39.3955,57.3943],[39.3987,57.3986],[39.4023,57.3999],[39.4021,57.4011],[39.4169,57.4053],[39.4187,57.4027],[39.4335,57.4026],[39.4388,57.3975],[39.4501,57.3927],[39.4571,57.3908],[39.4693,57.3976],[39.49,57.3908],[39.5021,57.3992],[39.5065,57.4012],[39.5083,57.404],[39.5222,57.4018],[39.5289,57.3912],[39.526,57.3872],[39.5285,57.3863],[39.5308,57.3851],[39.5347,57.3843],[39.535,57.3837],[39.5371,57.3834],[39.5377,57.3838],[39.5389,57.3837],[39.5384,57.3824],[39.536,57.381],[39.5334,57.3798],[39.5313,57.3771],[39.5358,57.3772],[39.5393,57.3771],[39.5373,57.3737],[39.5347,57.3729],[39.5309,57.373],[39.5276,57.3703],[39.527,57.3694],[39.5286,57.3659],[39.5311,57.3606],[39.5312,57.359],[39.5305,57.3561],[39.528,57.3521],[39.5403,57.3487],[39.5493,57.3431],[39.5493,57.3423],[39.5939,57.3383],[39.595,57.3416],[39.5982,57.3462],[39.6008,57.3481],[39.6057,57.3495],[39.6105,57.3498],[39.6192,57.35],[39.6184,57.3474],[39.6309,57.3444],[39.6312,57.3465],[39.6401,57.3466],[39.6555,57.3473],[39.6603,57.3456],[39.6625,57.3423],[39.6611,57.337],[39.672,57.3317],[39.6694,57.3249],[39.681,57.3245],[39.6869,57.3233],[39.6845,57.3209],[39.691,57.3117],[39.6934,57.3064],[39.6948,57.2999],[39.6895,57.2941],[39.6984,57.2908],[39.7005,57.2863],[39.709,57.2869],[39.6981,57.2738],[39.6913,57.2738],[39.6913,57.2681],[39.6892,57.2681],[39.6815,57.2681],[39.6807,57.2699],[39.6795,57.2722],[39.6691,57.273],[39.6679,57.269],[39.6695,57.2678],[39.6718,57.266],[39.6656,57.2626],[39.6638,57.259],[39.6795,57.2588],[39.6753,57.2468],[39.6801,57.2391],[39.7161,57.2324],[39.7371,57.231],[39.7384,57.2291],[39.7419,57.2241],[39.741,57.2177],[39.7383,57.2142],[39.7475,57.2074],[39.7862,57.2033],[39.7883,57.198],[39.7788,57.1924],[39.7912,57.1905],[39.8208,57.1897],[39.8249,57.1861],[39.836,57.1852],[39.8384,57.1848],[39.8394,57.1847],[39.8404,57.1844],[39.8418,57.1824],[39.8455,57.1813],[39.8436,57.1793],[39.843,57.1778],[39.8441,57.1772],[39.8456,57.1771],[39.8476,57.1762],[39.8505,57.1728],[39.8516,57.1726],[39.8525,57.1728],[39.8533,57.173],[39.8533,57.1742],[39.8557,57.173],[39.8565,57.1737],[39.8568,57.1737],[39.8576,57.1735],[39.8587,57.1732],[39.8592,57.1724],[39.8602,57.1726],[39.862,57.1733],[39.8732,57.1726],[39.877,57.1711],[39.8806,57.1711],[39.8823,57.1708],[39.8843,57.1716],[39.8868,57.171],[39.8889,57.1709],[39.8893,57.1709],[39.8897,57.171],[39.89,57.1714],[39.8911,57.1719],[39.8924,57.172],[39.8933,57.1719],[39.8944,57.1711],[39.8954,57.1708],[39.8959,57.1706],[39.8964,57.1705],[39.8983,57.1711],[39.8992,57.1711],[39.9006,57.1712],[39.901,57.1719],[39.9018,57.172],[39.9024,57.1718],[39.903,57.1714],[39.9033,57.1709],[39.903,57.1703],[39.9035,57.1698],[39.9043,57.1697],[39.9052,57.1697],[39.9059,57.1699],[39.9069,57.1709],[39.9076,57.1715],[39.9093,57.1724],[39.9131,57.1724],[39.9124,57.1713],[39.9132,57.1707],[39.9147,57.17],[39.9164,57.1715],[39.9188,57.1706],[39.9222,57.1713],[39.9235,57.1716],[39.9274,57.1715],[39.9288,57.1707],[39.9285,57.1703],[39.9279,57.1702],[39.9274,57.1699],[39.9268,57.1693],[39.9269,57.1688],[39.9272,57.1684],[39.9283,57.1681],[39.934,57.1699],[39.9347,57.1677],[39.9368,57.1671],[39.9404,57.171],[39.9448,57.1712],[39.9479,57.1702],[39.9543,57.1739],[39.9574,57.173],[39.9584,57.1751],[39.9607,57.1744],[39.9624,57.1751],[39.96,57.1776],[39.9625,57.1798],[39.9674,57.1807],[39.9701,57.1808],[39.9715,57.1795],[39.9746,57.1813],[39.9816,57.1812],[39.9881,57.1822],[39.9917,57.1829],[39.9942,57.1863],[39.9972,57.1857],[40.0002,57.1866],[40.0,57.187],[39.9978,57.1887],[39.9975,57.1902],[40.0017,57.1914],[40.0032,57.1932],[40.0064,57.1935],[40.0105,57.1934],[40.0169,57.1935],[40.0191,57.1922],[40.0217,57.1947],[40.0203,57.1954],[40.0184,57.1986],[40.0195,57.1999],[40.0237,57.2005],[40.0255,57.2032],[40.0261,57.2044],[40.026,57.2069],[40.0315,57.2087],[40.0353,57.2073],[40.0419,57.2035],[40.045,57.2022],[40.048,57.2019],[40.0492,57.2],[40.0525,57.199],[40.0591,57.2023],[40.0722,57.2009],[40.08,57.2008],[40.0812,57.2001],[40.0847,57.2006],[40.0874,57.2002],[40.0887,57.1962],[40.0935,57.1951],[40.0952,57.1951],[40.1038,57.1977],[40.1084,57.1979],[40.1126,57.1993],[40.1197,57.2024],[40.1254,57.2012],[40.129,57.1978],[40.1361,57.1997],[40.1405,57.2011],[40.1495,57.1973],[40.1502,57.1908],[40.1604,57.1947],[40.1801,57.1969],[40.1853,57.1991],[40.189,57.2001],[40.191,57.2012],[40.1931,57.2039],[40.1904,57.2107],[40.1885,57.2149],[40.1853,57.2172],[40.1802,57.2203],[40.1759,57.2261],[40.1788,57.2271],[40.1826,57.2296],[40.1837,57.2308],[40.184,57.2323],[40.1877,57.2342],[40.1938,57.2326],[40.1967,57.2326],[40.1987,57.2333],[40.1999,57.2327],[40.2016,57.2289],[40.2096,57.2256],[40.2109,57.2263],[40.2079,57.2294],[40.2111,57.2317],[40.2195,57.2358],[40.222,57.238],[40.225,57.2399],[40.2287,57.2436],[40.2345,57.2439],[40.2435,57.2462],[40.2349,57.2511],[40.2326,57.2575],[40.2221,57.2575],[40.2197,57.2555],[40.2085,57.2555],[40.207,57.252],[40.1938,57.2521],[40.1914,57.2556],[40.1764,57.256],[40.1764,57.2604],[40.1798,57.2611],[40.1829,57.2634],[40.1974,57.2636],[40.1996,57.2649],[40.2138,57.2652],[40.2135,57.2705],[40.2176,57.2737],[40.2232,57.2755],[40.2284,57.2724],[40.2324,57.2711],[40.2367,57.2715],[40.2401,57.2735],[40.2433,57.276],[40.2472,57.2771],[40.2504,57.2761],[40.2528,57.2731],[40.2622,57.2753],[40.2579,57.28],[40.2599,57.2833],[40.2625,57.2863],[40.2672,57.2869],[40.271,57.2861],[40.2851,57.2773],[40.2861,57.2807],[40.2916,57.2845],[40.298,57.2876],[40.3238,57.2882],[40.3275,57.2847],[40.3348,57.2813],[40.3445,57.2806],[40.3488,57.2817],[40.3585,57.2818],[40.3617,57.2834],[40.3664,57.2829],[40.3672,57.2799],[40.3669,57.2752],[40.3701,57.2731],[40.3734,57.2731],[40.3842,57.2687],[40.3865,57.2711],[40.4005,57.2702],[40.4042,57.2662],[40.4172,57.2746],[40.4218,57.2791],[40.4194,57.2825],[40.4219,57.285],[40.4274,57.2863],[40.4305,57.2858],[40.4296,57.2876],[40.4362,57.2894],[40.4389,57.2892],[40.4388,57.2913],[40.4362,57.2931],[40.4338,57.294],[40.4367,57.2961],[40.4363,57.2972],[40.4355,57.299],[40.4319,57.2988],[40.4274,57.2986],[40.4253,57.3014],[40.4244,57.3029],[40.4275,57.3083],[40.4277,57.3088],[40.4242,57.3094],[40.4233,57.3104],[40.4223,57.3113],[40.4231,57.3124],[40.4274,57.3126],[40.4292,57.3127],[40.4316,57.3131],[40.4333,57.313],[40.4375,57.3125],[40.4378,57.3147],[40.4242,57.3168],[40.4078,57.3181],[40.4008,57.3196],[40.3854,57.3256],[40.3803,57.3258],[40.3756,57.3281],[40.372,57.3292],[40.3679,57.3287],[40.3636,57.3288],[40.361,57.3298],[40.3613,57.3351],[40.3545,57.3361],[40.3526,57.3412],[40.3503,57.3413],[40.3458,57.3419],[40.3374,57.3429],[40.3336,57.3425],[40.3336,57.3444],[40.3341,57.3462],[40.34,57.3488],[40.3407,57.354],[40.3419,57.3547],[40.346,57.3596],[40.3458,57.3633],[40.3442,57.3658],[40.3327,57.3703],[40.3309,57.3723],[40.3288,57.3771],[40.3266,57.3819],[40.3245,57.3828],[40.321,57.3829],[40.3189,57.3825],[40.3178,57.3822],[40.3169,57.381],[40.3152,57.3806],[40.3119,57.3838],[40.3084,57.3843],[40.3038,57.3845],[40.3028,57.3825],[40.3048,57.3799],[40.3006,57.3789],[40.2983,57.3769],[40.295,57.3757],[40.29,57.3739],[40.2861,57.3746],[40.2822,57.3725],[40.2806,57.3723],[40.2781,57.3714],[40.2754,57.3707],[40.275,57.3702],[40.2631,57.3691],[40.2626,57.3672],[40.261,57.3665],[40.2571,57.3664],[40.2517,57.3668],[40.249,57.3684],[40.246,57.3681],[40.2432,57.3681],[40.2393,57.3686],[40.2345,57.3692],[40.2195,57.3731],[40.2062,57.3781],[40.202,57.379],[40.1981,57.3764],[40.1905,57.377],[40.1881,57.3765],[40.1829,57.3728],[40.1787,57.3706],[40.1725,57.3699],[40.1695,57.3689],[40.1636,57.3666],[40.158,57.3653],[40.1536,57.3652],[40.1509,57.3647],[40.1484,57.3612],[40.146,57.3601],[40.1444,57.3609],[40.1401,57.3657],[40.1375,57.366],[40.1341,57.3652],[40.1316,57.3634],[40.1322,57.3594],[40.1402,57.357],[40.1469,57.3561],[40.1541,57.3571],[40.1591,57.3581],[40.1608,57.3571],[40.1605,57.3546],[40.1588,57.3524],[40.1564,57.3507],[40.1524,57.3504],[40.1486,57.3504],[40.1477,57.3482],[40.1436,57.3441],[40.1374,57.3413],[40.1308,57.3419],[40.1281,57.3429],[40.1173,57.3507],[40.1138,57.3516],[40.1123,57.354],[40.1122,57.356],[40.1135,57.358],[40.1106,57.3593],[40.1012,57.3606],[40.0985,57.36],[40.0851,57.352],[40.0803,57.3499],[40.0762,57.3495],[40.074,57.3503],[40.073,57.352],[40.062,57.3584],[40.0583,57.3593],[40.0544,57.3598],[40.0579,57.3666],[40.0551,57.3673],[40.0496,57.3681],[40.0479,57.3686],[40.0515,57.3724],[40.0536,57.3725],[40.0618,57.371],[40.0648,57.3739],[40.0641,57.3761],[40.0644,57.3781],[40.0678,57.3783],[40.0743,57.382],[40.0827,57.3816],[40.0876,57.3784],[40.0962,57.3757],[40.0988,57.3727],[40.1139,57.373],[40.1202,57.3754],[40.1245,57.3753],[40.1328,57.3762],[40.1407,57.3822],[40.1364,57.3847],[40.1264,57.3851],[40.1199,57.386],[40.1152,57.3892],[40.1137,57.3918],[40.1162,57.3938],[40.0996,57.4035],[40.0996,57.411],[40.0989,57.4112],[40.0938,57.4127],[40.0895,57.4158],[40.085,57.4182],[40.0826,57.4173],[40.0801,57.417],[40.0876,57.4138],[40.087,57.4109],[40.09,57.4099],[40.0921,57.4051],[40.0869,57.404],[40.0845,57.4022],[40.0851,57.4],[40.0787,57.3979],[40.0741,57.3979],[40.0689,57.3986],[40.062,57.3998],[40.058,57.3989],[40.0534,57.3993],[40.0555,57.3918],[40.0486,57.3906],[40.0463,57.3918],[40.0302,57.3969],[40.0274,57.3988],[40.024,57.3994],[40.0166,57.4057],[40.0155,57.4082],[40.0012,57.4145],[39.9983,57.4133],[39.9948,57.4133],[39.9926,57.4146],[39.9909,57.4183],[39.9823,57.419],[39.9835,57.4227],[39.9882,57.4271],[39.9848,57.4317],[39.9773,57.4327],[39.9803,57.4371],[39.9789,57.4376],[39.9757,57.439],[39.9746,57.4408],[39.9706,57.4433],[39.962,57.4484],[39.9528,57.4462],[39.9412,57.4441],[39.9361,57.4544],[39.9188,57.4554],[39.9166,57.4542],[39.9121,57.4545],[39.9093,57.4543],[39.9091,57.4547],[39.9077,57.4555],[39.9071,57.4558],[39.906,57.4561],[39.9051,57.4561],[39.9016,57.4559],[39.9016,57.4555],[39.8991,57.4551],[39.8983,57.4585],[39.898,57.4618],[39.9006,57.4675],[39.8973,57.467],[39.8935,57.4675],[39.8905,57.4675],[39.8902,57.4668],[39.8896,57.4669],[39.8893,57.4665],[39.8884,57.4665],[39.8848,57.4643],[39.8835,57.4628],[39.8793,57.4589],[39.8708,57.4511],[39.8611,57.4541],[39.8515,57.4569],[39.8521,57.4597],[39.8485,57.4597],[39.8416,57.4589],[39.8382,57.4556],[39.8363,57.4552],[39.8336,57.4544],[39.828,57.4543],[39.8216,57.4543],[39.8245,57.4523],[39.8212,57.449],[39.8211,57.4464],[39.8182,57.4462],[39.8085,57.4466],[39.8071,57.4462],[39.8027,57.4448],[39.7988,57.4407],[39.7957,57.4409],[39.792,57.4413],[39.7908,57.442],[39.7901,57.4435],[39.7893,57.4454],[39.7898,57.4459],[39.7901,57.4478],[39.7897,57.4484],[39.7868,57.4495],[39.7847,57.4503],[39.7834,57.4506],[39.7821,57.4506],[39.7813,57.4505],[39.7804,57.4502],[39.7786,57.45],[39.7796,57.4455],[39.7784,57.443],[39.7712,57.4428],[39.7641,57.4406],[39.7605,57.4387],[39.7485,57.4394],[39.7507,57.4431],[39.7426,57.4425],[39.7368,57.4413],[39.7378,57.4387],[39.7385,57.4366],[39.7384,57.4366],[39.737,57.4358],[39.7357,57.4351],[39.739,57.4301],[39.7394,57.4294],[39.7418,57.4254],[39.7401,57.4238],[39.7383,57.4226],[39.7378,57.4223],[39.7274,57.4217],[39.7197,57.4213],[39.7123,57.4223],[39.7145,57.4276],[39.7074,57.4271],[39.7083,57.4316],[39.7068,57.4339],[39.7021,57.4345],[39.6949,57.4364],[39.6923,57.4353],[39.6929,57.4302],[39.6882,57.4265],[39.6842,57.4268],[39.6804,57.4269],[39.6804,57.4284],[39.6696,57.4273],[39.6643,57.4295],[39.6768,57.439],[39.6678,57.4411],[39.6702,57.4429],[39.6712,57.4474],[39.6662,57.4499],[39.6609,57.4523],[39.6598,57.4518],[39.6575,57.4519],[39.6559,57.4516],[39.6541,57.4517],[39.6529,57.4519],[39.65,57.4518],[39.6462,57.4521],[39.6459,57.4535],[39.6347,57.4583],[39.6453,57.4656],[39.6395,57.4704],[39.6275,57.4715],[39.6113,57.4728],[39.607,57.4802],[39.601,57.4809],[39.586,57.4844],[39.582,57.485],[39.5716,57.4841],[39.5675,57.4838],[39.5625,57.483],[39.5619,57.4829],[39.5617,57.4829],[39.5502,57.481],[39.5496,57.4823],[39.5494,57.4824],[39.5456,57.4848],[39.5444,57.4842],[39.5467,57.4792],[39.5399,57.4782],[39.5363,57.4811],[39.5356,57.4835],[39.5265,57.4861],[39.5187,57.4864],[39.5186,57.4855],[39.5178,57.4742],[39.5151,57.472],[39.5113,57.4703],[39.5074,57.4705],[39.4941,57.4712],[39.4906,57.473],[39.4866,57.4762],[39.4785,57.4768],[39.4693,57.4793],[39.4633,57.4798],[39.4597,57.4783],[39.4589,57.4762],[39.4575,57.4752],[39.4485,57.4757],[39.4408,57.4739],[39.4465,57.4705],[39.4413,57.4703],[39.438,57.4681],[39.4335,57.4646],[39.4288,57.4638],[39.4253,57.4638],[39.4151,57.4673],[39.4005,57.466],[39.3988,57.471],[39.3988,57.475],[39.4041,57.4769],[39.4053,57.4833],[39.4046,57.4907],[39.4074,57.491],[39.408,57.4983],[39.4034,57.4984],[39.4051,57.504],[39.3847,57.504],[39.3865,57.5018],[39.3838,57.4996],[39.3792,57.4987],[39.3746,57.4987],[39.37,57.5006],[39.3677,57.5003],[39.3538,57.4972],[39.3595,57.4825],[39.3494,57.481],[39.3591,57.4697],[39.3594,57.4689],[39.3576,57.4565],[39.3588,57.4559],[39.3593,57.4549],[39.3593,57.4538],[39.3581,57.4527],[39.3557,57.452],[39.352,57.4511],[39.3443,57.4509],[39.3382,57.4521],[39.3363,57.4522],[39.3364,57.4488],[39.3385,57.4484],[39.3406,57.4482],[39.3395,57.4462],[39.3388,57.4442],[39.3431,57.4422],[39.3462,57.4422],[39.3482,57.4401],[39.3482,57.4381],[39.3473,57.4359],[39.3474,57.4326],[39.3459,57.4319],[39.3442,57.4316],[39.3422,57.4319],[39.3392,57.4338],[39.3372,57.4342],[39.3357,57.4342],[39.335,57.432],[39.3346,57.4311],[39.334,57.4303],[39.3341,57.4277],[39.333,57.4277],[39.3327,57.4261],[39.3321,57.4247]]]}},{"type":"Feature","properties":{"district":"Даниловский район"},"geometry":{"type":"Polygon","coordinates":[[[39.5073,58.1999],[39.5255,58.1991],[39.5315,58.1991],[39.5364,58.1999],[39.5405,58.2001],[39.5437,58.1992],[39.5429,58.1959],[39.5455,58.1934],[39.5453,58.192],[39.5412,58.1878],[39.5369,58.1848],[39.5357,58.1814],[39.5367,58.1785],[39.5426,58.1754],[39.5446,58.1736],[39.5386,58.172],[39.5382,58.1681],[39.5395,58.1663],[39.529,58.1614],[39.524,58.1583],[39.523,58.1563],[39.5229,58.1561],[39.5187,58.1544],[39.5178,58.152],[39.5292,58.1439],[39.5468,58.1454],[39.5487,58.1472],[39.5543,58.1505],[39.5637,58.1486],[39.5796,58.1482],[39.5886,58.1461],[39.5964,58.1471],[39.5984,58.1512],[39.6147,58.1504],[39.6456,58.1483],[39.6746,58.1469],[39.6864,58.1454],[39.6871,58.1445],[39.6905,58.1438],[39.6926,58.1412],[39.6982,58.1399],[39.6997,58.1414],[39.7025,58.142],[39.7021,58.1317],[39.6984,58.1168],[39.7056,58.1189],[39.7105,58.1114],[39.7084,58.1112],[39.7128,58.1041],[39.7226,58.1058],[39.7232,58.1071],[39.7266,58.1088],[39.7321,58.1134],[39.7353,58.1164],[39.739,58.1153],[39.7465,58.1121],[39.747,58.1104],[39.7506,58.1082],[39.7593,58.1072],[39.7594,58.1034],[39.7593,58.1008],[39.7627,58.0991],[39.7696,58.0985],[39.7753,58.0991],[39.7767,58.0943],[39.7803,58.0939],[39.7865,58.095],[39.7965,58.0925],[39.8,58.0924],[39.8095,58.0909],[39.8085,58.0871],[39.8082,58.0869],[39.8075,58.0841],[39.8136,58.0813],[39.8168,58.0819],[39.8189,58.0835],[39.8261,58.0813],[39.8309,58.0813],[39.8368,58.0789],[39.8357,58.0731],[39.8347,58.0699],[39.8332,58.0667],[39.8368,58.0638],[39.8402,58.0599],[39.8367,58.0601],[39.8299,58.0582],[39.824,58.057],[39.8218,58.0533],[39.8229,58.0521],[39.8247,58.0482],[39.8237,58.0472],[39.8276,58.0454],[39.838,58.0435],[39.8445,58.0479],[39.8474,58.0482],[39.8521,58.0479],[39.8555,58.048],[39.8536,58.0441],[39.8548,58.0415],[39.8526,58.0396],[39.85,58.0388],[39.8473,58.0374],[39.8432,58.0382],[39.8412,58.0361],[39.8388,58.0305],[39.8336,58.0224],[39.8333,58.0219],[39.8299,58.0174],[39.8244,58.0154],[39.8244,58.013],[39.8374,58.013],[39.844,58.0092],[39.8474,58.0064],[39.8533,58.0054],[39.8553,58.0023],[39.8608,58.0027],[39.8625,58.0047],[39.8715,58.0068],[39.8787,58.0078],[39.8848,58.0054],[39.8907,58.0057],[39.8941,58.0044],[39.8962,57.9996],[39.8953,57.998],[39.8963,57.9963],[39.8979,57.9964],[39.8996,57.9962],[39.9015,57.9965],[39.9022,57.9958],[39.9087,57.9973],[39.9154,57.9937],[39.9113,57.99],[39.914,57.9893],[39.9119,57.9879],[39.9133,57.9872],[39.9147,57.9877],[39.9144,57.9855],[39.9164,57.9821],[39.9123,57.98],[39.9058,57.9769],[39.9047,57.9745],[39.9065,57.9704],[39.9075,57.967],[39.9065,57.9642],[39.9038,57.9631],[39.9025,57.9613],[39.9,57.9592],[39.9016,57.9583],[39.899,57.9568],[39.8974,57.9568],[39.8946,57.9554],[39.892,57.9532],[39.8931,57.9516],[39.8956,57.9522],[39.8951,57.9497],[39.8973,57.9504],[39.8991,57.9473],[39.903,57.9477],[39.8986,57.9391],[39.892,57.9381],[39.8976,57.9329],[39.8985,57.9325],[39.9006,57.9284],[39.9022,57.9283],[39.906,57.9284],[39.9092,57.9291],[39.909,57.9312],[39.9198,57.9318],[39.9225,57.9316],[39.9273,57.9321],[39.9305,57.9338],[39.9321,57.9337],[39.9325,57.9327],[39.9365,57.9333],[39.9366,57.9321],[39.9402,57.9321],[39.9405,57.9312],[39.9437,57.929],[39.9438,57.9282],[39.9472,57.9266],[39.9459,57.9254],[39.9482,57.9243],[39.9507,57.927],[39.9532,57.9272],[39.9551,57.9288],[39.9572,57.9286],[39.9662,57.9258],[39.9835,57.9246],[39.9837,57.9252],[39.9881,57.9242],[39.99,57.9233],[39.9937,57.9234],[39.998,57.9238],[40.0059,57.9241],[40.0059,57.9297],[40.0056,57.9338],[40.0113,57.942],[40.041,57.9395],[40.0429,57.9365],[40.0424,57.9352],[40.0417,57.9309],[40.0444,57.931],[40.0457,57.9287],[40.0492,57.9278],[40.0541,57.9274],[40.0559,57.9287],[40.0658,57.9288],[40.0672,57.929],[40.068,57.9265],[40.0675,57.9248],[40.0669,57.9226],[40.0685,57.9198],[40.0714,57.9181],[40.0623,57.9176],[40.0608,57.9129],[40.0534,57.9116],[40.0534,57.91],[40.0594,57.9095],[40.0625,57.9101],[40.0602,57.9077],[40.0614,57.9022],[40.0642,57.9005],[40.0644,57.8916],[40.0714,57.8921],[40.077,57.8933],[40.0787,57.8943],[40.0816,57.8942],[40.0848,57.8948],[40.0886,57.8906],[40.0988,57.8837],[40.0988,57.8806],[40.0989,57.8805],[40.1031,57.8777],[40.1035,57.8774],[40.109,57.8738],[40.1091,57.8737],[40.1104,57.8728],[40.116,57.875],[40.1198,57.876],[40.1199,57.876],[40.1225,57.8767],[40.123,57.8768],[40.1233,57.8769],[40.1281,57.8768],[40.1326,57.8769],[40.1348,57.8769],[40.1351,57.8756],[40.1399,57.8748],[40.1464,57.8779],[40.1522,57.8769],[40.152,57.8755],[40.1588,57.8776],[40.1584,57.8793],[40.1664,57.8835],[40.1715,57.8801],[40.1699,57.8791],[40.1776,57.8744],[40.1831,57.8761],[40.1776,57.878],[40.18,57.8808],[40.1834,57.8813],[40.1854,57.8816],[40.1878,57.8815],[40.1923,57.8803],[40.1921,57.8795],[40.1946,57.8786],[40.1965,57.8788],[40.2012,57.8778],[40.2062,57.8779],[40.2096,57.8796],[40.2115,57.8813],[40.2149,57.8843],[40.2191,57.8849],[40.224,57.886],[40.2306,57.8879],[40.2338,57.8891],[40.2375,57.8904],[40.2424,57.8925],[40.2453,57.8929],[40.2488,57.8931],[40.2554,57.893],[40.2564,57.8926],[40.2596,57.8926],[40.2705,57.8895],[40.2708,57.8879],[40.2773,57.8875],[40.2776,57.8883],[40.2795,57.8881],[40.2818,57.8872],[40.2817,57.8861],[40.2888,57.8858],[40.2872,57.8812],[40.2889,57.8811],[40.2917,57.8839],[40.2952,57.8842],[40.2996,57.8843],[40.3034,57.8839],[40.3028,57.8824],[40.3171,57.8828],[40.3314,57.8803],[40.3314,57.8783],[40.3431,57.8785],[40.3434,57.8857],[40.3549,57.8884],[40.3548,57.8896],[40.3504,57.8912],[40.349,57.8909],[40.3478,57.8909],[40.348,57.8916],[40.3491,57.8925],[40.349,57.8932],[40.3472,57.894],[40.347,57.8957],[40.3443,57.8967],[40.3431,57.8964],[40.3419,57.8965],[40.3401,57.8972],[40.34,57.8987],[40.3537,57.9003],[40.355,57.8997],[40.3561,57.8985],[40.3594,57.8903],[40.3662,57.8901],[40.3665,57.8864],[40.3673,57.8861],[40.3744,57.8858],[40.3753,57.8825],[40.3919,57.8829],[40.3955,57.8813],[40.3963,57.8813],[40.3975,57.8819],[40.3985,57.8819],[40.4011,57.8804],[40.4085,57.8798],[40.4106,57.8824],[40.4158,57.8816],[40.4174,57.8807],[40.4173,57.8787],[40.418,57.8784],[40.4187,57.8784],[40.4236,57.8809],[40.4244,57.8807],[40.426,57.8803],[40.4293,57.8802],[40.4306,57.8812],[40.4311,57.8807],[40.4343,57.8779],[40.4398,57.8777],[40.4426,57.8834],[40.4353,57.8856],[40.436,57.8933],[40.4347,57.8973],[40.438,57.8988],[40.4462,57.9014],[40.4551,57.9027],[40.4614,57.9025],[40.4702,57.9026],[40.4723,57.9031],[40.4731,57.9046],[40.476,57.9031],[40.4777,57.9025],[40.48,57.9031],[40.4806,57.9032],[40.4846,57.9044],[40.4864,57.9061],[40.4856,57.9072],[40.4859,57.9084],[40.4875,57.9097],[40.4873,57.9114],[40.4851,57.9134],[40.4855,57.9152],[40.4858,57.9164],[40.4859,57.9183],[40.4873,57.9205],[40.4896,57.922],[40.4928,57.923],[40.495,57.9219],[40.4972,57.9218],[40.4994,57.9223],[40.5007,57.921],[40.502,57.9197],[40.5032,57.9189],[40.5044,57.9188],[40.5073,57.9192],[40.5085,57.918],[40.509,57.9165],[40.509,57.9147],[40.5105,57.9135],[40.5132,57.9125],[40.5172,57.9116],[40.5225,57.9105],[40.5237,57.9101],[40.526,57.9093],[40.5288,57.9087],[40.5322,57.9093],[40.5348,57.9083],[40.5408,57.9073],[40.5434,57.9085],[40.5447,57.9096],[40.5471,57.9092],[40.5513,57.909],[40.5517,57.9089],[40.5522,57.9087],[40.5527,57.9084],[40.5531,57.9081],[40.5536,57.9076],[40.554,57.9073],[40.5543,57.9072],[40.5544,57.9071],[40.5546,57.907],[40.5548,57.9069],[40.5552,57.9067],[40.5554,57.9066],[40.5558,57.9064],[40.556,57.9063],[40.5564,57.9062],[40.557,57.9061],[40.5574,57.906],[40.5578,57.9059],[40.5582,57.9057],[40.5585,57.9055],[40.5586,57.9053],[40.5586,57.905],[40.5587,57.9049],[40.5589,57.9048],[40.5598,57.9045],[40.5605,57.9042],[40.561,57.9029],[40.561,57.9025],[40.5611,57.9019],[40.5612,57.9017],[40.5614,57.9014],[40.5615,57.9011],[40.5617,57.9009],[40.5618,57.9006],[40.5618,57.9004],[40.5619,57.9001],[40.562,57.8998],[40.5624,57.8995],[40.5627,57.8993],[40.5631,57.8991],[40.5635,57.899],[40.5637,57.8989],[40.5639,57.8989],[40.5642,57.8987],[40.5643,57.8986],[40.5645,57.8985],[40.5648,57.8984],[40.5651,57.8983],[40.5654,57.8982],[40.5655,57.8981],[40.5657,57.8979],[40.5661,57.8977],[40.5665,57.8976],[40.5671,57.8975],[40.5675,57.8975],[40.5678,57.8975],[40.568,57.8976],[40.5681,57.8977],[40.5684,57.8979],[40.5684,57.898],[40.5685,57.8982],[40.5685,57.8985],[40.5685,57.8986],[40.5687,57.8987],[40.5689,57.8987],[40.5692,57.8987],[40.5693,57.8986],[40.5695,57.8985],[40.5695,57.8984],[40.5695,57.8983],[40.5696,57.8982],[40.5698,57.8981],[40.5701,57.8981],[40.5704,57.8981],[40.5706,57.8982],[40.571,57.8982],[40.5713,57.8982],[40.5716,57.8983],[40.5719,57.8983],[40.5723,57.8982],[40.5726,57.8981],[40.5728,57.898],[40.573,57.8978],[40.5732,57.8976],[40.5733,57.8975],[40.5735,57.8974],[40.5738,57.8973],[40.574,57.8972],[40.5743,57.8971],[40.5745,57.897],[40.5746,57.8969],[40.5746,57.8968],[40.5746,57.8967],[40.5746,57.8966],[40.5745,57.8964],[40.5745,57.8963],[40.5745,57.896],[40.5746,57.8957],[40.5747,57.8955],[40.5747,57.8952],[40.5748,57.8951],[40.5748,57.8951],[40.5749,57.895],[40.5749,57.895],[40.575,57.895],[40.5751,57.8951],[40.5752,57.8951],[40.5753,57.8953],[40.5754,57.8956],[40.5755,57.8957],[40.5758,57.8958],[40.5762,57.8959],[40.5765,57.8959],[40.5768,57.8959],[40.5771,57.8958],[40.5772,57.8957],[40.5774,57.8956],[40.5776,57.8956],[40.5778,57.8956],[40.5779,57.8956],[40.5779,57.8955],[40.5779,57.8954],[40.5778,57.8953],[40.5777,57.8952],[40.5777,57.8951],[40.5777,57.895],[40.5779,57.8949],[40.5782,57.8949],[40.5785,57.8948],[40.5786,57.8947],[40.5788,57.8946],[40.579,57.8945],[40.579,57.8944],[40.579,57.8943],[40.5792,57.8943],[40.5793,57.8943],[40.5796,57.8943],[40.5798,57.8943],[40.5801,57.8943],[40.5803,57.8943],[40.5804,57.8943],[40.5805,57.8944],[40.5806,57.8945],[40.5808,57.8946],[40.581,57.8947],[40.5812,57.8948],[40.5815,57.8951],[40.5816,57.8953],[40.5819,57.8954],[40.5819,57.8956],[40.5819,57.8957],[40.582,57.8958],[40.5822,57.8959],[40.5825,57.8959],[40.5827,57.8959],[40.583,57.8958],[40.5832,57.8957],[40.5833,57.8956],[40.5835,57.8956],[40.5838,57.8955],[40.5849,57.8949],[40.5852,57.8947],[40.5854,57.8946],[40.5856,57.8946],[40.5858,57.8946],[40.586,57.8946],[40.5864,57.8947],[40.5866,57.8946],[40.5868,57.8946],[40.5871,57.8945],[40.5872,57.8945],[40.5874,57.8945],[40.5875,57.8945],[40.5876,57.8945],[40.5878,57.8945],[40.5879,57.8945],[40.5881,57.8945],[40.5882,57.8945],[40.5883,57.8946],[40.5884,57.8946],[40.5886,57.8947],[40.5887,57.8947],[40.5888,57.8946],[40.5889,57.8945],[40.589,57.8944],[40.5891,57.8944],[40.5892,57.8944],[40.5893,57.8944],[40.5895,57.8944],[40.5897,57.8944],[40.5899,57.8944],[40.5901,57.8943],[40.5906,57.8941],[40.5906,57.894],[40.5906,57.8939],[40.5906,57.8938],[40.5907,57.8937],[40.5908,57.8937],[40.591,57.8936],[40.5911,57.8936],[40.5912,57.8935],[40.5913,57.8934],[40.5936,57.8948],[40.5955,57.8958],[40.5977,57.8971],[40.6002,57.8986],[40.6073,57.9024],[40.6105,57.9046],[40.6233,57.9125],[40.6267,57.9147],[40.6315,57.9182],[40.6338,57.92],[40.6365,57.9222],[40.6403,57.9253],[40.6404,57.9254],[40.6406,57.9256],[40.6406,57.9258],[40.6407,57.926],[40.6407,57.9265],[40.641,57.9276],[40.6411,57.9278],[40.6411,57.9297],[40.6413,57.9309],[40.6417,57.9315],[40.6421,57.932],[40.6425,57.9325],[40.643,57.9329],[40.6434,57.9332],[40.6464,57.9353],[40.644,57.9365],[40.6431,57.9373],[40.6431,57.9378],[40.6429,57.9384],[40.6419,57.9397],[40.6407,57.9407],[40.6396,57.9414],[40.643,57.9433],[40.644,57.9442],[40.6452,57.9452],[40.6456,57.9454],[40.6478,57.9464],[40.6495,57.9473],[40.6509,57.9478],[40.6515,57.9479],[40.661,57.9514],[40.6626,57.9522],[40.6661,57.954],[40.6679,57.955],[40.6717,57.9577],[40.6735,57.959],[40.6747,57.9601],[40.6755,57.961],[40.6762,57.962],[40.6776,57.9642],[40.6781,57.965],[40.6785,57.9661],[40.6788,57.9672],[40.6789,57.9679],[40.679,57.9685],[40.6784,57.9709],[40.6778,57.9723],[40.6772,57.9735],[40.6767,57.9742],[40.6762,57.9751],[40.676,57.9753],[40.6756,57.9758],[40.6752,57.9768],[40.675,57.9778],[40.6747,57.9787],[40.6746,57.9802],[40.6746,57.9817],[40.6747,57.9826],[40.6753,57.9847],[40.676,57.9856],[40.6776,57.9871],[40.6792,57.9867],[40.6797,57.9873],[40.6787,57.9874],[40.6765,57.9877],[40.6748,57.9883],[40.6731,57.9895],[40.6729,57.9901],[40.6727,57.9908],[40.6722,57.9917],[40.6718,57.9919],[40.6711,57.9919],[40.6704,57.9918],[40.6701,57.9913],[40.6699,57.99],[40.6638,57.9923],[40.6594,57.9949],[40.6596,57.996],[40.6568,57.9967],[40.6548,57.9959],[40.6545,57.9945],[40.6519,57.9945],[40.652,57.998],[40.6502,57.9988],[40.6473,57.9978],[40.6455,57.9983],[40.6386,57.9999],[40.634,57.9996],[40.6285,58.0013],[40.6282,58.0014],[40.6244,58.0027],[40.6218,58.0029],[40.6191,58.0022],[40.6189,58.0006],[40.6153,57.9997],[40.6143,57.9996],[40.6137,57.9995],[40.6086,57.9992],[40.604,58.0007],[40.6003,58.0033],[40.5956,58.0046],[40.5916,58.0058],[40.5919,58.009],[40.5852,58.0102],[40.5815,58.0123],[40.5784,58.017],[40.5798,58.0186],[40.5805,58.0215],[40.5795,58.0225],[40.5796,58.0232],[40.5839,58.0232],[40.5849,58.0255],[40.5834,58.0267],[40.5842,58.0309],[40.5807,58.0325],[40.5802,58.0347],[40.58,58.036],[40.5811,58.0369],[40.5848,58.0372],[40.5855,58.0387],[40.5809,58.0394],[40.5748,58.0405],[40.5727,58.0411],[40.5716,58.0413],[40.5667,58.0424],[40.5614,58.0439],[40.5528,58.0437],[40.5473,58.0458],[40.5454,58.0466],[40.5446,58.0499],[40.5417,58.052],[40.5418,58.0532],[40.5437,58.0537],[40.5435,58.0547],[40.5402,58.0564],[40.5362,58.057],[40.5293,58.0587],[40.5175,58.0602],[40.5134,58.0622],[40.5109,58.063],[40.5074,58.0636],[40.5033,58.0642],[40.4996,58.0667],[40.4949,58.072],[40.495,58.0738],[40.4924,58.0791],[40.495,58.0818],[40.494,58.0831],[40.494,58.0851],[40.4922,58.086],[40.4926,58.0876],[40.4908,58.089],[40.4848,58.0877],[40.4833,58.0885],[40.4835,58.089],[40.4871,58.0909],[40.4911,58.0919],[40.4904,58.093],[40.4876,58.0922],[40.4849,58.0945],[40.4826,58.0971],[40.4832,58.0981],[40.4868,58.099],[40.4906,58.1009],[40.4935,58.1022],[40.4947,58.1031],[40.4952,58.1042],[40.4984,58.1046],[40.4994,58.1057],[40.4993,58.1078],[40.4965,58.1085],[40.4892,58.1089],[40.4853,58.1095],[40.4821,58.1106],[40.4787,58.1112],[40.4767,58.1107],[40.4737,58.111],[40.4723,58.1122],[40.472,58.1134],[40.4722,58.1142],[40.4736,58.1168],[40.4751,58.1182],[40.4758,58.1181],[40.4788,58.1181],[40.4822,58.1175],[40.4828,58.1182],[40.4831,58.1211],[40.4821,58.1226],[40.4797,58.124],[40.4804,58.126],[40.4843,58.1281],[40.4849,58.1325],[40.4852,58.1348],[40.4881,58.1375],[40.4949,58.1399],[40.4983,58.1398],[40.4997,58.1401],[40.5002,58.1408],[40.4989,58.1415],[40.4985,58.1421],[40.4988,58.1428],[40.4997,58.1437],[40.5012,58.1441],[40.5021,58.1439],[40.5038,58.1433],[40.5046,58.1418],[40.5061,58.1414],[40.5078,58.1409],[40.5098,58.1399],[40.511,58.1397],[40.5115,58.14],[40.5118,58.1404],[40.5111,58.1419],[40.5094,58.1446],[40.5142,58.1467],[40.5124,58.1487],[40.51,58.1506],[40.5057,58.1533],[40.5052,58.1547],[40.505,58.1558],[40.4984,58.1564],[40.4941,58.1554],[40.4947,58.1572],[40.4943,58.1578],[40.501,58.1582],[40.5035,58.1584],[40.5055,58.1591],[40.504,58.1607],[40.504,58.1636],[40.5073,58.1662],[40.5114,58.1681],[40.5148,58.1704],[40.5145,58.1723],[40.5092,58.173],[40.5044,58.175],[40.501,58.1757],[40.4993,58.1764],[40.4988,58.1778],[40.499,58.1796],[40.5007,58.1817],[40.5004,58.1827],[40.4999,58.1829],[40.4987,58.1833],[40.4977,58.1835],[40.4952,58.1863],[40.4948,58.1883],[40.4954,58.1893],[40.4931,58.1918],[40.4922,58.1941],[40.4956,58.1958],[40.4998,58.1981],[40.5042,58.201],[40.5011,58.2045],[40.4965,58.2039],[40.491,58.2041],[40.4863,58.2052],[40.481,58.206],[40.4778,58.2036],[40.4731,58.2021],[40.4668,58.2026],[40.461,58.2049],[40.4542,58.2075],[40.4526,58.2086],[40.4526,58.2114],[40.4536,58.2136],[40.4511,58.2159],[40.4505,58.22],[40.4505,58.2219],[40.4525,58.2226],[40.4565,58.2227],[40.4602,58.2239],[40.4585,58.2249],[40.4583,58.2267],[40.4596,58.2289],[40.456,58.2289],[40.4507,58.2294],[40.4463,58.2308],[40.4422,58.2313],[40.4379,58.2307],[40.4345,58.2305],[40.4304,58.2317],[40.4291,58.2339],[40.4301,58.2343],[40.4313,58.2346],[40.4367,58.2349],[40.4411,58.2358],[40.4412,58.2367],[40.4469,58.2405],[40.4468,58.2418],[40.4454,58.243],[40.4442,58.2442],[40.4441,58.2447],[40.4442,58.245],[40.4454,58.2454],[40.4468,58.2458],[40.4468,58.2461],[40.4443,58.2477],[40.4436,58.2477],[40.4419,58.2475],[40.4388,58.2476],[40.4359,58.2463],[40.4343,58.2462],[40.4339,58.2464],[40.4325,58.247],[40.4339,58.2524],[40.4335,58.2538],[40.433,58.2573],[40.4321,58.2584],[40.43,58.2586],[40.4284,58.259],[40.4257,58.2618],[40.4238,58.2674],[40.425,58.2685],[40.4258,58.2705],[40.4277,58.2715],[40.4243,58.2739],[40.4226,58.2742],[40.4126,58.277],[40.4078,58.2755],[40.3998,58.2755],[40.3977,58.2767],[40.4057,58.2799],[40.4044,58.2813],[40.3992,58.281],[40.3948,58.2803],[40.3839,58.2792],[40.3849,58.2855],[40.3784,58.2868],[40.3837,58.294],[40.3839,58.2987],[40.3842,58.3009],[40.3815,58.3006],[40.3804,58.2989],[40.3751,58.2988],[40.3726,58.2979],[40.3701,58.2976],[40.3669,58.2964],[40.3657,58.2954],[40.364,58.2953],[40.3633,58.2952],[40.3607,58.2964],[40.3608,58.2972],[40.3645,58.2973],[40.3651,58.2976],[40.3645,58.2987],[40.361,58.2999],[40.3584,58.2973],[40.3589,58.2966],[40.3587,58.2944],[40.3575,58.2934],[40.356,58.2936],[40.3548,58.2935],[40.3537,58.292],[40.3503,58.2918],[40.3495,58.2912],[40.3465,58.2909],[40.3439,58.2913],[40.3435,58.2915],[40.342,58.2923],[40.3394,58.2953],[40.3388,58.2963],[40.3386,58.2975],[40.3388,58.2982],[40.3354,58.3004],[40.3325,58.3016],[40.3291,58.3025],[40.3252,58.3025],[40.3192,58.3009],[40.3177,58.301],[40.3156,58.3016],[40.3139,58.3025],[40.309,58.3024],[40.3075,58.3023],[40.3023,58.3027],[40.2994,58.3021],[40.2928,58.3039],[40.2875,58.3061],[40.2838,58.3077],[40.2818,58.311],[40.2779,58.3138],[40.2755,58.3136],[40.2727,58.3136],[40.2667,58.3136],[40.2643,58.3147],[40.262,58.3157],[40.2598,58.3172],[40.2597,58.3181],[40.2573,58.3173],[40.2556,58.3154],[40.2504,58.3141],[40.2494,58.3144],[40.2493,58.3146],[40.2487,58.3149],[40.2493,58.3154],[40.2493,58.3163],[40.2491,58.3166],[40.2468,58.3176],[40.2465,58.3199],[40.2461,58.3209],[40.246,58.3211],[40.2465,58.3214],[40.2461,58.3216],[40.2461,58.3218],[40.2459,58.3219],[40.2455,58.3219],[40.2457,58.323],[40.2457,58.3236],[40.2455,58.3239],[40.2457,58.3245],[40.2432,58.3249],[40.2407,58.3253],[40.2402,58.3245],[40.2372,58.3222],[40.2314,58.319],[40.2234,58.3192],[40.2201,58.3158],[40.2191,58.3159],[40.2122,58.3166],[40.2122,58.3163],[40.2068,58.3165],[40.2067,58.3161],[40.207,58.3161],[40.207,58.3157],[40.2051,58.3157],[40.2046,58.3136],[40.2044,58.3114],[40.2029,58.31],[40.2021,58.3096],[40.1997,58.3102],[40.1994,58.31],[40.1975,58.3105],[40.197,58.3103],[40.1961,58.3105],[40.1952,58.3103],[40.191,58.3104],[40.1887,58.3078],[40.1864,58.3074],[40.1819,58.3075],[40.1803,58.3106],[40.1809,58.3126],[40.1809,58.3141],[40.1809,58.3148],[40.1752,58.3143],[40.1669,58.3122],[40.1626,58.3115],[40.1544,58.3151],[40.1474,58.3164],[40.1393,58.3167],[40.1287,58.3176],[40.119,58.3184],[40.1107,58.3191],[40.1056,58.3196],[40.1051,58.3213],[40.1055,58.3233],[40.1049,58.3253],[40.0885,58.3264],[40.0849,58.3263],[40.0822,58.3238],[40.0816,58.3214],[40.0782,58.3207],[40.072,58.3188],[40.0706,58.3161],[40.0701,58.3138],[40.0686,58.3135],[40.0668,58.3113],[40.064,58.3103],[40.0576,58.3114],[40.0582,58.3131],[40.0574,58.315],[40.0525,58.315],[40.0478,58.3154],[40.047,58.3166],[40.0435,58.3158],[40.041,58.3159],[40.0393,58.3164],[40.0359,58.3155],[40.0336,58.3148],[40.0323,58.3183],[40.0256,58.3184],[40.0193,58.3179],[40.0152,58.3171],[40.0099,58.3123],[40.0059,58.3123],[39.9955,58.3123],[39.9888,58.3113],[39.9883,58.315],[39.9838,58.3184],[39.98,58.3214],[39.9739,58.3231],[39.9688,58.3201],[39.9626,58.3242],[39.9569,58.3237],[39.9519,58.3233],[39.9483,58.3239],[39.9427,58.3261],[39.9373,58.3292],[39.9322,58.3293],[39.929,58.3316],[39.922,58.332],[39.9181,58.3298],[39.9038,58.3358],[39.9002,58.3372],[39.9002,58.3396],[39.8974,58.3413],[39.8935,58.3432],[39.8933,58.3456],[39.8854,58.3521],[39.8832,58.3537],[39.8807,58.3542],[39.8751,58.3529],[39.8703,58.3525],[39.8637,58.3584],[39.8596,58.36],[39.8629,58.3626],[39.8618,58.3643],[39.8565,58.3648],[39.8533,58.3661],[39.8482,58.3665],[39.8475,58.3718],[39.8478,58.383],[39.8495,58.3913],[39.8444,58.3923],[39.8388,58.3944],[39.8352,58.3939],[39.8344,58.391],[39.8351,58.3879],[39.8275,58.3876],[39.8229,58.3891],[39.8186,58.3911],[39.813,58.3906],[39.8048,58.3924],[39.8025,58.3943],[39.8041,58.3978],[39.8009,58.399],[39.7948,58.3999],[39.7878,58.3979],[39.7835,58.3965],[39.779,58.3961],[39.7723,58.3968],[39.7672,58.3973],[39.7576,58.3981],[39.7513,58.3988],[39.7454,58.3985],[39.7408,58.3992],[39.7362,58.398],[39.7326,58.3952],[39.7293,58.3923],[39.7291,58.3894],[39.7313,58.3862],[39.7331,58.3827],[39.7315,58.3802],[39.7273,58.3807],[39.7218,58.3832],[39.7182,58.3828],[39.7165,58.3796],[39.7156,58.3766],[39.7151,58.3751],[39.717,58.3736],[39.7194,58.3706],[39.7178,58.3674],[39.7135,58.365],[39.7127,58.3625],[39.7122,58.3597],[39.7114,58.3575],[39.7104,58.3552],[39.7081,58.353],[39.7081,58.35],[39.7036,58.3471],[39.7012,58.3443],[39.7059,58.3421],[39.7065,58.3406],[39.7024,58.3413],[39.6983,58.3424],[39.6942,58.3411],[39.6901,58.3376],[39.6876,58.3339],[39.6885,58.3319],[39.6948,58.3271],[39.7003,58.3238],[39.7099,58.3195],[39.7165,58.319],[39.7214,58.3196],[39.7259,58.3184],[39.7249,58.3149],[39.7206,58.3128],[39.718,58.3105],[39.7169,58.3081],[39.7171,58.3053],[39.7176,58.3016],[39.7178,58.2989],[39.7223,58.2965],[39.7229,58.2934],[39.7206,58.2893],[39.7178,58.2879],[39.7121,58.2877],[39.7068,58.2869],[39.7036,58.2844],[39.702,58.2824],[39.7007,58.2809],[39.6991,58.2798],[39.6944,58.2769],[39.6902,58.2748],[39.6906,58.2711],[39.6909,58.2688],[39.686,58.2682],[39.6822,58.2676],[39.6776,58.2657],[39.6731,58.2634],[39.6672,58.2615],[39.6621,58.2618],[39.6586,58.2611],[39.657,58.2592],[39.654,58.258],[39.653,58.2575],[39.6484,58.2558],[39.6418,58.2551],[39.6361,58.2542],[39.6303,58.2512],[39.6231,58.2482],[39.6199,58.2454],[39.6136,58.244],[39.607,58.2456],[39.6021,58.245],[39.5958,58.2423],[39.5952,58.2417],[39.5963,58.2406],[39.5976,58.2382],[39.5978,58.2363],[39.5976,58.2351],[39.5966,58.2343],[39.5925,58.2358],[39.5875,58.2362],[39.5811,58.2359],[39.577,58.2357],[39.5782,58.2329],[39.5729,58.2288],[39.567,58.2251],[39.563,58.2249],[39.5559,58.2242],[39.5486,58.2257],[39.547,58.226],[39.544,58.226],[39.5412,58.2261],[39.5385,58.2261],[39.5369,58.2262],[39.5354,58.2264],[39.5331,58.2268],[39.5307,58.2273],[39.5285,58.2276],[39.5266,58.2275],[39.5249,58.227],[39.5234,58.2259],[39.5226,58.2246],[39.523,58.2213],[39.5212,58.2194],[39.5174,58.2176],[39.5162,58.2162],[39.5138,58.2138],[39.5142,58.2132],[39.5153,58.2098],[39.5117,58.2077],[39.5113,58.2053],[39.5092,58.2049],[39.5073,58.1999]]]}},{"type":"Feature","properties":{"district":"Любимский район"},"geometry":{"type":"Polygon","coordinates":[[[40.3784,58.2868],[40.3849,58.2855],[40.3839,58.2792],[40.3948,58.2803],[40.3992,58.281],[40.4044,58.2813],[40.4057,58.2799],[40.3977,58.2767],[40.3998,58.2755],[40.4078,58.2755],[40.4126,58.277],[40.4226,58.2742],[40.4243,58.2739],[40.4277,58.2715],[40.4258,58.2705],[40.425,58.2685],[40.4238,58.2674],[40.4257,58.2618],[40.4284,58.259],[40.43,58.2586],[40.4321,58.2584],[40.433,58.2573],[40.4335,58.2538],[40.4339,58.2524],[40.4325,58.247],[40.4339,58.2464],[40.4343,58.2462],[40.4359,58.2463],[40.4388,58.2476],[40.4419,58.2475],[40.4436,58.2477],[40.4443,58.2477],[40.4468,58.2461],[40.4468,58.2458],[40.4454,58.2454],[40.4442,58.245],[40.4441,58.2447],[40.4442,58.2442],[40.4454,58.243],[40.4468,58.2418],[40.4469,58.2405],[40.4412,58.2367],[40.4411,58.2358],[40.4367,58.2349],[40.4313,58.2346],[40.4301,58.2343],[40.4291,58.2339],[40.4304,58.2317],[40.4345,58.2305],[40.4379,58.2307],[40.4422,58.2313],[40.4463,58.2308],[40.4507,58.2294],[40.456,58.2289],[40.4596,58.2289],[40.4583,58.2267],[40.4585,58.2249],[40.4602,58.2239],[40.4565,58.2227],[40.4525,58.2226],[40.4505,58.2219],[40.4505,58.22],[40.4511,58.2159],[40.4536,58.2136],[40.4526,58.2114],[40.4526,58.2086],[40.4542,58.2075],[40.461,58.2049],[40.4668,58.2026],[40.4731,58.2021],[40.4778,58.2036],[40.481,58.206],[40.4863,58.2052],[40.491,58.2041],[40.4965,58.2039],[40.5011,58.2045],[40.5042,58.201],[40.4998,58.1981],[40.4956,58.1958],[40.4922,58.1941],[40.4931,58.1918],[40.4954,58.1893],[40.4948,58.1883],[40.4952,58.1863],[40.4977,58.1835],[40.4987,58.1833],[40.4999,58.1829],[40.5004,58.1827],[40.5007,58.1817],[40.499,58.1796],[40.4988,58.1778],[40.4993,58.1764],[40.501,58.1757],[40.5044,58.175],[40.5092,58.173],[40.5145,58.1723],[40.5148,58.1704],[40.5114,58.1681],[40.5073,58.1662],[40.504,58.1636],[40.504,58.1607],[40.5055,58.1591],[40.5035,58.1584],[40.501,58.1582],[40.4943,58.1578],[40.4947,58.1572],[40.4941,58.1554],[40.4984,58.1564],[40.505,58.1558],[40.5052,58.1547],[40.5057,58.1533],[40.51,58.1506],[40.5124,58.1487],[40.5142,58.1467],[40.5094,58.1446],[40.5111,58.1419],[40.5118,58.1404],[40.5115,58.14],[40.511,58.1397],[40.5098,58.1399],[40.5078,58.1409],[40.5061,58.1414],[40.5046,58.1418],[40.5038,58.1433],[40.5021,58.1439],[40.5012,58.1441],[40.4997,58.1437],[40.4988,58.1428],[40.4985,58.1421],[40.4989,58.1415],[40.5002,58.1408],[40.4997,58.1401],[40.4983,58.1398],[40.4949,58.1399],[40.4881,58.1375],[40.4852,58.1348],[40.4849,58.1325],[40.4843,58.1281],[40.4804,58.126],[40.4797,58.124],[40.4821,58.1226],[40.4831,58.1211],[40.4828,58.1182],[40.4822,58.1175],[40.4788,58.1181],[40.4758,58.1181],[40.4751,58.1182],[40.4736,58.1168],[40.4722,58.1142],[40.472,58.1134],[40.4723,58.1122],[40.4737,58.111],[40.4767,58.1107],[40.4787,58.1112],[40.4821,58.1106],[40.4853,58.1095],[40.4892,58.1089],[40.4965,58.1085],[40.4993,58.1078],[40.4994,58.1057],[40.4984,58.1046],[40.4952,58.1042],[40.4947,58.1031],[40.4935,58.1022],[40.4906,58.1009],[40.4868,58.099],[40.4832,58.0981],[40.4826,58.0971],[40.4849,58.0945],[40.4876,58.0922],[40.4904,58.093],[40.4911,58.0919],[40.4871,58.0909],[40.4835,58.089],[40.4833,58.0885],[40.4848,58.0877],[40.4908,58.089],[40.4926,58.0876],[40.4922,58.086],[40.494,58.0851],[40.494,58.0831],[40.495,58.0818],[40.4924,58.0791],[40.495,58.0738],[40.4949,58.072],[40.4996,58.0667],[40.5033,58.0642],[40.5074,58.0636],[40.5109,58.063],[40.5134,58.0622],[40.5175,58.0602],[40.5293,58.0587],[40.5362,58.057],[40.5402,58.0564],[40.5435,58.0547],[40.5437,58.0537],[40.5418,58.0532],[40.5417,58.052],[40.5446,58.0499],[40.5454,58.0466],[40.5473,58.0458],[40.5528,58.0437],[40.5614,58.0439],[40.5667,58.0424],[40.5716,58.0413],[40.5727,58.0411],[40.5748,58.0405],[40.5809,58.0394],[40.5855,58.0387],[40.5848,58.0372],[40.5811,58.0369],[40.58,58.036],[40.5802,58.0347],[40.5807,58.0325],[40.5842,58.0309],[40.5834,58.0267],[40.5849,58.0255],[40.5839,58.0232],[40.5796,58.0232],[40.5795,58.0225],[40.5805,58.0215],[40.5798,58.0186],[40.5784,58.017],[40.5815,58.0123],[40.5852,58.0102],[40.5919,58.009],[40.5916,58.0058],[40.5956,58.0046],[40.6003,58.0033],[40.604,58.0007],[40.6086,57.9992],[40.6137,57.9995],[40.6143,57.9996],[40.6153,57.9997],[40.6189,58.0006],[40.6191,58.0022],[40.6218,58.0029],[40.6244,58.0027],[40.6282,58.0014],[40.6285,58.0013],[40.634,57.9996],[40.6386,57.9999],[40.6455,57.9983],[40.6473,57.9978],[40.6502,57.9988],[40.652,57.998],[40.6519,57.9945],[40.6545,57.9945],[40.6548,57.9959],[40.6568,57.9967],[40.6596,57.996],[40.6594,57.9949],[40.6638,57.9923],[40.6699,57.99],[40.6701,57.9913],[40.6704,57.9918],[40.6711,57.9919],[40.6718,57.9919],[40.6722,57.9917],[40.6727,57.9908],[40.6729,57.9901],[40.6731,57.9895],[40.6748,57.9883],[40.6765,57.9877],[40.6787,57.9874],[40.6797,57.9873],[40.6792,57.9867],[40.6776,57.9871],[40.676,57.9856],[40.6812,57.9828],[40.6801,57.9816],[40.6879,57.9818],[40.6892,57.9812],[40.6902,57.9817],[40.6909,57.982],[40.6887,57.9841],[40.6921,57.9861],[40.6951,57.9871],[40.7015,57.9879],[40.7028,57.9884],[40.7036,57.9889],[40.7045,57.9916],[40.7106,57.9929],[40.7116,57.9903],[40.7115,57.99],[40.7117,57.9893],[40.7154,57.9896],[40.7152,57.9912],[40.7166,57.9914],[40.7202,57.992],[40.7259,57.9928],[40.7362,57.9927],[40.7393,57.988],[40.7425,57.9882],[40.7512,57.9887],[40.7498,57.9894],[40.7484,57.9903],[40.7475,57.9909],[40.7473,57.9914],[40.7472,57.9918],[40.7475,57.9923],[40.7481,57.9927],[40.7489,57.9931],[40.7502,57.9935],[40.7516,57.9938],[40.7533,57.994],[40.7551,57.9943],[40.7564,57.9947],[40.7574,57.995],[40.7584,57.9955],[40.759,57.9962],[40.7602,57.9972],[40.761,57.9974],[40.7619,57.9975],[40.7629,57.9976],[40.764,57.9976],[40.7648,57.9975],[40.7658,57.9971],[40.7665,57.9969],[40.7676,57.9964],[40.7691,57.9952],[40.7705,57.9943],[40.7713,57.9937],[40.7721,57.993],[40.7727,57.9922],[40.7735,57.9903],[40.7739,57.9901],[40.7749,57.9897],[40.7777,57.989],[40.7786,57.989],[40.7791,57.9891],[40.7794,57.9895],[40.7793,57.9899],[40.7791,57.9904],[40.7781,57.9915],[40.7778,57.992],[40.778,57.9925],[40.7783,57.9929],[40.7788,57.9933],[40.7798,57.9937],[40.7803,57.9939],[40.7813,57.994],[40.7836,57.9939],[40.7856,57.9941],[40.7869,57.9942],[40.7879,57.9945],[40.789,57.9951],[40.7895,57.9955],[40.7902,57.9962],[40.7905,57.9971],[40.7902,57.9981],[40.79,57.9995],[40.7898,58.0007],[40.7899,58.0017],[40.79,58.0035],[40.7902,58.004],[40.7907,58.0045],[40.7914,58.0048],[40.7921,58.005],[40.7928,58.005],[40.7935,58.0049],[40.7956,58.0046],[40.7982,58.0046],[40.8006,58.0048],[40.8025,58.0051],[40.804,58.0052],[40.8053,58.0053],[40.8076,58.0059],[40.8083,58.0062],[40.8091,58.0066],[40.8096,58.0071],[40.8099,58.0076],[40.81,58.0079],[40.81,58.0084],[40.81,58.0088],[40.8099,58.009],[40.8097,58.0095],[40.8093,58.0102],[40.8086,58.0109],[40.8077,58.0123],[40.8069,58.0132],[40.8061,58.0147],[40.806,58.0153],[40.8062,58.0159],[40.8067,58.0168],[40.8086,58.0172],[40.8112,58.0174],[40.8139,58.0175],[40.8181,58.018],[40.8218,58.0188],[40.8229,58.0192],[40.8234,58.0196],[40.8237,58.0199],[40.8237,58.0203],[40.8235,58.0207],[40.823,58.0212],[40.8225,58.0215],[40.8214,58.022],[40.8196,58.0225],[40.8181,58.0229],[40.8172,58.023],[40.8161,58.0231],[40.8149,58.0231],[40.814,58.0231],[40.8128,58.0229],[40.8112,58.0226],[40.8099,58.0223],[40.8091,58.022],[40.8078,58.0214],[40.8069,58.0209],[40.8052,58.0202],[40.8044,58.02],[40.8036,58.0199],[40.8025,58.0199],[40.8016,58.0201],[40.7999,58.021],[40.7986,58.022],[40.798,58.0229],[40.7972,58.0237],[40.7965,58.0245],[40.7955,58.0255],[40.7944,58.0264],[40.7937,58.0268],[40.7924,58.0274],[40.7896,58.0284],[40.7876,58.0291],[40.785,58.0299],[40.7826,58.0308],[40.7808,58.0317],[40.7791,58.0328],[40.7779,58.0339],[40.7766,58.035],[40.7759,58.036],[40.7749,58.0374],[40.7727,58.041],[40.7721,58.0419],[40.7717,58.0429],[40.7716,58.0436],[40.7718,58.0447],[40.7721,58.0454],[40.773,58.0465],[40.7739,58.0474],[40.7747,58.0483],[40.775,58.0494],[40.7749,58.0502],[40.7745,58.0511],[40.7735,58.0529],[40.7727,58.0541],[40.7713,58.0561],[40.771,58.0569],[40.7707,58.0584],[40.7706,58.0595],[40.7708,58.061],[40.7715,58.0621],[40.7727,58.0629],[40.7739,58.0635],[40.7758,58.0642],[40.7771,58.0645],[40.7792,58.0648],[40.7804,58.0648],[40.7819,58.0649],[40.7863,58.0648],[40.7898,58.0644],[40.7918,58.0641],[40.7932,58.064],[40.7941,58.0639],[40.7957,58.064],[40.7983,58.0645],[40.8004,58.0649],[40.8019,58.0652],[40.8045,58.0654],[40.8065,58.0653],[40.808,58.0651],[40.8093,58.0648],[40.8111,58.0645],[40.8151,58.0639],[40.8177,58.0636],[40.8203,58.0635],[40.825,58.0635],[40.829,58.0636],[40.8317,58.0638],[40.8342,58.0643],[40.8374,58.0653],[40.8391,58.0659],[40.8399,58.0662],[40.8405,58.0667],[40.8409,58.0672],[40.841,58.0681],[40.8407,58.069],[40.8395,58.0707],[40.8385,58.0727],[40.8384,58.0736],[40.8389,58.0756],[40.8393,58.0767],[40.8396,58.0776],[40.8395,58.0787],[40.8391,58.0797],[40.839,58.0809],[40.8393,58.0819],[40.8401,58.0828],[40.8416,58.0835],[40.8431,58.0838],[40.8462,58.0841],[40.8492,58.084],[40.8505,58.084],[40.8518,58.0842],[40.8525,58.0845],[40.8532,58.0851],[40.8536,58.0858],[40.8538,58.0865],[40.8534,58.0887],[40.8528,58.0908],[40.8521,58.0927],[40.8515,58.0938],[40.8509,58.0947],[40.8501,58.0962],[40.8482,58.0978],[40.8474,58.0993],[40.8471,58.1002],[40.8475,58.1017],[40.85,58.1046],[40.851,58.1063],[40.8516,58.1079],[40.8516,58.1087],[40.8517,58.1094],[40.852,58.1101],[40.8527,58.1106],[40.8533,58.111],[40.856,58.1121],[40.8579,58.1126],[40.8603,58.1128],[40.8612,58.1127],[40.8623,58.1122],[40.8628,58.1117],[40.8629,58.1111],[40.8628,58.1105],[40.8615,58.1087],[40.8613,58.1077],[40.8612,58.107],[40.8615,58.1061],[40.8622,58.1057],[40.8634,58.1053],[40.8647,58.1052],[40.8667,58.1056],[40.8676,58.1059],[40.8691,58.1067],[40.8698,58.1092],[40.8702,58.1111],[40.8706,58.112],[40.8719,58.1137],[40.873,58.1143],[40.8742,58.1148],[40.8748,58.1149],[40.8753,58.1149],[40.8759,58.1149],[40.8766,58.1147],[40.8772,58.1144],[40.8778,58.1138],[40.8784,58.1133],[40.8792,58.1123],[40.8802,58.111],[40.8815,58.1086],[40.8824,58.1075],[40.8832,58.1067],[40.884,58.1063],[40.8852,58.106],[40.887,58.1058],[40.8888,58.1059],[40.8909,58.1062],[40.8932,58.1067],[40.8952,58.1074],[40.8966,58.1083],[40.8971,58.1096],[40.8971,58.1111],[40.8968,58.1118],[40.8966,58.113],[40.896,58.1144],[40.8951,58.1166],[40.8946,58.1186],[40.8939,58.1236],[40.8942,58.1251],[40.8946,58.1269],[40.8953,58.1287],[40.8955,58.1299],[40.8955,58.1312],[40.8953,58.1325],[40.8951,58.1342],[40.8943,58.1365],[40.8939,58.1375],[40.8929,58.1391],[40.8925,58.1399],[40.8923,58.1405],[40.8919,58.1411],[40.8915,58.1418],[40.8908,58.1424],[40.8885,58.1464],[40.8872,58.1487],[40.8867,58.1502],[40.8865,58.1509],[40.8862,58.152],[40.8861,58.1542],[40.8858,58.1562],[40.8842,58.1613],[40.8838,58.1659],[40.8837,58.1669],[40.8831,58.1702],[40.883,58.1713],[40.8831,58.1732],[40.8829,58.1747],[40.8826,58.1767],[40.8827,58.1778],[40.883,58.1787],[40.8836,58.1795],[40.8842,58.1801],[40.885,58.1806],[40.8865,58.1814],[40.8875,58.1818],[40.8885,58.1819],[40.8896,58.182],[40.8921,58.182],[40.8931,58.1821],[40.8941,58.1823],[40.8949,58.1825],[40.8956,58.1831],[40.8961,58.1834],[40.8962,58.1849],[40.8957,58.1856],[40.8953,58.1866],[40.8951,58.1877],[40.8952,58.1885],[40.8961,58.1897],[40.8985,58.1915],[40.9003,58.1928],[40.9015,58.1934],[40.9028,58.1943],[40.9038,58.1952],[40.9045,58.1962],[40.9061,58.1986],[40.9065,58.199],[40.9075,58.1993],[40.9085,58.1997],[40.9096,58.1998],[40.9104,58.1998],[40.9112,58.1997],[40.9121,58.1995],[40.913,58.1992],[40.9139,58.1985],[40.915,58.1967],[40.9156,58.1959],[40.9173,58.1937],[40.9178,58.193],[40.9182,58.1921],[40.9188,58.1916],[40.9195,58.1913],[40.92,58.1911],[40.9215,58.1911],[40.9239,58.1914],[40.9248,58.1917],[40.9263,58.1922],[40.928,58.1928],[40.9302,58.1934],[40.9312,58.1936],[40.9338,58.194],[40.9359,58.1941],[40.9372,58.1941],[40.9384,58.1939],[40.9445,58.1929],[40.9486,58.1924],[40.9502,58.1923],[40.9519,58.1923],[40.954,58.1923],[40.9561,58.1926],[40.9571,58.1929],[40.9585,58.1934],[40.9601,58.1942],[40.9615,58.195],[40.9623,58.1956],[40.9649,58.1984],[40.9656,58.1993],[40.9661,58.2004],[40.9663,58.2013],[40.9664,58.2024],[40.9663,58.2036],[40.9661,58.2048],[40.9658,58.2065],[40.9655,58.2073],[40.9651,58.208],[40.9647,58.2085],[40.9638,58.2104],[40.9628,58.2123],[40.9622,58.2134],[40.9617,58.2142],[40.9612,58.2151],[40.9607,58.2175],[40.9604,58.2183],[40.9607,58.2196],[40.9613,58.2222],[40.9615,58.2234],[40.9625,58.2251],[40.9627,58.2255],[40.9644,58.2274],[40.9662,58.2292],[40.9671,58.2298],[40.968,58.2302],[40.9686,58.2304],[40.9693,58.2305],[40.9699,58.2305],[40.9704,58.2304],[40.9711,58.2301],[40.9716,58.2299],[40.9719,58.2296],[40.972,58.2293],[40.972,58.2291],[40.9717,58.2286],[40.9706,58.2277],[40.9695,58.2269],[40.9688,58.2262],[40.9685,58.2256],[40.9682,58.2252],[40.9682,58.2236],[40.9684,58.2228],[40.9689,58.222],[40.9701,58.221],[40.9708,58.2205],[40.9716,58.22],[40.9724,58.2198],[40.9733,58.2197],[40.9737,58.2197],[40.9743,58.2197],[40.975,58.2198],[40.9757,58.2202],[40.9762,58.2205],[40.9765,58.2208],[40.977,58.2212],[40.9775,58.2216],[40.9784,58.2226],[40.9789,58.2232],[40.9812,58.2276],[40.9851,58.2316],[40.9855,58.2355],[40.9838,58.2395],[40.9838,58.2427],[40.9864,58.2466],[40.9937,58.2513],[40.9959,58.2527],[40.9984,58.2568],[41.0014,58.2592],[41.0112,58.264],[41.0205,58.2683],[41.0272,58.2732],[41.0304,58.2752],[41.0316,58.2787],[41.0319,58.2792],[41.0325,58.2799],[41.0334,58.2808],[41.0349,58.2823],[41.0365,58.2834],[41.037,58.2836],[41.0374,58.2837],[41.038,58.2837],[41.0383,58.2837],[41.0396,58.2835],[41.0403,58.2835],[41.0408,58.2836],[41.0412,58.2838],[41.0418,58.2838],[41.0425,58.2838],[41.0427,58.2838],[41.0428,58.2837],[41.0428,58.2837],[41.0427,58.2836],[41.0425,58.2833],[41.0424,58.2831],[41.0426,58.2828],[41.0434,58.2826],[41.0439,58.2826],[41.045,58.2829],[41.0453,58.2829],[41.0455,58.2828],[41.0455,58.2826],[41.0454,58.2824],[41.0453,58.2822],[41.0455,58.2821],[41.0459,58.282],[41.0462,58.2821],[41.0467,58.2823],[41.047,58.2825],[41.0472,58.2828],[41.0478,58.2832],[41.048,58.2834],[41.0488,58.2836],[41.0507,58.284],[41.0515,58.2841],[41.0523,58.2841],[41.0529,58.2841],[41.0538,58.284],[41.0545,58.284],[41.0547,58.2839],[41.0553,58.2839],[41.0559,58.284],[41.0566,58.2841],[41.0571,58.2843],[41.0576,58.2844],[41.0589,58.2848],[41.0594,58.285],[41.0592,58.2858],[41.0562,58.2856],[41.0562,58.2857],[41.0561,58.2865],[41.0537,58.2878],[41.0531,58.2884],[41.0553,58.2893],[41.0591,58.2903],[41.0604,58.2906],[41.0614,58.2909],[41.0646,58.2917],[41.0695,58.2921],[41.07,58.2918],[41.069,58.2903],[41.0685,58.2898],[41.0673,58.2891],[41.0721,58.287],[41.0737,58.2875],[41.0733,58.288],[41.0726,58.2885],[41.0715,58.2894],[41.0735,58.2911],[41.0744,58.2916],[41.0762,58.2921],[41.079,58.291],[41.0806,58.2901],[41.0819,58.2897],[41.0827,58.29],[41.087,58.2874],[41.0864,58.2869],[41.0863,58.2863],[41.0868,58.286],[41.0881,58.2857],[41.0895,58.2858],[41.0929,58.2865],[41.0967,58.2877],[41.1031,58.2895],[41.1055,58.2906],[41.1061,58.2902],[41.1091,58.2921],[41.1388,58.306],[41.1378,58.3091],[41.1471,58.3144],[41.1507,58.3182],[41.1563,58.3233],[41.1603,58.3248],[41.1563,58.3276],[41.1611,58.3321],[41.1699,58.3342],[41.1773,58.3357],[41.1811,58.3354],[41.1864,58.3339],[41.1905,58.3339],[41.1905,58.3357],[41.1935,58.341],[41.1879,58.343],[41.1897,58.3466],[41.1897,58.3504],[41.1803,58.3491],[41.177,58.3549],[41.1742,58.3567],[41.1692,58.357],[41.1654,58.3623],[41.1509,58.3704],[41.1482,58.3753],[41.1563,58.3785],[41.1626,58.3749],[41.1786,58.3825],[41.1707,58.3825],[41.158,58.3914],[41.1537,58.3922],[41.1532,58.3939],[41.1507,58.3962],[41.1459,58.397],[41.1362,58.3946],[41.1165,58.4025],[41.1223,58.406],[41.1165,58.4078],[41.1061,58.4093],[41.0988,58.4152],[41.1015,58.4177],[41.0899,58.4223],[41.082,58.4266],[41.0676,58.4263],[41.0483,58.4418],[41.0559,58.4415],[41.062,58.4438],[41.0658,58.4486],[41.0694,58.4501],[41.0841,58.4552],[41.0868,58.459],[41.0881,58.4585],[41.0881,58.4554],[41.1003,58.4567],[41.0998,58.4592],[41.1038,58.4631],[41.0995,58.4658],[41.0894,58.4656],[41.0851,58.4671],[41.0787,58.4689],[41.0744,58.4739],[41.0744,58.4777],[41.0762,58.4798],[41.0742,58.4833],[41.0691,58.4825],[41.0709,58.4861],[41.0417,58.4848],[41.0439,58.4956],[41.0525,58.5004],[41.0563,58.5039],[41.0581,58.5067],[41.0525,58.507],[41.0464,58.5128],[41.0376,58.5171],[41.0355,58.5204],[41.0236,58.5278],[41.0226,58.5333],[41.0192,58.5417],[40.9902,58.5495],[40.9796,58.5475],[40.9671,58.5531],[40.9682,58.5582],[40.938,58.563],[40.9426,58.5673],[40.9301,58.5763],[40.9181,58.5787],[40.9091,58.5742],[40.8999,58.5741],[40.8933,58.5756],[40.8894,58.5779],[40.8903,58.5913],[40.88,58.5912],[40.8729,58.5886],[40.8631,58.5822],[40.8567,58.577],[40.839,58.5751],[40.8347,58.5746],[40.8346,58.5795],[40.8317,58.5834],[40.8137,58.5908],[40.8034,58.5879],[40.7939,58.5923],[40.786,58.5912],[40.7826,58.5941],[40.7653,58.5911],[40.7639,58.587],[40.7538,58.5864],[40.7382,58.5873],[40.7297,58.5895],[40.7111,58.5843],[40.6981,58.5902],[40.6957,58.5929],[40.6944,58.5943],[40.6823,58.5938],[40.6808,58.5936],[40.6626,58.5913],[40.6425,58.5895],[40.6264,58.5881],[40.6264,58.5842],[40.6274,58.5813],[40.6247,58.5812],[40.6222,58.5787],[40.616,58.5791],[40.6085,58.5854],[40.6055,58.5851],[40.5989,58.5824],[40.5998,58.5805],[40.5923,58.5791],[40.5694,58.5679],[40.535,58.5671],[40.5357,58.561],[40.5329,58.5605],[40.525,58.5591],[40.5209,58.5545],[40.5128,58.5469],[40.4984,58.5438],[40.4962,58.5424],[40.4921,58.5329],[40.4931,58.5305],[40.4935,58.5299],[40.4949,58.528],[40.4985,58.5259],[40.5091,58.5259],[40.5069,58.5242],[40.5126,58.5226],[40.5135,58.5214],[40.5161,58.5192],[40.5176,58.5201],[40.5195,58.5211],[40.5235,58.5222],[40.527,58.5221],[40.5298,58.5225],[40.531,58.521],[40.5296,58.521],[40.5284,58.5199],[40.5298,58.5187],[40.5314,58.5161],[40.5268,58.5159],[40.5225,58.5154],[40.523,58.5132],[40.5154,58.5136],[40.5144,58.511],[40.5152,58.5096],[40.5094,58.5108],[40.5094,58.5148],[40.5063,58.5169],[40.507,58.5178],[40.4989,58.5201],[40.4933,58.5186],[40.4911,58.5186],[40.4888,58.5178],[40.4891,58.5164],[40.4886,58.515],[40.4871,58.5145],[40.4859,58.5128],[40.484,58.5114],[40.4774,58.5139],[40.4688,58.5134],[40.4689,58.5139],[40.4652,58.5138],[40.4589,58.5151],[40.4494,58.5141],[40.446,58.5074],[40.4538,58.5031],[40.4575,58.4998],[40.4604,58.4989],[40.4602,58.4961],[40.4579,58.4945],[40.4626,58.4931],[40.4672,58.4921],[40.466,58.491],[40.453,58.4891],[40.4499,58.4914],[40.4448,58.4918],[40.4424,58.4945],[40.4331,58.4957],[40.4265,58.4956],[40.4222,58.4953],[40.4223,58.4932],[40.4198,58.4908],[40.4209,58.4894],[40.4224,58.4818],[40.4174,58.4826],[40.4168,58.4827],[40.4138,58.4824],[40.4126,58.4832],[40.4088,58.4844],[40.405,58.483],[40.4038,58.4812],[40.4101,58.4798],[40.4129,58.4744],[40.4124,58.469],[40.4157,58.464],[40.4141,58.4629],[40.4067,58.462],[40.401,58.4591],[40.3982,58.4563],[40.3998,58.4533],[40.4046,58.4524],[40.4053,58.4516],[40.4085,58.4533],[40.4129,58.4543],[40.4146,58.4544],[40.4148,58.4539],[40.4129,58.4529],[40.4103,58.452],[40.4107,58.4502],[40.4171,58.4458],[40.4174,58.4433],[40.4168,58.4421],[40.4256,58.4353],[40.4308,58.44],[40.4326,58.4397],[40.4365,58.4404],[40.4372,58.4413],[40.4415,58.4413],[40.4431,58.4402],[40.4457,58.4396],[40.4465,58.439],[40.4488,58.4386],[40.4498,58.439],[40.4503,58.4399],[40.449,58.4426],[40.4499,58.4428],[40.4516,58.4423],[40.454,58.4426],[40.4551,58.4416],[40.456,58.4417],[40.4567,58.443],[40.4626,58.4444],[40.4635,58.4444],[40.4646,58.4444],[40.4655,58.4448],[40.466,58.4448],[40.4665,58.4445],[40.4683,58.4422],[40.4683,58.4417],[40.4675,58.4414],[40.4615,58.4417],[40.4604,58.4408],[40.4602,58.4397],[40.462,58.4391],[40.4644,58.4384],[40.466,58.4375],[40.4665,58.4368],[40.4661,58.4352],[40.4654,58.4333],[40.464,58.4321],[40.4614,58.4307],[40.4634,58.4226],[40.466,58.4225],[40.4727,58.4227],[40.4743,58.4201],[40.4896,58.4172],[40.4919,58.4148],[40.4878,58.4133],[40.4875,58.41],[40.4871,58.4084],[40.4909,58.4073],[40.4942,58.4042],[40.4946,58.4026],[40.4926,58.3976],[40.5128,58.3875],[40.5173,58.3867],[40.5182,58.3843],[40.5175,58.3813],[40.5162,58.3814],[40.5141,58.3822],[40.5119,58.383],[40.5111,58.3837],[40.5113,58.3841],[40.51,58.3838],[40.5103,58.3807],[40.5064,58.379],[40.499,58.3765],[40.4921,58.3763],[40.4914,58.3749],[40.4939,58.3677],[40.4914,58.3655],[40.4896,58.3629],[40.4873,58.3631],[40.4854,58.3635],[40.4838,58.365],[40.4759,58.3659],[40.4753,58.3664],[40.4731,58.3671],[40.4636,58.3674],[40.4595,58.3658],[40.4542,58.3654],[40.4531,58.3604],[40.4452,58.3614],[40.4406,58.3614],[40.4399,58.3611],[40.4426,58.3504],[40.4426,58.3473],[40.4416,58.3466],[40.4427,58.3451],[40.4361,58.3418],[40.4347,58.3408],[40.4335,58.339],[40.4334,58.3377],[40.4279,58.3359],[40.4255,58.3348],[40.4257,58.3342],[40.4162,58.334],[40.4166,58.3329],[40.4065,58.3308],[40.4019,58.3246],[40.3942,58.3225],[40.3952,58.3209],[40.3974,58.3185],[40.3954,58.3156],[40.3966,58.3135],[40.4023,58.3122],[40.4046,58.3123],[40.4052,58.3087],[40.4067,58.3089],[40.4103,58.3062],[40.406,58.304],[40.4035,58.3022],[40.4041,58.299],[40.4037,58.2977],[40.4018,58.2967],[40.3999,58.2967],[40.398,58.2972],[40.3955,58.2978],[40.3892,58.2976],[40.3882,58.2977],[40.3871,58.298],[40.3866,58.2983],[40.3862,58.299],[40.3868,58.2994],[40.3869,58.2999],[40.3865,58.3004],[40.3861,58.3007],[40.3852,58.3009],[40.3842,58.3009],[40.3839,58.2987],[40.3837,58.294],[40.3784,58.2868]]]}},{"type":"Feature","properties":{"district":"Мышкинский район"},"geometry":{"type":"Polygon","coordinates":[[[37.6305,57.6631],[37.6319,57.6614],[37.6357,57.6614],[37.6409,57.6624],[37.6443,57.6634],[37.6534,57.6607],[37.6604,57.6566],[37.6632,57.6574],[37.6648,57.6562],[37.6682,57.6566],[37.6767,57.6543],[37.6843,57.6571],[37.6913,57.6524],[37.6912,57.6508],[37.6962,57.6502],[37.6977,57.6484],[37.7008,57.6477],[37.7014,57.6457],[37.7077,57.6409],[37.7101,57.6399],[37.7148,57.6394],[37.7204,57.6369],[37.7246,57.6357],[37.7285,57.6321],[37.7279,57.6276],[37.7289,57.6267],[37.7327,57.6258],[37.737,57.621],[37.7501,57.6213],[37.7546,57.6162],[37.757,57.6159],[37.7602,57.6173],[37.7736,57.6139],[37.7787,57.6175],[37.7786,57.6204],[37.7835,57.6215],[37.7901,57.6184],[37.7982,57.615],[37.8016,57.6159],[37.808,57.6254],[37.8107,57.6247],[37.8148,57.6218],[37.8207,57.6202],[37.8246,57.6184],[37.8304,57.6168],[37.8351,57.6167],[37.8383,57.6173],[37.8403,57.6166],[37.8438,57.6185],[37.8452,57.6187],[37.8473,57.6183],[37.8495,57.6176],[37.852,57.6176],[37.8539,57.6163],[37.8524,57.6158],[37.8521,57.6151],[37.8538,57.6137],[37.856,57.6101],[37.8575,57.6097],[37.8581,57.609],[37.8597,57.6086],[37.8608,57.6085],[37.862,57.6087],[37.8638,57.6102],[37.8683,57.6107],[37.8704,57.6122],[37.8701,57.6139],[37.8702,57.6153],[37.8694,57.6164],[37.8668,57.6175],[37.8683,57.6185],[37.867,57.6202],[37.867,57.6208],[37.8707,57.6263],[37.8736,57.6274],[37.8763,57.6262],[37.8808,57.6268],[37.8829,57.6287],[37.8867,57.6306],[37.8899,57.6329],[37.887,57.6333],[37.8859,57.634],[37.8866,57.6354],[37.8874,57.6381],[37.8889,57.6407],[37.896,57.6392],[37.8987,57.6415],[37.899,57.6424],[37.9003,57.6432],[37.9123,57.642],[37.9188,57.6421],[37.9268,57.6427],[37.9533,57.6464],[37.9539,57.6459],[37.9515,57.6438],[37.9516,57.6435],[37.9536,57.6425],[37.9554,57.6417],[37.9558,57.6412],[37.9552,57.6407],[37.9546,57.6399],[37.9561,57.6399],[37.963,57.6398],[37.9685,57.6381],[37.9731,57.6348],[37.9765,57.6356],[37.9781,57.6364],[37.9789,57.6361],[37.9796,57.6364],[37.9807,57.6359],[37.982,57.6368],[37.9825,57.6367],[37.9835,57.6372],[37.9846,57.637],[37.9858,57.6377],[37.9897,57.6382],[37.9914,57.6372],[37.9965,57.6396],[37.9979,57.6401],[38.0009,57.6399],[38.0113,57.6424],[38.0131,57.6426],[38.0137,57.6414],[38.0144,57.6409],[38.0171,57.6406],[38.0199,57.6404],[38.022,57.6416],[38.0261,57.6406],[38.0286,57.6406],[38.0307,57.6366],[38.033,57.6371],[38.0362,57.6382],[38.0392,57.6369],[38.0429,57.6361],[38.0444,57.636],[38.0484,57.6359],[38.0523,57.6391],[38.0574,57.64],[38.0629,57.6411],[38.064,57.6409],[38.0676,57.6419],[38.0707,57.642],[38.074,57.6459],[38.0794,57.6474],[38.0812,57.6487],[38.0829,57.6494],[38.0843,57.6495],[38.0858,57.6491],[38.0881,57.6501],[38.0891,57.6513],[38.0877,57.6516],[38.0894,57.6527],[38.0906,57.654],[38.0916,57.6556],[38.0932,57.6562],[38.0945,57.6561],[38.0953,57.6573],[38.0973,57.6583],[38.0977,57.6602],[38.0992,57.6607],[38.1003,57.6614],[38.1029,57.662],[38.1035,57.6632],[38.1348,57.6617],[38.1341,57.668],[38.1303,57.6737],[38.1337,57.6753],[38.1317,57.679],[38.1296,57.6825],[38.1322,57.6858],[38.145,57.6918],[38.1479,57.6903],[38.1491,57.6907],[38.155,57.7031],[38.16,57.7013],[38.1608,57.6996],[38.1675,57.6987],[38.1705,57.701],[38.1764,57.701],[38.1783,57.7002],[38.1779,57.6985],[38.1787,57.6972],[38.1796,57.6968],[38.1801,57.6954],[38.1845,57.6931],[38.1851,57.6926],[38.1879,57.6917],[38.1894,57.6918],[38.1921,57.6909],[38.1991,57.6903],[38.2031,57.6865],[38.2059,57.6846],[38.2076,57.6845],[38.2092,57.6838],[38.211,57.6833],[38.216,57.6831],[38.2167,57.6827],[38.2158,57.6822],[38.2161,57.6819],[38.217,57.6818],[38.2171,57.6814],[38.2172,57.681],[38.2164,57.6808],[38.2157,57.6806],[38.2148,57.6807],[38.2136,57.681],[38.2125,57.6808],[38.2117,57.6805],[38.2124,57.6801],[38.2112,57.6798],[38.2127,57.6794],[38.2128,57.6786],[38.2116,57.6788],[38.2117,57.6781],[38.212,57.6775],[38.2112,57.6774],[38.2101,57.6777],[38.2098,57.6776],[38.2102,57.6773],[38.2099,57.677],[38.2089,57.6771],[38.2088,57.6768],[38.2094,57.6767],[38.2097,57.6765],[38.2094,57.6763],[38.2086,57.6763],[38.2085,57.6758],[38.2078,57.6758],[38.2075,57.6756],[38.2076,57.675],[38.2077,57.6746],[38.2098,57.6737],[38.2114,57.6727],[38.2126,57.6721],[38.2129,57.6715],[38.233,57.6704],[38.2331,57.6717],[38.248,57.671],[38.2492,57.6713],[38.253,57.6712],[38.2542,57.6709],[38.2552,57.6704],[38.2562,57.6699],[38.2572,57.6696],[38.2583,57.6693],[38.2606,57.6693],[38.2607,57.6666],[38.2603,57.6628],[38.2648,57.6636],[38.2656,57.663],[38.2686,57.6637],[38.2699,57.6628],[38.2707,57.6627],[38.2715,57.6624],[38.2723,57.6615],[38.2728,57.661],[38.2739,57.6611],[38.2748,57.6613],[38.2756,57.6603],[38.2774,57.6588],[38.2791,57.6583],[38.2808,57.6579],[38.2845,57.6592],[38.285,57.6594],[38.286,57.6591],[38.2864,57.6593],[38.2869,57.6598],[38.2891,57.6565],[38.2897,57.6553],[38.2891,57.6547],[38.2892,57.6537],[38.2903,57.6533],[38.2939,57.654],[38.2978,57.6545],[38.2988,57.655],[38.3058,57.6559],[38.3124,57.6563],[38.3199,57.6547],[38.3222,57.656],[38.3248,57.6561],[38.33,57.6561],[38.3293,57.6571],[38.3313,57.6576],[38.332,57.6573],[38.3352,57.6581],[38.3363,57.6591],[38.3397,57.6586],[38.3411,57.6597],[38.3432,57.6598],[38.344,57.6603],[38.3471,57.6606],[38.3472,57.6611],[38.3506,57.6612],[38.3511,57.661],[38.3594,57.6619],[38.367,57.6621],[38.3658,57.667],[38.3663,57.6679],[38.3679,57.6673],[38.3679,57.6669],[38.3674,57.6667],[38.3677,57.6663],[38.3682,57.6629],[38.3694,57.6611],[38.3694,57.6624],[38.3687,57.6654],[38.3693,57.6683],[38.3697,57.6708],[38.3708,57.6725],[38.372,57.6755],[38.3737,57.6775],[38.3746,57.6769],[38.3756,57.6769],[38.3748,57.6773],[38.3769,57.6788],[38.3814,57.6813],[38.3837,57.6823],[38.3845,57.6822],[38.3854,57.6819],[38.3858,57.6821],[38.3848,57.6827],[38.3859,57.6835],[38.422,57.6831],[38.4223,57.6878],[38.4229,57.6918],[38.4802,57.6898],[38.4819,57.6971],[38.5006,57.6865],[38.5394,57.7059],[38.5436,57.7041],[38.5542,57.7042],[38.5553,57.7053],[38.5556,57.7063],[38.557,57.7073],[38.5598,57.7071],[38.567,57.7071],[38.5707,57.7081],[38.5737,57.7095],[38.5747,57.7102],[38.5752,57.7109],[38.575,57.7114],[38.5746,57.7119],[38.5726,57.7133],[38.5697,57.7152],[38.5697,57.7162],[38.5715,57.7172],[38.5724,57.7179],[38.5795,57.7194],[38.5811,57.72],[38.5831,57.7211],[38.5851,57.7217],[38.5881,57.7216],[38.5901,57.7214],[38.5911,57.7215],[38.592,57.7218],[38.5927,57.7225],[38.593,57.7231],[38.5938,57.7247],[38.594,57.7248],[38.594,57.7256],[38.5937,57.7259],[38.5935,57.7263],[38.5931,57.7267],[38.5928,57.7272],[38.5927,57.7276],[38.5921,57.728],[38.5921,57.7281],[38.592,57.7282],[38.5922,57.7284],[38.5922,57.7287],[38.5923,57.7288],[38.5924,57.7289],[38.5926,57.729],[38.5927,57.7291],[38.5927,57.7291],[38.5926,57.7294],[38.5926,57.7296],[38.5925,57.7298],[38.5921,57.7304],[38.592,57.7304],[38.5919,57.7304],[38.5876,57.7295],[38.5867,57.7292],[38.5865,57.7292],[38.5864,57.7293],[38.5863,57.7294],[38.586,57.7297],[38.5857,57.7301],[38.5854,57.7306],[38.5851,57.731],[38.5849,57.731],[38.5847,57.7311],[38.5829,57.7311],[38.5823,57.7311],[38.5821,57.7312],[38.5819,57.7313],[38.5819,57.7315],[38.5818,57.7321],[38.5822,57.7325],[38.5836,57.7337],[38.5837,57.7339],[38.5836,57.734],[38.583,57.7343],[38.5826,57.7344],[38.5821,57.7346],[38.5819,57.7349],[38.5816,57.7353],[38.5816,57.7355],[38.5817,57.7357],[38.5818,57.7359],[38.5829,57.7365],[38.5829,57.7366],[38.5828,57.7368],[38.5825,57.7369],[38.5817,57.7376],[38.5811,57.7385],[38.581,57.7389],[38.5807,57.7409],[38.5803,57.7417],[38.5799,57.7429],[38.579,57.745],[38.5815,57.7453],[38.584,57.7456],[38.5848,57.7457],[38.5851,57.7458],[38.5853,57.7459],[38.5854,57.747],[38.5778,57.748],[38.5756,57.7462],[38.5687,57.7448],[38.5653,57.7467],[38.562,57.7487],[38.5853,57.7598],[38.5979,57.766],[38.6053,57.7686],[38.6082,57.7698],[38.629,57.7804],[38.6171,57.7874],[38.6057,57.7943],[38.6106,57.7969],[38.6284,57.8054],[38.6378,57.81],[38.6402,57.8111],[38.6426,57.8122],[38.6457,57.8136],[38.6132,57.8333],[38.5706,57.8578],[38.5685,57.8568],[38.5542,57.8636],[38.5553,57.8653],[38.5437,57.8678],[38.5452,57.8707],[38.5365,57.8737],[38.5372,57.8757],[38.5245,57.8779],[38.5203,57.8787],[38.5152,57.8796],[38.5109,57.8806],[38.5106,57.8823],[38.5096,57.8834],[38.5093,57.8836],[38.5089,57.8836],[38.5081,57.8832],[38.5066,57.8821],[38.506,57.8817],[38.5053,57.8815],[38.5049,57.8815],[38.5046,57.8815],[38.4912,57.8853],[38.4912,57.8876],[38.4914,57.8945],[38.4916,57.8974],[38.4931,57.9024],[38.4942,57.9089],[38.4942,57.9113],[38.4935,57.9157],[38.4926,57.9217],[38.4905,57.9257],[38.4865,57.9304],[38.4854,57.9308],[38.4816,57.9341],[38.4775,57.9365],[38.4765,57.9371],[38.4739,57.9384],[38.464,57.9418],[38.4541,57.9463],[38.4489,57.95],[38.4456,57.9531],[38.4438,57.9562],[38.4339,57.9547],[38.4336,57.955],[38.4334,57.955],[38.4325,57.9547],[38.4319,57.9547],[38.4318,57.9547],[38.4316,57.9545],[38.4313,57.9544],[38.4312,57.9545],[38.4315,57.9547],[38.4318,57.9548],[38.4323,57.9548],[38.4324,57.9549],[38.4324,57.9551],[38.4327,57.9555],[38.4325,57.9558],[38.432,57.9563],[38.4315,57.957],[38.4297,57.9586],[38.4296,57.959],[38.4295,57.9591],[38.4292,57.959],[38.4241,57.9573],[38.422,57.9565],[38.4197,57.9558],[38.4175,57.955],[38.4151,57.9541],[38.4118,57.9528],[38.4122,57.9523],[38.4111,57.9513],[38.4101,57.9506],[38.4093,57.9507],[38.4071,57.9496],[38.407,57.9483],[38.4075,57.9475],[38.4044,57.9446],[38.4057,57.9397],[38.3923,57.9358],[38.3895,57.9363],[38.3859,57.9364],[38.3808,57.9363],[38.3724,57.937],[38.366,57.9373],[38.3642,57.9372],[38.3624,57.9373],[38.3626,57.9386],[38.3616,57.9421],[38.3252,57.9367],[38.3068,57.9359],[38.3057,57.9378],[38.3041,57.9412],[38.3096,57.9428],[38.3104,57.9433],[38.3081,57.9439],[38.3056,57.9444],[38.3011,57.9445],[38.2998,57.9446],[38.2949,57.9474],[38.29,57.9494],[38.289,57.9489],[38.2874,57.9486],[38.2858,57.9482],[38.2845,57.9478],[38.2834,57.9475],[38.2823,57.9474],[38.2829,57.9465],[38.2837,57.9458],[38.2844,57.9451],[38.2858,57.944],[38.2859,57.9437],[38.2859,57.9434],[38.2855,57.9429],[38.2844,57.9425],[38.2835,57.942],[38.2829,57.9416],[38.2822,57.9415],[38.2819,57.9414],[38.282,57.941],[38.2823,57.9407],[38.283,57.9406],[38.2837,57.9406],[38.2845,57.9406],[38.2851,57.9404],[38.2855,57.9401],[38.2854,57.9394],[38.285,57.939],[38.2845,57.9387],[38.2828,57.938],[38.2809,57.9374],[38.2786,57.9366],[38.2759,57.9358],[38.2753,57.9354],[38.275,57.9349],[38.2753,57.9342],[38.2755,57.9335],[38.276,57.9329],[38.276,57.9324],[38.2754,57.9316],[38.2747,57.9306],[38.2744,57.9303],[38.274,57.9301],[38.274,57.9298],[38.2748,57.9296],[38.2761,57.9295],[38.2786,57.9301],[38.2814,57.9306],[38.2841,57.9309],[38.2861,57.9308],[38.2869,57.9295],[38.2873,57.9286],[38.2875,57.9282],[38.287,57.9277],[38.285,57.9271],[38.2826,57.9265],[38.2811,57.9261],[38.28,57.9255],[38.2792,57.9248],[38.2787,57.9242],[38.279,57.9232],[38.2805,57.9223],[38.2819,57.9215],[38.2835,57.9205],[38.2857,57.9196],[38.2868,57.9196],[38.2883,57.9197],[38.2897,57.9198],[38.2906,57.9198],[38.2917,57.9197],[38.2923,57.9197],[38.2929,57.9199],[38.2938,57.92],[38.2949,57.9195],[38.2959,57.9189],[38.2971,57.9186],[38.2985,57.9182],[38.2997,57.9178],[38.3003,57.9175],[38.3007,57.917],[38.3017,57.9163],[38.3023,57.9159],[38.3032,57.9156],[38.3033,57.9152],[38.3031,57.9148],[38.303,57.914],[38.3037,57.9134],[38.3048,57.9132],[38.3051,57.913],[38.3047,57.9121],[38.3035,57.9113],[38.3038,57.9101],[38.3046,57.9094],[38.3042,57.9085],[38.3035,57.9076],[38.303,57.9072],[38.3024,57.9069],[38.3014,57.9066],[38.301,57.9065],[38.3007,57.9063],[38.3003,57.9062],[38.2998,57.9063],[38.2994,57.9064],[38.2992,57.9067],[38.299,57.9071],[38.2992,57.9079],[38.2992,57.9083],[38.2991,57.9088],[38.2988,57.9091],[38.2983,57.9095],[38.2976,57.9098],[38.2968,57.9101],[38.2957,57.9103],[38.2948,57.9104],[38.294,57.9104],[38.2926,57.9101],[38.292,57.91],[38.2915,57.9098],[38.291,57.9095],[38.2905,57.9094],[38.2899,57.909],[38.289,57.9083],[38.2886,57.9074],[38.2878,57.907],[38.2865,57.9065],[38.2849,57.9063],[38.2841,57.9049],[38.2838,57.9046],[38.2834,57.9045],[38.2828,57.9047],[38.282,57.9049],[38.2816,57.9052],[38.2811,57.9053],[38.2806,57.9053],[38.2803,57.905],[38.2804,57.9046],[38.2804,57.904],[38.2814,57.9032],[38.2827,57.9027],[38.2843,57.9023],[38.2855,57.902],[38.2865,57.9019],[38.2872,57.9022],[38.2882,57.9028],[38.2906,57.9039],[38.2924,57.904],[38.2943,57.9039],[38.2951,57.9037],[38.2953,57.9028],[38.296,57.9024],[38.297,57.9018],[38.297,57.9012],[38.2968,57.9008],[38.2961,57.9],[38.2955,57.8991],[38.2951,57.8982],[38.2951,57.8977],[38.2948,57.8974],[38.2942,57.8971],[38.2935,57.8969],[38.2925,57.8967],[38.2909,57.8966],[38.2896,57.8967],[38.2885,57.8969],[38.2867,57.8974],[38.286,57.8974],[38.2846,57.8979],[38.2837,57.8979],[38.2826,57.8978],[38.2817,57.8976],[38.2808,57.8976],[38.2801,57.897],[38.2798,57.8964],[38.2802,57.8958],[38.2809,57.8954],[38.2815,57.8949],[38.2823,57.895],[38.2828,57.895],[38.283,57.8948],[38.2827,57.8945],[38.2837,57.8937],[38.2841,57.8935],[38.2842,57.8932],[38.284,57.8926],[38.2837,57.892],[38.2833,57.8913],[38.2827,57.8908],[38.2821,57.8907],[38.2815,57.8905],[38.2797,57.8906],[38.2778,57.8904],[38.2769,57.8898],[38.2766,57.8894],[38.2762,57.8891],[38.2741,57.8887],[38.2733,57.8883],[38.2729,57.8876],[38.273,57.8865],[38.2722,57.8854],[38.271,57.8845],[38.2695,57.884],[38.2684,57.884],[38.2674,57.8838],[38.2656,57.8833],[38.2648,57.8833],[38.264,57.8845],[38.2636,57.8852],[38.2631,57.8857],[38.2623,57.8858],[38.2611,57.8862],[38.2606,57.8869],[38.2595,57.8876],[38.2582,57.888],[38.2567,57.888],[38.2552,57.8875],[38.2539,57.8868],[38.2529,57.8865],[38.252,57.886],[38.2522,57.8855],[38.253,57.885],[38.2539,57.8847],[38.2539,57.8843],[38.2534,57.884],[38.2533,57.8834],[38.2539,57.8829],[38.2547,57.8826],[38.256,57.8819],[38.2562,57.8813],[38.2565,57.8808],[38.2562,57.8802],[38.2559,57.8801],[38.2558,57.8797],[38.2552,57.8794],[38.2546,57.8793],[38.2534,57.8795],[38.2523,57.8796],[38.251,57.8798],[38.2502,57.8797],[38.2493,57.8788],[38.2496,57.8782],[38.2503,57.8778],[38.2519,57.8777],[38.2526,57.8776],[38.2535,57.8775],[38.2548,57.8774],[38.2565,57.8772],[38.2538,57.8747],[38.2495,57.8728],[38.2478,57.8725],[38.2475,57.871],[38.2475,57.8703],[38.2482,57.8699],[38.2504,57.871],[38.2557,57.8691],[38.2572,57.8685],[38.2576,57.8681],[38.2579,57.8679],[38.2586,57.8678],[38.2599,57.868],[38.2617,57.868],[38.2628,57.868],[38.2638,57.8679],[38.2647,57.8676],[38.266,57.867],[38.2669,57.867],[38.2676,57.8674],[38.2681,57.8677],[38.2685,57.8683],[38.2689,57.8684],[38.2696,57.8684],[38.2701,57.8682],[38.2702,57.8677],[38.2706,57.8673],[38.2709,57.8662],[38.2714,57.8655],[38.2715,57.8653],[38.2716,57.8651],[38.2715,57.8647],[38.2712,57.8646],[38.2708,57.8646],[38.2702,57.8645],[38.2699,57.8641],[38.2693,57.8639],[38.2691,57.8638],[38.2685,57.8634],[38.2678,57.8634],[38.2669,57.8639],[38.266,57.8645],[38.2653,57.8649],[38.2646,57.865],[38.2638,57.8649],[38.2626,57.8641],[38.2618,57.8635],[38.2601,57.8628],[38.2588,57.8621],[38.2583,57.8614],[38.2586,57.8605],[38.2574,57.8601],[38.255,57.8601],[38.2543,57.8605],[38.2515,57.8606],[38.2439,57.8637],[38.237,57.8638],[38.2277,57.8639],[38.222,57.8655],[38.2084,57.8659],[38.2065,57.8681],[38.1996,57.8658],[38.2031,57.8619],[38.2028,57.8615],[38.1984,57.861],[38.1967,57.8599],[38.1937,57.8612],[38.1912,57.8604],[38.1876,57.8603],[38.1797,57.8584],[38.1754,57.8585],[38.1698,57.859],[38.1502,57.862],[38.1441,57.8646],[38.1416,57.8648],[38.1401,57.8645],[38.1399,57.8612],[38.1394,57.8608],[38.133,57.859],[38.1229,57.8592],[38.1207,57.8587],[38.1206,57.8574],[38.1174,57.8565],[38.1014,57.8585],[38.094,57.8585],[38.0943,57.8577],[38.0951,57.8569],[38.096,57.8562],[38.0953,57.8554],[38.0953,57.8546],[38.0968,57.8537],[38.0991,57.853],[38.0992,57.8512],[38.0953,57.8508],[38.093,57.8501],[38.0913,57.8488],[38.0919,57.847],[38.0927,57.8462],[38.0906,57.8451],[38.0898,57.8411],[38.0793,57.8413],[38.0779,57.8359],[38.0618,57.8382],[38.0635,57.8549],[38.0547,57.8531],[38.0465,57.8531],[38.0442,57.8521],[38.0417,57.8521],[38.0367,57.8501],[38.032,57.8515],[38.0308,57.8505],[38.029,57.85],[38.0261,57.8494],[38.0294,57.8472],[38.0331,57.8433],[38.0324,57.8397],[38.0195,57.8333],[38.0168,57.8342],[38.0154,57.8334],[38.013,57.8309],[38.0078,57.8295],[38.0057,57.8282],[38.0164,57.825],[38.0106,57.8216],[37.9962,57.8239],[37.9914,57.8221],[37.9908,57.8209],[37.9799,57.8146],[37.9779,57.8141],[37.9791,57.8088],[37.9849,57.8067],[37.9824,57.8009],[37.9788,57.8001],[37.9798,57.7986],[37.9791,57.7981],[37.9781,57.7962],[37.9797,57.7944],[37.9854,57.79],[37.9873,57.7859],[37.9916,57.7839],[37.9851,57.7785],[37.9772,57.7794],[37.9721,57.7774],[37.9713,57.7752],[37.9662,57.7723],[37.9627,57.7716],[37.9606,57.7712],[37.9585,57.7727],[37.9556,57.7722],[37.9412,57.7722],[37.9402,57.7736],[37.9313,57.7722],[37.9261,57.7724],[37.9271,57.7707],[37.9172,57.7713],[37.9143,57.7735],[37.916,57.7793],[37.9147,57.7793],[37.9105,57.781],[37.9041,57.7809],[37.9007,57.7799],[37.9003,57.7767],[37.8905,57.7756],[37.8736,57.7683],[37.8725,57.7702],[37.8676,57.7701],[37.861,57.7683],[37.8603,57.7683],[37.8585,57.7697],[37.8582,57.7707],[37.8539,57.7729],[37.8504,57.7738],[37.8502,57.7746],[37.8514,57.7752],[37.8515,57.776],[37.8489,57.778],[37.8486,57.779],[37.8447,57.7787],[37.8406,57.7776],[37.839,57.7737],[37.8371,57.7726],[37.8364,57.7714],[37.8347,57.7707],[37.8207,57.7776],[37.8161,57.7776],[37.8162,57.774],[37.8157,57.7712],[37.8137,57.7687],[37.81,57.7658],[37.8126,57.7641],[37.8142,57.7631],[37.8189,57.7577],[37.8315,57.7575],[37.844,57.755],[37.8493,57.7547],[37.85,57.7528],[37.8522,57.7528],[37.8558,57.7538],[37.8582,57.7541],[37.8675,57.747],[37.8676,57.746],[37.8663,57.7453],[37.8663,57.7443],[37.8679,57.7432],[37.8679,57.7425],[37.8663,57.7419],[37.8645,57.7421],[37.8591,57.7378],[37.8535,57.7346],[37.8529,57.7354],[37.8513,57.7356],[37.8493,57.7346],[37.8417,57.7344],[37.8379,57.732],[37.8379,57.7266],[37.8295,57.7246],[37.8225,57.7246],[37.8205,57.7231],[37.8165,57.7232],[37.8139,57.7251],[37.8124,57.7294],[37.8076,57.7306],[37.8024,57.7306],[37.7945,57.7282],[37.7841,57.7287],[37.7834,57.7262],[37.7697,57.7295],[37.7739,57.7343],[37.7739,57.737],[37.7606,57.745],[37.7545,57.7418],[37.757,57.7397],[37.757,57.7359],[37.7604,57.7319],[37.7614,57.7289],[37.7567,57.7241],[37.7485,57.7237],[37.7472,57.7226],[37.7372,57.7226],[37.7321,57.7207],[37.7212,57.7234],[37.7092,57.7206],[37.7088,57.717],[37.7082,57.7112],[37.7063,57.7108],[37.693,57.7133],[37.692,57.7093],[37.6948,57.7056],[37.6962,57.7016],[37.6978,57.6932],[37.6952,57.6927],[37.6954,57.6921],[37.6953,57.692],[37.6946,57.6917],[37.6917,57.6899],[37.6905,57.6898],[37.6807,57.6891],[37.6762,57.689],[37.6729,57.6885],[37.6704,57.6889],[37.6652,57.6871],[37.6555,57.6889],[37.6538,57.6886],[37.6507,57.6866],[37.6366,57.6789],[37.6423,57.6759],[37.6361,57.6725],[37.6375,57.6698],[37.6372,57.6682],[37.6345,57.6661],[37.6305,57.6631]]]}},{"type":"Feature","properties":{"district":"Некоузский район"},"geometry":{"type":"Polygon","coordinates":[[[37.3303,57.8855],[37.3312,57.8793],[37.3342,57.8762],[37.3665,57.877],[37.3813,57.8841],[37.3946,57.8847],[37.3976,57.8846],[37.3988,57.8843],[37.4033,57.8809],[37.4119,57.8803],[37.4164,57.8732],[37.4229,57.8725],[37.4277,57.87],[37.4338,57.8693],[37.4282,57.8677],[37.4233,57.8652],[37.4197,57.8625],[37.4155,57.8618],[37.412,57.8618],[37.4044,57.8577],[37.4011,57.8562],[37.4031,57.8538],[37.4068,57.8524],[37.3912,57.8461],[37.384,57.8406],[37.38,57.8375],[37.3792,57.8323],[37.379,57.8272],[37.38,57.8221],[37.3802,57.8204],[37.4374,57.8215],[37.4417,57.8195],[37.4478,57.8155],[37.4537,57.816],[37.4553,57.8153],[37.4659,57.8119],[37.4721,57.8111],[37.4814,57.8106],[37.4889,57.8115],[37.4814,57.8019],[37.4817,57.7992],[37.4841,57.7965],[37.4907,57.7938],[37.4973,57.7938],[37.5012,57.79],[37.5016,57.787],[37.4994,57.7811],[37.5074,57.7815],[37.5148,57.7801],[37.5187,57.7785],[37.5226,57.7739],[37.5264,57.7736],[37.5302,57.7726],[37.5338,57.7687],[37.5478,57.7707],[37.5498,57.767],[37.5597,57.7665],[37.5562,57.7579],[37.551,57.752],[37.5611,57.7391],[37.5851,57.731],[37.6492,57.703],[37.6427,57.6872],[37.6507,57.6866],[37.6538,57.6886],[37.6555,57.6889],[37.6652,57.6871],[37.6704,57.6889],[37.6729,57.6885],[37.6762,57.689],[37.6807,57.6891],[37.6905,57.6898],[37.6917,57.6899],[37.6946,57.6917],[37.6953,57.692],[37.6954,57.6921],[37.6952,57.6927],[37.6978,57.6932],[37.6962,57.7016],[37.6948,57.7056],[37.692,57.7093],[37.693,57.7133],[37.7063,57.7108],[37.7082,57.7112],[37.7088,57.717],[37.7092,57.7206],[37.7212,57.7234],[37.7321,57.7207],[37.7372,57.7226],[37.7472,57.7226],[37.7485,57.7237],[37.7567,57.7241],[37.7614,57.7289],[37.7604,57.7319],[37.757,57.7359],[37.757,57.7397],[37.7545,57.7418],[37.7606,57.745],[37.7739,57.737],[37.7739,57.7343],[37.7697,57.7295],[37.7834,57.7262],[37.7841,57.7287],[37.7945,57.7282],[37.8024,57.7306],[37.8076,57.7306],[37.8124,57.7294],[37.8139,57.7251],[37.8165,57.7232],[37.8205,57.7231],[37.8225,57.7246],[37.8295,57.7246],[37.8379,57.7266],[37.8379,57.732],[37.8417,57.7344],[37.8493,57.7346],[37.8513,57.7356],[37.8529,57.7354],[37.8535,57.7346],[37.8591,57.7378],[37.8645,57.7421],[37.8663,57.7419],[37.8679,57.7425],[37.8679,57.7432],[37.8663,57.7443],[37.8663,57.7453],[37.8676,57.746],[37.8675,57.747],[37.8582,57.7541],[37.8558,57.7538],[37.8522,57.7528],[37.85,57.7528],[37.8493,57.7547],[37.844,57.755],[37.8315,57.7575],[37.8189,57.7577],[37.8142,57.7631],[37.8126,57.7641],[37.81,57.7658],[37.8137,57.7687],[37.8157,57.7712],[37.8162,57.774],[37.8161,57.7776],[37.8207,57.7776],[37.8347,57.7707],[37.8364,57.7714],[37.8371,57.7726],[37.839,57.7737],[37.8406,57.7776],[37.8447,57.7787],[37.8486,57.779],[37.8489,57.778],[37.8515,57.776],[37.8514,57.7752],[37.8502,57.7746],[37.8504,57.7738],[37.8539,57.7729],[37.8582,57.7707],[37.8585,57.7697],[37.8603,57.7683],[37.861,57.7683],[37.8676,57.7701],[37.8725,57.7702],[37.8736,57.7683],[37.8905,57.7756],[37.9003,57.7767],[37.9007,57.7799],[37.9041,57.7809],[37.9105,57.781],[37.9147,57.7793],[37.916,57.7793],[37.9143,57.7735],[37.9172,57.7713],[37.9271,57.7707],[37.9261,57.7724],[37.9313,57.7722],[37.9402,57.7736],[37.9412,57.7722],[37.9556,57.7722],[37.9585,57.7727],[37.9606,57.7712],[37.9627,57.7716],[37.9662,57.7723],[37.9713,57.7752],[37.9721,57.7774],[37.9772,57.7794],[37.9851,57.7785],[37.9916,57.7839],[37.9873,57.7859],[37.9854,57.79],[37.9797,57.7944],[37.9781,57.7962],[37.9791,57.7981],[37.9798,57.7986],[37.9788,57.8001],[37.9824,57.8009],[37.9849,57.8067],[37.9791,57.8088],[37.9779,57.8141],[37.9799,57.8146],[37.9908,57.8209],[37.9914,57.8221],[37.9962,57.8239],[38.0106,57.8216],[38.0164,57.825],[38.0057,57.8282],[38.0078,57.8295],[38.013,57.8309],[38.0154,57.8334],[38.0168,57.8342],[38.0195,57.8333],[38.0324,57.8397],[38.0331,57.8433],[38.0294,57.8472],[38.0261,57.8494],[38.029,57.85],[38.0308,57.8505],[38.032,57.8515],[38.0367,57.8501],[38.0417,57.8521],[38.0442,57.8521],[38.0465,57.8531],[38.0547,57.8531],[38.0635,57.8549],[38.0618,57.8382],[38.0779,57.8359],[38.0793,57.8413],[38.0898,57.8411],[38.0906,57.8451],[38.0927,57.8462],[38.0919,57.847],[38.0913,57.8488],[38.093,57.8501],[38.0953,57.8508],[38.0992,57.8512],[38.0991,57.853],[38.0968,57.8537],[38.0953,57.8546],[38.0953,57.8554],[38.096,57.8562],[38.0951,57.8569],[38.0943,57.8577],[38.094,57.8585],[38.1014,57.8585],[38.1174,57.8565],[38.1206,57.8574],[38.1207,57.8587],[38.1229,57.8592],[38.133,57.859],[38.1394,57.8608],[38.1399,57.8612],[38.1401,57.8645],[38.1416,57.8648],[38.1441,57.8646],[38.1502,57.862],[38.1698,57.859],[38.1754,57.8585],[38.1797,57.8584],[38.1876,57.8603],[38.1912,57.8604],[38.1937,57.8612],[38.1967,57.8599],[38.1984,57.861],[38.2028,57.8615],[38.2031,57.8619],[38.1996,57.8658],[38.2065,57.8681],[38.2084,57.8659],[38.222,57.8655],[38.2277,57.8639],[38.237,57.8638],[38.2439,57.8637],[38.2515,57.8606],[38.2543,57.8605],[38.255,57.8601],[38.2574,57.8601],[38.2586,57.8605],[38.2583,57.8614],[38.2588,57.8621],[38.2601,57.8628],[38.2618,57.8635],[38.2626,57.8641],[38.2638,57.8649],[38.2646,57.865],[38.2653,57.8649],[38.266,57.8645],[38.2669,57.8639],[38.2678,57.8634],[38.2685,57.8634],[38.2691,57.8638],[38.2693,57.8639],[38.2699,57.8641],[38.2702,57.8645],[38.2708,57.8646],[38.2712,57.8646],[38.2715,57.8647],[38.2716,57.8651],[38.2715,57.8653],[38.2714,57.8655],[38.2709,57.8662],[38.2706,57.8673],[38.2702,57.8677],[38.2701,57.8682],[38.2696,57.8684],[38.2689,57.8684],[38.2685,57.8683],[38.2681,57.8677],[38.2676,57.8674],[38.2669,57.867],[38.266,57.867],[38.2647,57.8676],[38.2638,57.8679],[38.2628,57.868],[38.2617,57.868],[38.2599,57.868],[38.2586,57.8678],[38.2579,57.8679],[38.2576,57.8681],[38.2572,57.8685],[38.2557,57.8691],[38.2504,57.871],[38.2482,57.8699],[38.2475,57.8703],[38.2475,57.871],[38.2478,57.8725],[38.2495,57.8728],[38.2538,57.8747],[38.2565,57.8772],[38.2548,57.8774],[38.2535,57.8775],[38.2526,57.8776],[38.2519,57.8777],[38.2503,57.8778],[38.2496,57.8782],[38.2493,57.8788],[38.2502,57.8797],[38.251,57.8798],[38.2523,57.8796],[38.2534,57.8795],[38.2546,57.8793],[38.2552,57.8794],[38.2558,57.8797],[38.2559,57.8801],[38.2562,57.8802],[38.2565,57.8808],[38.2562,57.8813],[38.256,57.8819],[38.2547,57.8826],[38.2539,57.8829],[38.2533,57.8834],[38.2534,57.884],[38.2539,57.8843],[38.2539,57.8847],[38.253,57.885],[38.2522,57.8855],[38.252,57.886],[38.2529,57.8865],[38.2539,57.8868],[38.2552,57.8875],[38.2567,57.888],[38.2582,57.888],[38.2595,57.8876],[38.2606,57.8869],[38.2611,57.8862],[38.2623,57.8858],[38.2631,57.8857],[38.2636,57.8852],[38.264,57.8845],[38.2648,57.8833],[38.2656,57.8833],[38.2674,57.8838],[38.2684,57.884],[38.2695,57.884],[38.271,57.8845],[38.2722,57.8854],[38.273,57.8865],[38.2729,57.8876],[38.2733,57.8883],[38.2741,57.8887],[38.2762,57.8891],[38.2766,57.8894],[38.2769,57.8898],[38.2778,57.8904],[38.2797,57.8906],[38.2815,57.8905],[38.2821,57.8907],[38.2827,57.8908],[38.2833,57.8913],[38.2837,57.892],[38.284,57.8926],[38.2842,57.8932],[38.2841,57.8935],[38.2837,57.8937],[38.2827,57.8945],[38.283,57.8948],[38.2828,57.895],[38.2823,57.895],[38.2815,57.8949],[38.2809,57.8954],[38.2802,57.8958],[38.2798,57.8964],[38.2801,57.897],[38.2808,57.8976],[38.2817,57.8976],[38.2826,57.8978],[38.2837,57.8979],[38.2846,57.8979],[38.286,57.8974],[38.2867,57.8974],[38.2885,57.8969],[38.2896,57.8967],[38.2909,57.8966],[38.2925,57.8967],[38.2935,57.8969],[38.2942,57.8971],[38.2948,57.8974],[38.2951,57.8977],[38.2951,57.8982],[38.2955,57.8991],[38.2961,57.9],[38.2968,57.9008],[38.297,57.9012],[38.297,57.9018],[38.296,57.9024],[38.2953,57.9028],[38.2951,57.9037],[38.2943,57.9039],[38.2924,57.904],[38.2906,57.9039],[38.2882,57.9028],[38.2872,57.9022],[38.2865,57.9019],[38.2855,57.902],[38.2843,57.9023],[38.2827,57.9027],[38.2814,57.9032],[38.2804,57.904],[38.2804,57.9046],[38.2803,57.905],[38.2806,57.9053],[38.2811,57.9053],[38.2816,57.9052],[38.282,57.9049],[38.2828,57.9047],[38.2834,57.9045],[38.2838,57.9046],[38.2841,57.9049],[38.2849,57.9063],[38.2865,57.9065],[38.2878,57.907],[38.2886,57.9074],[38.289,57.9083],[38.2899,57.909],[38.2905,57.9094],[38.291,57.9095],[38.2915,57.9098],[38.292,57.91],[38.2926,57.9101],[38.294,57.9104],[38.2948,57.9104],[38.2957,57.9103],[38.2968,57.9101],[38.2976,57.9098],[38.2983,57.9095],[38.2988,57.9091],[38.2991,57.9088],[38.2992,57.9083],[38.2992,57.9079],[38.299,57.9071],[38.2992,57.9067],[38.2994,57.9064],[38.2998,57.9063],[38.3003,57.9062],[38.3007,57.9063],[38.301,57.9065],[38.3014,57.9066],[38.3024,57.9069],[38.303,57.9072],[38.3035,57.9076],[38.3042,57.9085],[38.3046,57.9094],[38.3038,57.9101],[38.3035,57.9113],[38.3047,57.9121],[38.3051,57.913],[38.3048,57.9132],[38.3037,57.9134],[38.303,57.914],[38.3031,57.9148],[38.3033,57.9152],[38.3032,57.9156],[38.3023,57.9159],[38.3017,57.9163],[38.3007,57.917],[38.3003,57.9175],[38.2997,57.9178],[38.2985,57.9182],[38.2971,57.9186],[38.2959,57.9189],[38.2949,57.9195],[38.2938,57.92],[38.2929,57.9199],[38.2923,57.9197],[38.2917,57.9197],[38.2906,57.9198],[38.2897,57.9198],[38.2883,57.9197],[38.2868,57.9196],[38.2857,57.9196],[38.2835,57.9205],[38.2819,57.9215],[38.2805,57.9223],[38.279,57.9232],[38.2787,57.9242],[38.2792,57.9248],[38.28,57.9255],[38.2811,57.9261],[38.2826,57.9265],[38.285,57.9271],[38.287,57.9277],[38.2875,57.9282],[38.2873,57.9286],[38.2869,57.9295],[38.2861,57.9308],[38.2841,57.9309],[38.2814,57.9306],[38.2786,57.9301],[38.2761,57.9295],[38.2748,57.9296],[38.274,57.9298],[38.274,57.9301],[38.2744,57.9303],[38.2747,57.9306],[38.2754,57.9316],[38.276,57.9324],[38.276,57.9329],[38.2755,57.9335],[38.2753,57.9342],[38.275,57.9349],[38.2753,57.9354],[38.2759,57.9358],[38.2786,57.9366],[38.2809,57.9374],[38.2828,57.938],[38.2845,57.9387],[38.285,57.939],[38.2854,57.9394],[38.2855,57.9401],[38.2851,57.9404],[38.2845,57.9406],[38.2837,57.9406],[38.283,57.9406],[38.2823,57.9407],[38.282,57.941],[38.2819,57.9414],[38.2822,57.9415],[38.2829,57.9416],[38.2835,57.942],[38.2844,57.9425],[38.2855,57.9429],[38.2859,57.9434],[38.2859,57.9437],[38.2858,57.944],[38.2844,57.9451],[38.2837,57.9458],[38.2829,57.9465],[38.2823,57.9474],[38.2834,57.9475],[38.2845,57.9478],[38.2858,57.9482],[38.2874,57.9486],[38.289,57.9489],[38.29,57.9494],[38.2949,57.9474],[38.2998,57.9446],[38.3011,57.9445],[38.3056,57.9444],[38.3081,57.9439],[38.3104,57.9433],[38.3096,57.9428],[38.3041,57.9412],[38.3057,57.9378],[38.3068,57.9359],[38.3252,57.9367],[38.3616,57.9421],[38.3626,57.9386],[38.3624,57.9373],[38.3642,57.9372],[38.366,57.9373],[38.3724,57.937],[38.3808,57.9363],[38.3859,57.9364],[38.3895,57.9363],[38.3923,57.9358],[38.4057,57.9397],[38.4044,57.9446],[38.4075,57.9475],[38.407,57.9483],[38.4071,57.9496],[38.4093,57.9507],[38.4101,57.9506],[38.4111,57.9513],[38.4122,57.9523],[38.4118,57.9528],[38.4151,57.9541],[38.4175,57.955],[38.4197,57.9558],[38.422,57.9565],[38.4241,57.9573],[38.4292,57.959],[38.4295,57.9591],[38.4296,57.959],[38.4297,57.9586],[38.4315,57.957],[38.432,57.9563],[38.4325,57.9558],[38.4327,57.9555],[38.4324,57.9551],[38.4324,57.9549],[38.4323,57.9548],[38.4318,57.9548],[38.4315,57.9547],[38.4312,57.9545],[38.4313,57.9544],[38.4316,57.9545],[38.4318,57.9547],[38.4319,57.9547],[38.4325,57.9547],[38.4334,57.955],[38.4336,57.955],[38.4339,57.9547],[38.4438,57.9562],[38.4394,57.9631],[38.4362,57.9889],[38.4296,58.0103],[38.4231,58.0168],[38.4127,58.0274],[38.3922,58.0356],[38.3848,58.0386],[38.3481,58.0537],[38.3227,58.0604],[38.309,58.068],[38.2969,58.077],[38.2931,58.0809],[38.2928,58.0839],[38.2976,58.0908],[38.298,58.1318],[38.298,58.1732],[38.2738,58.1735],[38.2743,58.1817],[38.2743,58.1874],[38.2771,58.1914],[38.2789,58.194],[38.2789,58.1965],[38.2787,58.1984],[38.2764,58.1997],[38.2715,58.2053],[38.2717,58.2063],[38.2735,58.2069],[38.2731,58.2091],[38.2713,58.2122],[38.269,58.2119],[38.2637,58.212],[38.2631,58.2127],[38.257,58.2114],[38.259,58.2093],[38.2511,58.2078],[38.2511,58.2042],[38.2452,58.2002],[38.2403,58.2023],[38.2329,58.2011],[38.229,58.1987],[38.234,58.1961],[38.2369,58.193],[38.2382,58.1897],[38.2363,58.183],[38.2339,58.1807],[38.231,58.1806],[38.2318,58.179],[38.2275,58.1777],[38.2231,58.1734],[38.2168,58.1724],[38.213,58.1748],[38.2119,58.1771],[38.2139,58.1808],[38.208,58.1833],[38.2092,58.1864],[38.2079,58.1898],[38.2083,58.1921],[38.2087,58.1949],[38.1969,58.1995],[38.1819,58.1984],[38.1805,58.1911],[38.1778,58.191],[38.1756,58.1905],[38.1739,58.1892],[38.1733,58.1866],[38.175,58.1823],[38.1789,58.1807],[38.1703,58.1782],[38.1603,58.1838],[38.1599,58.1809],[38.1547,58.1778],[38.1508,58.1788],[38.1484,58.179],[38.1456,58.1767],[38.1419,58.1776],[38.1383,58.1779],[38.1359,58.1744],[38.1395,58.1736],[38.142,58.1746],[38.1465,58.1729],[38.1445,58.1704],[38.1485,58.1703],[38.1483,58.1678],[38.14,58.1643],[38.1385,58.1611],[38.1423,58.1593],[38.1411,58.1562],[38.1362,58.1563],[38.1333,58.1542],[38.1323,58.1518],[38.128,58.1506],[38.1272,58.1493],[38.124,58.1501],[38.1244,58.1538],[38.1126,58.1599],[38.1143,58.1616],[38.1121,58.1614],[38.1114,58.1625],[38.1138,58.1629],[38.112,58.1636],[38.1123,58.1642],[38.1119,58.1659],[38.1091,58.1675],[38.1085,58.1697],[38.1108,58.1719],[38.1108,58.1739],[38.1055,58.1767],[38.0911,58.1758],[38.091,58.1739],[38.0875,58.1736],[38.0868,58.173],[38.0799,58.1737],[38.075,58.1713],[38.066,58.1692],[38.0619,58.1671],[38.0561,58.165],[38.0482,58.1613],[38.0415,58.1613],[38.0401,58.1624],[38.0358,58.1617],[38.0343,58.1633],[38.0299,58.1645],[38.024,58.1626],[38.0238,58.1598],[38.0165,58.1574],[38.014,58.1587],[38.0101,58.157],[38.0104,58.1556],[38.0093,58.1538],[38.0078,58.1521],[38.0046,58.1521],[38.0026,58.1525],[38.0037,58.1542],[38.0015,58.1565],[37.9953,58.1573],[37.9943,58.1554],[37.9891,58.1522],[37.9791,58.156],[37.9792,58.1489],[37.9862,58.1487],[37.9965,58.1425],[37.993,58.1399],[37.9886,58.1381],[37.987,58.1342],[37.9913,58.1339],[37.9923,58.1302],[37.9908,58.1302],[37.9825,58.1271],[37.9833,58.126],[37.9821,58.1252],[37.9701,58.1291],[37.9687,58.1268],[37.969,58.1212],[37.9708,58.1187],[37.9743,58.1184],[37.9763,58.1164],[37.977,58.1145],[37.9788,58.1136],[37.9771,58.1121],[37.9731,58.1133],[37.9671,58.1114],[37.9622,58.1122],[37.9649,58.1088],[37.9591,58.1058],[37.9632,58.104],[37.9624,58.103],[37.9592,58.1043],[37.959,58.1034],[37.9557,58.1026],[37.9497,58.0982],[37.9434,58.0982],[37.9341,58.0995],[37.9274,58.0986],[37.9271,58.0973],[37.9196,58.0982],[37.9136,58.0997],[37.913,58.1021],[37.9079,58.1058],[37.9075,58.1079],[37.9053,58.11],[37.9038,58.1099],[37.8982,58.1091],[37.8958,58.1078],[37.8931,58.1073],[37.8898,58.1077],[37.887,58.1094],[37.8836,58.1109],[37.8809,58.1114],[37.879,58.1122],[37.8745,58.1126],[37.87,58.1131],[37.8678,58.1129],[37.8632,58.1134],[37.8617,58.1138],[37.8612,58.1159],[37.8546,58.1154],[37.8506,58.1152],[37.8469,58.1146],[37.84,58.1139],[37.837,58.1144],[37.828,58.1161],[37.8192,58.1129],[37.8096,58.1102],[37.792,58.1074],[37.7857,58.1075],[37.7659,58.1096],[37.7596,58.0924],[37.7844,58.0981],[37.7731,58.0862],[37.7643,58.0853],[37.757,58.084],[37.7564,58.0807],[37.7625,58.0786],[37.7649,58.0761],[37.7618,58.0754],[37.757,58.0745],[37.7528,58.0783],[37.7501,58.0836],[37.7462,58.0838],[37.7441,58.09],[37.7317,58.088],[37.7293,58.0889],[37.7284,58.0904],[37.7247,58.0894],[37.7236,58.0927],[37.7164,58.0935],[37.7158,58.0905],[37.7137,58.0887],[37.7078,58.0869],[37.7034,58.0864],[37.6998,58.0819],[37.7092,58.0797],[37.715,58.078],[37.7079,58.0721],[37.6946,58.0705],[37.6697,58.0733],[37.671,58.0672],[37.6686,58.0659],[37.6578,58.0643],[37.653,58.0644],[37.65,58.0743],[37.6052,58.077],[37.603,58.0636],[37.587,58.0641],[37.5871,58.0589],[37.5737,58.0587],[37.5698,58.051],[37.5492,58.0467],[37.545,58.0439],[37.5411,58.0442],[37.5327,58.0418],[37.5136,58.0412],[37.5114,58.03],[37.5138,58.0271],[37.5151,58.0251],[37.5112,58.0256],[37.508,58.0218],[37.5044,58.0162],[37.5066,58.0137],[37.5122,58.0101],[37.5172,58.01],[37.5238,58.0074],[37.5228,57.9992],[37.5239,57.9989],[37.526,57.9975],[37.5285,57.9982],[37.5295,57.9982],[37.5301,57.9961],[37.5325,57.997],[37.5387,57.9962],[37.537,57.9864],[37.499,57.9878],[37.4985,57.9782],[37.484,57.9782],[37.484,57.9771],[37.499,57.9686],[37.4849,57.9687],[37.4786,57.9643],[37.4433,57.9821],[37.4277,57.9804],[37.4257,57.9841],[37.4196,57.9815],[37.4152,57.9811],[37.411,57.9827],[37.4044,57.9852],[37.4002,57.9856],[37.3967,57.9799],[37.3878,57.9794],[37.3853,57.9829],[37.3836,57.9843],[37.3793,57.9857],[37.3789,57.9881],[37.3766,57.9882],[37.3751,57.9899],[37.3685,57.9929],[37.3621,57.9892],[37.354,57.99],[37.3521,57.9867],[37.3477,57.9822],[37.3494,57.9734],[37.352,57.9698],[37.3562,57.9687],[37.3607,57.9707],[37.3667,57.9674],[37.36,57.9567],[37.3591,57.9515],[37.3619,57.9492],[37.3676,57.9474],[37.3756,57.9475],[37.3793,57.9492],[37.3834,57.9523],[37.3921,57.9479],[37.3904,57.9471],[37.387,57.9487],[37.3836,57.9476],[37.3836,57.9448],[37.3877,57.9411],[37.3917,57.9391],[37.3983,57.9398],[37.4039,57.9389],[37.4076,57.9398],[37.4061,57.9318],[37.4031,57.9254],[37.4145,57.9185],[37.4183,57.9175],[37.4204,57.9162],[37.4244,57.9153],[37.4238,57.9138],[37.4252,57.9129],[37.4404,57.9107],[37.4609,57.9072],[37.4609,57.904],[37.4616,57.9028],[37.4701,57.9007],[37.4731,57.901],[37.4867,57.9053],[37.4882,57.9072],[37.492,57.9096],[37.4933,57.9085],[37.4926,57.9061],[37.4834,57.9014],[37.4855,57.9001],[37.4847,57.8989],[37.4753,57.8976],[37.4705,57.8978],[37.4651,57.8999],[37.4608,57.8997],[37.4588,57.9017],[37.4534,57.9046],[37.4448,57.9072],[37.4391,57.9077],[37.4304,57.9073],[37.4214,57.9095],[37.4161,57.9099],[37.412,57.912],[37.4057,57.9114],[37.4021,57.911],[37.3991,57.9026],[37.3963,57.8995],[37.3959,57.8975],[37.3909,57.8984],[37.3874,57.9023],[37.3839,57.9029],[37.3807,57.9023],[37.3752,57.9013],[37.3745,57.9017],[37.3743,57.904],[37.3732,57.905],[37.3649,57.9054],[37.3608,57.9043],[37.3585,57.905],[37.3563,57.9032],[37.3491,57.8911],[37.3425,57.8882],[37.338,57.8851],[37.3303,57.8855]]]}},{"type":"Feature","properties":{"district":"Некрасовский район"},"geometry":{"type":"Polygon","coordinates":[[[40.0479,57.3686],[40.0496,57.3681],[40.0551,57.3673],[40.0579,57.3666],[40.0544,57.3598],[40.0583,57.3593],[40.062,57.3584],[40.073,57.352],[40.074,57.3503],[40.0762,57.3495],[40.0803,57.3499],[40.0851,57.352],[40.0985,57.36],[40.1012,57.3606],[40.1106,57.3593],[40.1135,57.358],[40.1122,57.356],[40.1123,57.354],[40.1138,57.3516],[40.1173,57.3507],[40.1281,57.3429],[40.1308,57.3419],[40.1374,57.3413],[40.1436,57.3441],[40.1477,57.3482],[40.1486,57.3504],[40.1524,57.3504],[40.1564,57.3507],[40.1588,57.3524],[40.1605,57.3546],[40.1608,57.3571],[40.1591,57.3581],[40.1541,57.3571],[40.1469,57.3561],[40.1402,57.357],[40.1322,57.3594],[40.1316,57.3634],[40.1341,57.3652],[40.1375,57.366],[40.1401,57.3657],[40.1444,57.3609],[40.146,57.3601],[40.1484,57.3612],[40.1509,57.3647],[40.1536,57.3652],[40.158,57.3653],[40.1636,57.3666],[40.1695,57.3689],[40.1725,57.3699],[40.1787,57.3706],[40.1829,57.3728],[40.1881,57.3765],[40.1905,57.377],[40.1981,57.3764],[40.202,57.379],[40.2062,57.3781],[40.2195,57.3731],[40.2345,57.3692],[40.2393,57.3686],[40.2432,57.3681],[40.246,57.3681],[40.249,57.3684],[40.2517,57.3668],[40.2571,57.3664],[40.261,57.3665],[40.2626,57.3672],[40.2631,57.3691],[40.275,57.3702],[40.2754,57.3707],[40.2781,57.3714],[40.2806,57.3723],[40.2822,57.3725],[40.2861,57.3746],[40.29,57.3739],[40.295,57.3757],[40.2983,57.3769],[40.3006,57.3789],[40.3048,57.3799],[40.3028,57.3825],[40.3038,57.3845],[40.3084,57.3843],[40.3119,57.3838],[40.3152,57.3806],[40.3169,57.381],[40.3178,57.3822],[40.3189,57.3825],[40.321,57.3829],[40.3245,57.3828],[40.3266,57.3819],[40.3288,57.3771],[40.3309,57.3723],[40.3327,57.3703],[40.3442,57.3658],[40.3458,57.3633],[40.346,57.3596],[40.3419,57.3547],[40.3407,57.354],[40.34,57.3488],[40.3341,57.3462],[40.3336,57.3444],[40.3336,57.3425],[40.3374,57.3429],[40.3458,57.3419],[40.3503,57.3413],[40.3526,57.3412],[40.3545,57.3361],[40.3613,57.3351],[40.361,57.3298],[40.3636,57.3288],[40.3679,57.3287],[40.372,57.3292],[40.3756,57.3281],[40.3803,57.3258],[40.3854,57.3256],[40.4008,57.3196],[40.4078,57.3181],[40.4242,57.3168],[40.4378,57.3147],[40.4381,57.3157],[40.4403,57.317],[40.4385,57.3184],[40.4371,57.3191],[40.4335,57.3191],[40.4296,57.3204],[40.4295,57.3229],[40.4283,57.3249],[40.4264,57.3261],[40.4253,57.3279],[40.4255,57.3284],[40.4261,57.3293],[40.4266,57.3305],[40.4265,57.3312],[40.4243,57.3356],[40.4247,57.338],[40.4347,57.3376],[40.4348,57.3411],[40.4349,57.3455],[40.4349,57.3473],[40.432,57.3473],[40.4299,57.3469],[40.429,57.3474],[40.427,57.3483],[40.426,57.3489],[40.4268,57.35],[40.4272,57.3503],[40.4277,57.3506],[40.4287,57.3514],[40.4305,57.3526],[40.4323,57.3538],[40.4334,57.3545],[40.4382,57.3557],[40.4388,57.3568],[40.4378,57.3583],[40.4367,57.3601],[40.4374,57.3617],[40.4384,57.3624],[40.4392,57.3642],[40.4403,57.3644],[40.4437,57.364],[40.4455,57.3653],[40.4482,57.366],[40.4473,57.3685],[40.447,57.3706],[40.4439,57.37],[40.4403,57.369],[40.4389,57.3688],[40.4374,57.3691],[40.4387,57.3716],[40.4398,57.374],[40.4391,57.3744],[40.4413,57.3761],[40.4416,57.3763],[40.4422,57.3759],[40.4435,57.3751],[40.4473,57.3769],[40.4469,57.3788],[40.4431,57.3795],[40.4412,57.3803],[40.4402,57.3793],[40.4387,57.3797],[40.4356,57.3797],[40.4285,57.3819],[40.4142,57.3828],[40.4138,57.3829],[40.4137,57.383],[40.4136,57.3832],[40.4131,57.3834],[40.4128,57.3835],[40.4128,57.3837],[40.4127,57.3839],[40.4126,57.384],[40.4126,57.3841],[40.4123,57.3843],[40.4119,57.3843],[40.4116,57.3843],[40.4114,57.3842],[40.411,57.3842],[40.4108,57.3843],[40.4109,57.3845],[40.4112,57.3845],[40.4112,57.3848],[40.4113,57.3848],[40.411,57.3849],[40.4108,57.3851],[40.4105,57.3852],[40.4102,57.3852],[40.4099,57.3852],[40.4094,57.3852],[40.4092,57.3852],[40.4091,57.3851],[40.4089,57.385],[40.4085,57.3849],[40.4082,57.3849],[40.408,57.385],[40.4079,57.385],[40.4077,57.3851],[40.4076,57.3852],[40.4072,57.3853],[40.4069,57.3852],[40.4066,57.3853],[40.4064,57.3854],[40.4062,57.3855],[40.406,57.3855],[40.4057,57.3854],[40.4054,57.3854],[40.4053,57.3855],[40.4052,57.3856],[40.4053,57.3857],[40.4054,57.3858],[40.4056,57.3858],[40.4056,57.3859],[40.4055,57.386],[40.4054,57.386],[40.4052,57.386],[40.405,57.3859],[40.4047,57.3859],[40.4043,57.386],[40.4043,57.3862],[40.4043,57.3863],[40.4042,57.3865],[40.4041,57.3865],[40.404,57.3865],[40.4037,57.3863],[40.4034,57.3863],[40.4032,57.3864],[40.4031,57.3864],[40.4031,57.3865],[40.4032,57.3866],[40.4034,57.3866],[40.4036,57.3867],[40.4037,57.3869],[40.4034,57.3871],[40.4028,57.3873],[40.402,57.3874],[40.4013,57.3878],[40.4007,57.389],[40.3981,57.3909],[40.3947,57.3921],[40.3945,57.3938],[40.3923,57.3966],[40.3901,57.3987],[40.3919,57.3988],[40.3909,57.4009],[40.3935,57.4012],[40.393,57.4018],[40.3923,57.4027],[40.3946,57.4046],[40.3933,57.4069],[40.4055,57.4086],[40.4131,57.4089],[40.4137,57.4081],[40.4214,57.4093],[40.4222,57.409],[40.4249,57.404],[40.4297,57.4043],[40.4354,57.4045],[40.4373,57.4053],[40.4384,57.4064],[40.4384,57.4074],[40.4382,57.4081],[40.4378,57.4083],[40.4362,57.409],[40.4352,57.4093],[40.4341,57.4092],[40.4335,57.409],[40.4328,57.4089],[40.4322,57.409],[40.432,57.4093],[40.4316,57.4104],[40.4294,57.4112],[40.4331,57.4123],[40.4318,57.4136],[40.4345,57.4143],[40.4334,57.4158],[40.444,57.4175],[40.4446,57.4206],[40.4445,57.4209],[40.4438,57.424],[40.4437,57.4242],[40.4434,57.4243],[40.4413,57.4246],[40.4403,57.4249],[40.4394,57.4251],[40.439,57.4253],[40.4389,57.4256],[40.4388,57.4268],[40.4382,57.4289],[40.4379,57.4296],[40.4375,57.43],[40.4366,57.4302],[40.4359,57.4305],[40.4357,57.4308],[40.4354,57.4313],[40.4352,57.432],[40.4349,57.4325],[40.4345,57.4333],[40.4343,57.4336],[40.4338,57.434],[40.4335,57.4345],[40.4335,57.4349],[40.4335,57.4352],[40.4336,57.4354],[40.4338,57.4355],[40.4341,57.4356],[40.4371,57.4361],[40.4375,57.4362],[40.4376,57.4362],[40.438,57.436],[40.4394,57.4347],[40.4396,57.4344],[40.4395,57.4342],[40.4394,57.434],[40.4393,57.4337],[40.4399,57.4331],[40.4402,57.4327],[40.4401,57.4324],[40.4402,57.4319],[40.4407,57.4319],[40.441,57.4319],[40.4411,57.432],[40.4411,57.4322],[40.4414,57.4323],[40.4418,57.4323],[40.4425,57.4323],[40.4431,57.4324],[40.4433,57.4324],[40.4433,57.4326],[40.4431,57.4331],[40.4428,57.4332],[40.4422,57.4332],[40.4418,57.4333],[40.4416,57.4337],[40.4414,57.4342],[40.441,57.4351],[40.4408,57.4353],[40.4405,57.4355],[40.44,57.4356],[40.4396,57.4357],[40.439,57.436],[40.4388,57.4363],[40.4389,57.4365],[40.439,57.4366],[40.4445,57.4381],[40.443,57.4385],[40.4428,57.4386],[40.4429,57.4388],[40.443,57.439],[40.4429,57.4392],[40.4428,57.4392],[40.4416,57.4397],[40.441,57.4398],[40.4407,57.44],[40.4405,57.4403],[40.4403,57.4409],[40.4403,57.4416],[40.4383,57.4426],[40.438,57.4426],[40.4375,57.4423],[40.4374,57.4421],[40.4372,57.4421],[40.437,57.4419],[40.4369,57.4417],[40.4365,57.4416],[40.4359,57.4416],[40.4355,57.4415],[40.4352,57.4414],[40.4349,57.4412],[40.4346,57.441],[40.4342,57.4408],[40.4338,57.4408],[40.4334,57.4408],[40.4329,57.4408],[40.4325,57.4407],[40.4322,57.4405],[40.4319,57.4401],[40.4315,57.4395],[40.4311,57.4393],[40.4311,57.439],[40.4307,57.4386],[40.4304,57.4384],[40.4298,57.4382],[40.4288,57.4377],[40.4283,57.4376],[40.4278,57.4375],[40.4273,57.4375],[40.4265,57.4377],[40.426,57.4377],[40.4255,57.4375],[40.4246,57.4371],[40.4243,57.4369],[40.424,57.4369],[40.4236,57.437],[40.4233,57.4372],[40.4222,57.4379],[40.4219,57.438],[40.4218,57.438],[40.4214,57.4383],[40.4217,57.4385],[40.422,57.4385],[40.4302,57.4412],[40.4339,57.4426],[40.4353,57.4441],[40.4355,57.4454],[40.4382,57.4467],[40.437,57.4481],[40.4399,57.4495],[40.4395,57.45],[40.4387,57.4505],[40.4385,57.4505],[40.4382,57.4504],[40.4378,57.4505],[40.4375,57.4505],[40.4369,57.4505],[40.4368,57.4507],[40.4368,57.4507],[40.4368,57.4508],[40.4369,57.451],[40.4367,57.4512],[40.4366,57.4512],[40.4365,57.4511],[40.4361,57.451],[40.4358,57.4511],[40.4357,57.4512],[40.4357,57.4512],[40.4357,57.4514],[40.4356,57.4515],[40.4354,57.4516],[40.4352,57.4516],[40.4348,57.4516],[40.4345,57.4516],[40.434,57.4517],[40.4339,57.4516],[40.4337,57.4515],[40.4336,57.4514],[40.4334,57.4513],[40.4332,57.4512],[40.4329,57.4512],[40.4327,57.4512],[40.4327,57.4513],[40.4327,57.4514],[40.4328,57.4515],[40.4328,57.4516],[40.4327,57.4517],[40.4325,57.4518],[40.4322,57.4518],[40.432,57.4518],[40.4318,57.4518],[40.4318,57.4517],[40.432,57.4516],[40.432,57.4515],[40.432,57.4514],[40.4318,57.4513],[40.4315,57.4512],[40.4312,57.4512],[40.4308,57.4513],[40.4305,57.4515],[40.4305,57.4516],[40.4304,57.4517],[40.4302,57.4518],[40.43,57.4519],[40.4301,57.452],[40.4301,57.4523],[40.4299,57.4525],[40.4296,57.4525],[40.4292,57.4526],[40.4293,57.4527],[40.4296,57.4529],[40.4296,57.4532],[40.4292,57.4534],[40.4288,57.4538],[40.4288,57.4552],[40.4231,57.457],[40.42,57.4568],[40.4168,57.4603],[40.4182,57.4626],[40.4161,57.4653],[40.4155,57.4664],[40.4247,57.4708],[40.4255,57.4714],[40.4262,57.4716],[40.4271,57.4716],[40.4319,57.4712],[40.4321,57.4724],[40.431,57.4734],[40.4285,57.4747],[40.428,57.4752],[40.4278,57.4756],[40.427,57.4766],[40.4263,57.4769],[40.4256,57.4774],[40.4255,57.4777],[40.4255,57.478],[40.4256,57.4784],[40.4232,57.4791],[40.4209,57.4801],[40.4201,57.481],[40.4201,57.4828],[40.4207,57.4834],[40.4254,57.485],[40.4265,57.4854],[40.4267,57.4856],[40.4267,57.4859],[40.423,57.4875],[40.4056,57.4935],[40.4132,57.4988],[40.415,57.5],[40.4157,57.5006],[40.4163,57.501],[40.4172,57.5015],[40.4176,57.5018],[40.4179,57.502],[40.4185,57.5023],[40.4187,57.5026],[40.4189,57.5029],[40.4191,57.5031],[40.4191,57.5033],[40.419,57.5037],[40.4189,57.504],[40.419,57.5044],[40.4192,57.5048],[40.4194,57.5052],[40.4199,57.5057],[40.42,57.506],[40.4202,57.5064],[40.4203,57.5069],[40.4204,57.5073],[40.4206,57.5077],[40.421,57.5081],[40.4215,57.5083],[40.4219,57.5084],[40.4227,57.5084],[40.4235,57.5085],[40.424,57.5085],[40.4242,57.5086],[40.4243,57.5087],[40.4244,57.5089],[40.4245,57.5092],[40.4246,57.5094],[40.4246,57.5097],[40.4247,57.5098],[40.4249,57.51],[40.4252,57.5101],[40.4255,57.5102],[40.4259,57.5104],[40.4261,57.5106],[40.4262,57.5108],[40.4265,57.511],[40.4269,57.5113],[40.4272,57.5115],[40.4276,57.5118],[40.4278,57.5119],[40.4282,57.5122],[40.4286,57.5124],[40.429,57.5125],[40.4294,57.5126],[40.4301,57.5127],[40.4305,57.5126],[40.431,57.5124],[40.431,57.5101],[40.4335,57.5095],[40.435,57.5084],[40.4351,57.5076],[40.4343,57.5065],[40.437,57.5061],[40.4381,57.5074],[40.4396,57.5066],[40.4428,57.5043],[40.4428,57.5042],[40.4427,57.5039],[40.4428,57.5037],[40.443,57.5036],[40.4435,57.5035],[40.4454,57.5036],[40.4468,57.5033],[40.4494,57.5024],[40.4519,57.5018],[40.4562,57.5057],[40.4547,57.5064],[40.4515,57.5072],[40.4506,57.5064],[40.4493,57.5069],[40.4514,57.5096],[40.4532,57.5107],[40.4626,57.5116],[40.4651,57.5107],[40.4706,57.5109],[40.477,57.5086],[40.4809,57.5071],[40.4827,57.5057],[40.4864,57.5059],[40.4885,57.5043],[40.4932,57.5034],[40.4964,57.5037],[40.4995,57.5023],[40.5025,57.5041],[40.4992,57.5076],[40.507,57.5096],[40.507,57.5108],[40.5069,57.5112],[40.5061,57.5133],[40.5061,57.514],[40.506,57.5148],[40.5058,57.5149],[40.5056,57.5157],[40.5058,57.5158],[40.506,57.5159],[40.5063,57.516],[40.5067,57.5163],[40.5065,57.5166],[40.5055,57.5173],[40.5046,57.5178],[40.4962,57.5169],[40.4886,57.5187],[40.4828,57.5205],[40.4764,57.5191],[40.4749,57.519],[40.4705,57.5187],[40.4689,57.5195],[40.4672,57.5204],[40.4719,57.5228],[40.473,57.5241],[40.4791,57.5266],[40.479,57.5271],[40.4785,57.5273],[40.4777,57.5275],[40.4768,57.5276],[40.4764,57.5279],[40.4761,57.5281],[40.4757,57.5283],[40.4755,57.5288],[40.4753,57.5295],[40.4749,57.5296],[40.4734,57.5294],[40.4725,57.5295],[40.4717,57.53],[40.471,57.5304],[40.4705,57.5304],[40.4693,57.53],[40.4688,57.5301],[40.4683,57.5305],[40.4677,57.531],[40.4675,57.5316],[40.4672,57.5319],[40.4651,57.533],[40.4645,57.5331],[40.4639,57.533],[40.4626,57.5325],[40.4622,57.5325],[40.4619,57.5326],[40.4616,57.533],[40.4615,57.5333],[40.4614,57.5337],[40.4611,57.5339],[40.4608,57.5339],[40.4603,57.5339],[40.459,57.5334],[40.4582,57.5333],[40.4579,57.5334],[40.4575,57.5336],[40.4568,57.5345],[40.4563,57.535],[40.4558,57.535],[40.4554,57.5346],[40.4547,57.5335],[40.4542,57.5332],[40.4531,57.5329],[40.452,57.5326],[40.4515,57.5325],[40.4512,57.5325],[40.451,57.5327],[40.451,57.5331],[40.4511,57.5335],[40.4511,57.5344],[40.4509,57.5346],[40.4505,57.5347],[40.4502,57.5347],[40.45,57.5346],[40.4491,57.5343],[40.4481,57.5338],[40.4471,57.5333],[40.4466,57.5332],[40.4462,57.5332],[40.4458,57.5335],[40.4456,57.5338],[40.4455,57.534],[40.4455,57.5342],[40.4457,57.5343],[40.4468,57.5344],[40.4474,57.5345],[40.4479,57.5348],[40.4479,57.5351],[40.4476,57.5353],[40.447,57.5355],[40.4462,57.5355],[40.4456,57.5354],[40.4437,57.5345],[40.4431,57.5344],[40.4428,57.5344],[40.4426,57.5345],[40.4426,57.5346],[40.4427,57.5348],[40.4428,57.535],[40.4431,57.5352],[40.4437,57.5354],[40.4441,57.5356],[40.4453,57.5361],[40.4462,57.5363],[40.4466,57.5364],[40.4467,57.5367],[40.4464,57.5369],[40.445,57.5369],[40.4444,57.5368],[40.444,57.5368],[40.4431,57.5365],[40.4425,57.5364],[40.4421,57.5365],[40.442,57.5367],[40.4422,57.5371],[40.443,57.5376],[40.4435,57.5377],[40.4445,57.538],[40.4448,57.5383],[40.4446,57.5385],[40.4431,57.5388],[40.4426,57.5387],[40.4418,57.5384],[40.4416,57.5382],[40.4408,57.538],[40.4404,57.5381],[40.4402,57.5382],[40.4403,57.5385],[40.4407,57.539],[40.441,57.5392],[40.4412,57.5395],[40.4414,57.5396],[40.4417,57.5397],[40.442,57.5399],[40.4424,57.5399],[40.4427,57.54],[40.443,57.5401],[40.4433,57.5403],[40.443,57.5405],[40.4424,57.5409],[40.4418,57.5411],[40.4415,57.5413],[40.4411,57.5418],[40.4412,57.5421],[40.4414,57.5422],[40.4423,57.5422],[40.4429,57.5423],[40.4429,57.5424],[40.4429,57.5428],[40.4425,57.5429],[40.4415,57.5429],[40.441,57.5429],[40.4409,57.5431],[40.4411,57.5432],[40.4415,57.5435],[40.4419,57.5436],[40.4422,57.544],[40.4423,57.5444],[40.4426,57.5447],[40.443,57.5447],[40.4434,57.5447],[40.4435,57.5446],[40.4437,57.5443],[40.4441,57.5441],[40.4444,57.5442],[40.4447,57.5442],[40.4451,57.5444],[40.4457,57.5447],[40.4463,57.5448],[40.4465,57.5451],[40.4462,57.5456],[40.4448,57.5464],[40.4445,57.5469],[40.4445,57.5472],[40.4448,57.5475],[40.4456,57.5478],[40.4472,57.5482],[40.4478,57.5483],[40.4482,57.5486],[40.4485,57.5492],[40.4483,57.5502],[40.4483,57.5507],[40.449,57.5509],[40.4524,57.5508],[40.4534,57.5509],[40.4537,57.5513],[40.4521,57.5519],[40.4493,57.5534],[40.4483,57.554],[40.4481,57.5564],[40.4476,57.5575],[40.4477,57.5589],[40.4477,57.5594],[40.4482,57.5592],[40.4484,57.5587],[40.4488,57.5581],[40.4507,57.5572],[40.4532,57.5569],[40.4538,57.5571],[40.4558,57.5584],[40.4568,57.5596],[40.4585,57.5611],[40.4599,57.5616],[40.4605,57.5623],[40.4606,57.5636],[40.465,57.5659],[40.4872,57.5616],[40.4902,57.5595],[40.5054,57.5664],[40.5072,57.5681],[40.5032,57.5722],[40.5032,57.5727],[40.5017,57.5753],[40.5013,57.576],[40.4983,57.5819],[40.5025,57.582],[40.5078,57.584],[40.5109,57.5818],[40.514,57.584],[40.5162,57.5858],[40.5174,57.5868],[40.5171,57.5888],[40.5158,57.5925],[40.5248,57.593],[40.5304,57.5904],[40.5342,57.588],[40.539,57.5862],[40.5398,57.5848],[40.5473,57.5855],[40.549,57.5826],[40.5582,57.5851],[40.5594,57.5843],[40.5641,57.5859],[40.5674,57.5897],[40.5681,57.5909],[40.5705,57.591],[40.5721,57.5922],[40.5724,57.5922],[40.5757,57.591],[40.5789,57.594],[40.5798,57.5955],[40.5816,57.5957],[40.5827,57.5962],[40.5848,57.5966],[40.586,57.5961],[40.5863,57.5957],[40.5868,57.5953],[40.5885,57.5951],[40.5918,57.5975],[40.5951,57.597],[40.5972,57.5965],[40.5995,57.5963],[40.6072,57.5952],[40.6107,57.5946],[40.6153,57.5933],[40.6139,57.5914],[40.6134,57.5914],[40.6123,57.5898],[40.6075,57.5874],[40.6041,57.5845],[40.6068,57.5819],[40.6076,57.5796],[40.6075,57.5789],[40.6049,57.5755],[40.6041,57.5752],[40.6034,57.5749],[40.6027,57.5746],[40.5987,57.5722],[40.6065,57.5707],[40.6125,57.5694],[40.6135,57.5694],[40.6142,57.5692],[40.6151,57.5693],[40.6163,57.5692],[40.6165,57.57],[40.6169,57.5705],[40.6175,57.5705],[40.6195,57.57],[40.6229,57.5704],[40.6258,57.5696],[40.627,57.5691],[40.6273,57.5691],[40.6276,57.5693],[40.632,57.5688],[40.6323,57.5694],[40.633,57.5702],[40.6335,57.5712],[40.6372,57.5752],[40.6388,57.5782],[40.6434,57.5804],[40.6449,57.58],[40.6466,57.5809],[40.6504,57.5853],[40.6545,57.5868],[40.6602,57.5888],[40.6735,57.5935],[40.6778,57.6002],[40.6797,57.6023],[40.6854,57.608],[40.6863,57.6087],[40.6886,57.6103],[40.6901,57.6127],[40.693,57.6181],[40.6944,57.6196],[40.6959,57.6212],[40.6964,57.6215],[40.6968,57.6218],[40.6993,57.6232],[40.7001,57.6236],[40.7009,57.624],[40.7021,57.6245],[40.7025,57.6245],[40.7073,57.6258],[40.7062,57.6262],[40.7056,57.6264],[40.7053,57.6267],[40.7048,57.627],[40.7043,57.6272],[40.704,57.6275],[40.704,57.6277],[40.7041,57.6278],[40.7041,57.628],[40.7039,57.6283],[40.7036,57.6285],[40.7033,57.6287],[40.7033,57.6289],[40.7035,57.6291],[40.7041,57.6294],[40.7042,57.6295],[40.7042,57.6297],[40.7044,57.63],[40.7044,57.6302],[40.7048,57.6307],[40.7048,57.6311],[40.7048,57.6313],[40.7044,57.6318],[40.7041,57.632],[40.7037,57.6322],[40.7034,57.6325],[40.7032,57.6327],[40.7028,57.6329],[40.7027,57.6331],[40.7028,57.6331],[40.7039,57.6336],[40.7051,57.6341],[40.7058,57.6343],[40.7086,57.6348],[40.7056,57.6382],[40.7036,57.6386],[40.7023,57.639],[40.6974,57.6383],[40.6973,57.6388],[40.6974,57.6392],[40.6975,57.6396],[40.6974,57.6399],[40.6973,57.6406],[40.7007,57.641],[40.7026,57.6411],[40.7056,57.6429],[40.7064,57.6428],[40.7072,57.6427],[40.7104,57.6427],[40.7114,57.6452],[40.7117,57.6476],[40.7127,57.6514],[40.7081,57.6526],[40.7105,57.6551],[40.7181,57.6621],[40.7128,57.6664],[40.7058,57.6721],[40.6768,57.6951],[40.6734,57.6975],[40.6558,57.697],[40.6585,57.7056],[40.6607,57.7119],[40.6617,57.7156],[40.6633,57.7174],[40.6638,57.7181],[40.6644,57.7185],[40.6653,57.7198],[40.6656,57.7199],[40.6659,57.7201],[40.667,57.7223],[40.6672,57.723],[40.6672,57.7232],[40.6674,57.7233],[40.6678,57.7233],[40.6688,57.7233],[40.6707,57.7232],[40.6713,57.7232],[40.6717,57.7234],[40.6719,57.7236],[40.672,57.7239],[40.6717,57.7242],[40.6712,57.7246],[40.6707,57.7252],[40.6706,57.7256],[40.6706,57.7259],[40.6707,57.726],[40.671,57.7261],[40.6715,57.7261],[40.673,57.726],[40.6735,57.726],[40.6737,57.726],[40.6739,57.7261],[40.674,57.7263],[40.6742,57.7264],[40.6747,57.7264],[40.6768,57.7264],[40.6775,57.7265],[40.6778,57.7267],[40.678,57.7277],[40.6778,57.7287],[40.6775,57.7294],[40.6773,57.7296],[40.6766,57.7298],[40.6758,57.73],[40.6754,57.7301],[40.6749,57.7301],[40.6743,57.7301],[40.6738,57.73],[40.6686,57.7298],[40.6652,57.7297],[40.6639,57.7297],[40.6633,57.7297],[40.6622,57.7297],[40.6602,57.7297],[40.6572,57.7294],[40.656,57.7293],[40.6554,57.7292],[40.6554,57.7292],[40.6531,57.7287],[40.6519,57.7282],[40.6509,57.7276],[40.6502,57.7274],[40.6485,57.7271],[40.6471,57.7275],[40.6489,57.7333],[40.6522,57.7438],[40.6545,57.7506],[40.6575,57.7593],[40.6457,57.7623],[40.6396,57.7642],[40.631,57.7668],[40.6245,57.7685],[40.6229,57.7697],[40.6214,57.7712],[40.6207,57.7721],[40.6208,57.7724],[40.6194,57.7734],[40.6161,57.7762],[40.6157,57.7768],[40.6146,57.7784],[40.6133,57.7808],[40.6133,57.7812],[40.6134,57.7816],[40.6138,57.7818],[40.6145,57.782],[40.6274,57.7844],[40.6286,57.7846],[40.6305,57.7845],[40.6318,57.7847],[40.6328,57.7851],[40.6336,57.7854],[40.6342,57.7855],[40.635,57.7855],[40.6357,57.7856],[40.6362,57.7858],[40.6363,57.7861],[40.6361,57.7864],[40.6354,57.7865],[40.635,57.7866],[40.6346,57.7867],[40.6345,57.7871],[40.6347,57.79],[40.6346,57.7908],[40.6346,57.7915],[40.6343,57.7921],[40.6338,57.7926],[40.6326,57.793],[40.6318,57.7933],[40.6291,57.7949],[40.6285,57.7952],[40.6279,57.7955],[40.6273,57.7958],[40.6307,57.7983],[40.6354,57.7966],[40.6389,57.7955],[40.6406,57.7952],[40.6418,57.7952],[40.6434,57.7953],[40.6453,57.7957],[40.6468,57.7961],[40.6483,57.7966],[40.6499,57.7973],[40.6508,57.798],[40.6512,57.799],[40.651,57.8011],[40.6498,57.8056],[40.6496,57.808],[40.6503,57.8099],[40.651,57.8113],[40.652,57.8126],[40.6526,57.8145],[40.6522,57.8168],[40.6508,57.8192],[40.6478,57.822],[40.6415,57.8273],[40.639,57.8293],[40.6359,57.8316],[40.6317,57.8341],[40.6287,57.8369],[40.6238,57.8424],[40.6221,57.8451],[40.622,57.8467],[40.6225,57.8479],[40.6274,57.8512],[40.6374,57.8568],[40.6389,57.858],[40.6395,57.8591],[40.64,57.8618],[40.6397,57.8631],[40.6383,57.8645],[40.6314,57.8679],[40.6287,57.869],[40.6269,57.8699],[40.6258,57.8711],[40.6255,57.8715],[40.6252,57.872],[40.6249,57.8725],[40.6245,57.8732],[40.6233,57.8745],[40.6219,57.8753],[40.6201,57.876],[40.6178,57.8769],[40.6146,57.8783],[40.6131,57.8795],[40.6115,57.8812],[40.6086,57.8856],[40.603,57.8926],[40.6005,57.8949],[40.5994,57.8956],[40.5977,57.8971],[40.5955,57.8958],[40.5936,57.8948],[40.5913,57.8934],[40.5912,57.8935],[40.5911,57.8936],[40.591,57.8936],[40.5908,57.8937],[40.5907,57.8937],[40.5906,57.8938],[40.5906,57.8939],[40.5906,57.894],[40.5906,57.8941],[40.5901,57.8943],[40.5899,57.8944],[40.5897,57.8944],[40.5895,57.8944],[40.5893,57.8944],[40.5892,57.8944],[40.5891,57.8944],[40.589,57.8944],[40.5889,57.8945],[40.5888,57.8946],[40.5887,57.8947],[40.5886,57.8947],[40.5884,57.8946],[40.5883,57.8946],[40.5882,57.8945],[40.5881,57.8945],[40.5879,57.8945],[40.5878,57.8945],[40.5876,57.8945],[40.5875,57.8945],[40.5874,57.8945],[40.5872,57.8945],[40.5871,57.8945],[40.5868,57.8946],[40.5866,57.8946],[40.5864,57.8947],[40.586,57.8946],[40.5858,57.8946],[40.5856,57.8946],[40.5854,57.8946],[40.5852,57.8947],[40.5849,57.8949],[40.5838,57.8955],[40.5835,57.8956],[40.5833,57.8956],[40.5832,57.8957],[40.583,57.8958],[40.5827,57.8959],[40.5825,57.8959],[40.5822,57.8959],[40.582,57.8958],[40.5819,57.8957],[40.5819,57.8956],[40.5819,57.8954],[40.5816,57.8953],[40.5815,57.8951],[40.5812,57.8948],[40.581,57.8947],[40.5808,57.8946],[40.5806,57.8945],[40.5805,57.8944],[40.5804,57.8943],[40.5803,57.8943],[40.5801,57.8943],[40.5798,57.8943],[40.5796,57.8943],[40.5793,57.8943],[40.5792,57.8943],[40.579,57.8943],[40.579,57.8944],[40.579,57.8945],[40.5788,57.8946],[40.5786,57.8947],[40.5785,57.8948],[40.5782,57.8949],[40.5779,57.8949],[40.5777,57.895],[40.5777,57.8951],[40.5777,57.8952],[40.5778,57.8953],[40.5779,57.8954],[40.5779,57.8955],[40.5779,57.8956],[40.5778,57.8956],[40.5776,57.8956],[40.5774,57.8956],[40.5772,57.8957],[40.5771,57.8958],[40.5768,57.8959],[40.5765,57.8959],[40.5762,57.8959],[40.5758,57.8958],[40.5755,57.8957],[40.5754,57.8956],[40.5753,57.8953],[40.5752,57.8951],[40.5751,57.8951],[40.575,57.895],[40.5749,57.895],[40.5749,57.895],[40.5748,57.8951],[40.5748,57.8951],[40.5747,57.8952],[40.5747,57.8955],[40.5746,57.8957],[40.5745,57.896],[40.5745,57.8963],[40.5745,57.8964],[40.5746,57.8966],[40.5746,57.8967],[40.5746,57.8968],[40.5746,57.8969],[40.5745,57.897],[40.5743,57.8971],[40.574,57.8972],[40.5738,57.8973],[40.5735,57.8974],[40.5733,57.8975],[40.5732,57.8976],[40.573,57.8978],[40.5728,57.898],[40.5726,57.8981],[40.5723,57.8982],[40.5719,57.8983],[40.5716,57.8983],[40.5713,57.8982],[40.571,57.8982],[40.5706,57.8982],[40.5704,57.8981],[40.5701,57.8981],[40.5698,57.8981],[40.5696,57.8982],[40.5695,57.8983],[40.5695,57.8984],[40.5695,57.8985],[40.5693,57.8986],[40.5692,57.8987],[40.5689,57.8987],[40.5687,57.8987],[40.5685,57.8986],[40.5685,57.8985],[40.5685,57.8982],[40.5684,57.898],[40.5684,57.8979],[40.5681,57.8977],[40.568,57.8976],[40.5678,57.8975],[40.5675,57.8975],[40.5671,57.8975],[40.5665,57.8976],[40.5661,57.8977],[40.5657,57.8979],[40.5655,57.8981],[40.5654,57.8982],[40.5651,57.8983],[40.5648,57.8984],[40.5645,57.8985],[40.5643,57.8986],[40.5642,57.8987],[40.5639,57.8989],[40.5637,57.8989],[40.5635,57.899],[40.5631,57.8991],[40.5627,57.8993],[40.5624,57.8995],[40.562,57.8998],[40.5619,57.9001],[40.5618,57.9004],[40.5618,57.9006],[40.5617,57.9009],[40.5615,57.9011],[40.5614,57.9014],[40.5612,57.9017],[40.5611,57.9019],[40.561,57.9025],[40.561,57.9029],[40.5605,57.9042],[40.5598,57.9045],[40.5589,57.9048],[40.5587,57.9049],[40.5586,57.905],[40.5586,57.9053],[40.5585,57.9055],[40.5582,57.9057],[40.5578,57.9059],[40.5574,57.906],[40.557,57.9061],[40.5564,57.9062],[40.556,57.9063],[40.5558,57.9064],[40.5554,57.9066],[40.5552,57.9067],[40.5548,57.9069],[40.5546,57.907],[40.5544,57.9071],[40.5543,57.9072],[40.554,57.9073],[40.5536,57.9076],[40.5531,57.9081],[40.5527,57.9084],[40.5522,57.9087],[40.5517,57.9089],[40.5513,57.909],[40.5471,57.9092],[40.5447,57.9096],[40.5434,57.9085],[40.5408,57.9073],[40.5348,57.9083],[40.5322,57.9093],[40.5288,57.9087],[40.526,57.9093],[40.5237,57.9101],[40.5225,57.9105],[40.5172,57.9116],[40.5132,57.9125],[40.5105,57.9135],[40.509,57.9147],[40.509,57.9165],[40.5085,57.918],[40.5073,57.9192],[40.5044,57.9188],[40.5032,57.9189],[40.502,57.9197],[40.5007,57.921],[40.4994,57.9223],[40.4972,57.9218],[40.495,57.9219],[40.4928,57.923],[40.4896,57.922],[40.4873,57.9205],[40.4859,57.9183],[40.4858,57.9164],[40.4855,57.9152],[40.4851,57.9134],[40.4873,57.9114],[40.4875,57.9097],[40.4859,57.9084],[40.4856,57.9072],[40.4864,57.9061],[40.4846,57.9044],[40.4806,57.9032],[40.48,57.9031],[40.4777,57.9025],[40.476,57.9031],[40.4731,57.9046],[40.4723,57.9031],[40.4702,57.9026],[40.4614,57.9025],[40.4551,57.9027],[40.4462,57.9014],[40.438,57.8988],[40.4347,57.8973],[40.436,57.8933],[40.4353,57.8856],[40.4426,57.8834],[40.4398,57.8777],[40.4343,57.8779],[40.4311,57.8807],[40.4306,57.8812],[40.4293,57.8802],[40.426,57.8803],[40.4244,57.8807],[40.4236,57.8809],[40.4187,57.8784],[40.418,57.8784],[40.4173,57.8787],[40.4174,57.8807],[40.4158,57.8816],[40.4106,57.8824],[40.4085,57.8798],[40.4011,57.8804],[40.3985,57.8819],[40.3975,57.8819],[40.3963,57.8813],[40.3955,57.8813],[40.3919,57.8829],[40.3753,57.8825],[40.3744,57.8858],[40.3673,57.8861],[40.3665,57.8864],[40.3662,57.8901],[40.3594,57.8903],[40.3561,57.8985],[40.355,57.8997],[40.3537,57.9003],[40.34,57.8987],[40.3401,57.8972],[40.3419,57.8965],[40.3431,57.8964],[40.3443,57.8967],[40.347,57.8957],[40.3472,57.894],[40.349,57.8932],[40.3491,57.8925],[40.348,57.8916],[40.3478,57.8909],[40.349,57.8909],[40.3504,57.8912],[40.3548,57.8896],[40.3549,57.8884],[40.3434,57.8857],[40.3431,57.8785],[40.3314,57.8783],[40.3314,57.8803],[40.3171,57.8828],[40.3028,57.8824],[40.3034,57.8839],[40.2996,57.8843],[40.2952,57.8842],[40.2917,57.8839],[40.2889,57.8811],[40.2872,57.8812],[40.2888,57.8858],[40.2817,57.8861],[40.2818,57.8872],[40.2795,57.8881],[40.2776,57.8883],[40.2773,57.8875],[40.2708,57.8879],[40.2705,57.8895],[40.2596,57.8926],[40.2564,57.8926],[40.2554,57.893],[40.2488,57.8931],[40.2453,57.8929],[40.2424,57.8925],[40.2375,57.8904],[40.2338,57.8891],[40.2306,57.8879],[40.224,57.886],[40.2191,57.8849],[40.2149,57.8843],[40.2115,57.8813],[40.2148,57.8813],[40.2187,57.8785],[40.2201,57.8756],[40.2233,57.8725],[40.2273,57.87],[40.2268,57.8634],[40.2286,57.8621],[40.2273,57.8608],[40.2279,57.8566],[40.2284,57.8562],[40.2292,57.855],[40.2349,57.8526],[40.2357,57.8517],[40.24,57.8502],[40.2394,57.8496],[40.239,57.8485],[40.2383,57.8475],[40.2383,57.8461],[40.2389,57.8457],[40.2389,57.8455],[40.2381,57.8454],[40.2376,57.8434],[40.2306,57.8432],[40.2309,57.8421],[40.2294,57.8418],[40.229,57.8415],[40.2273,57.8409],[40.2246,57.84],[40.2239,57.8397],[40.2226,57.8402],[40.2205,57.8393],[40.2204,57.8384],[40.22,57.8378],[40.2199,57.8374],[40.2202,57.8369],[40.2195,57.8356],[40.2186,57.8342],[40.2189,57.8329],[40.2193,57.8322],[40.2189,57.8312],[40.2185,57.831],[40.2184,57.8304],[40.2175,57.8298],[40.22,57.8293],[40.2224,57.8289],[40.2246,57.8281],[40.2243,57.8278],[40.2251,57.8274],[40.2275,57.8269],[40.2297,57.8264],[40.2319,57.8257],[40.2339,57.8257],[40.236,57.8251],[40.2381,57.825],[40.2402,57.8249],[40.2434,57.8212],[40.2456,57.8204],[40.2486,57.8193],[40.2586,57.8163],[40.2679,57.8134],[40.2696,57.8139],[40.2738,57.8143],[40.2803,57.8147],[40.2774,57.8093],[40.2707,57.8076],[40.2649,57.809],[40.2615,57.805],[40.268,57.8024],[40.2733,57.8023],[40.2728,57.8013],[40.2669,57.8012],[40.2734,57.798],[40.2732,57.7958],[40.2701,57.7944],[40.2696,57.7938],[40.2665,57.7924],[40.2632,57.79],[40.2562,57.7883],[40.2548,57.7876],[40.2549,57.7866],[40.2552,57.7863],[40.2553,57.7735],[40.2465,57.774],[40.2461,57.7773],[40.2451,57.7772],[40.2442,57.7763],[40.2406,57.7762],[40.2375,57.7751],[40.236,57.7752],[40.2348,57.7745],[40.2341,57.7749],[40.2342,57.7755],[40.2319,57.7762],[40.2305,57.778],[40.2294,57.7776],[40.2232,57.7782],[40.22,57.7782],[40.2194,57.7775],[40.218,57.7771],[40.217,57.7765],[40.2175,57.776],[40.2181,57.7715],[40.2123,57.7704],[40.2084,57.7699],[40.2041,57.7695],[40.2005,57.7703],[40.1965,57.7693],[40.1957,57.7667],[40.1923,57.7669],[40.1914,57.7667],[40.1843,57.7661],[40.1835,57.7677],[40.1837,57.7686],[40.1867,57.7688],[40.1858,57.7706],[40.1815,57.7716],[40.1798,57.7759],[40.172,57.7808],[40.1689,57.7808],[40.1591,57.7749],[40.1493,57.7786],[40.1406,57.7809],[40.136,57.7822],[40.1265,57.7782],[40.1229,57.7751],[40.1169,57.7767],[40.1129,57.7765],[40.1034,57.776],[40.1011,57.7766],[40.0997,57.7757],[40.0978,57.7744],[40.0946,57.7739],[40.0938,57.7739],[40.0885,57.7741],[40.077,57.7729],[40.0707,57.7723],[40.0684,57.7678],[40.0693,57.7646],[40.0714,57.762],[40.076,57.7618],[40.0771,57.7623],[40.0783,57.7622],[40.0784,57.762],[40.0782,57.7617],[40.0779,57.7615],[40.0775,57.7613],[40.0771,57.7609],[40.0769,57.7609],[40.0765,57.7609],[40.0765,57.7606],[40.076,57.758],[40.0809,57.7546],[40.0808,57.7526],[40.0893,57.7496],[40.0903,57.7486],[40.092,57.7457],[40.0887,57.7412],[40.0853,57.735],[40.0841,57.7346],[40.0837,57.7342],[40.0811,57.734],[40.0777,57.7309],[40.0759,57.7302],[40.0726,57.7277],[40.0699,57.725],[40.0708,57.7238],[40.0731,57.7228],[40.0747,57.721],[40.0785,57.718],[40.0807,57.7151],[40.0807,57.7145],[40.0815,57.7138],[40.0824,57.7119],[40.0833,57.7106],[40.0882,57.7073],[40.0884,57.7068],[40.0876,57.7062],[40.0876,57.706],[40.0881,57.7048],[40.0892,57.7029],[40.0859,57.6997],[40.0847,57.6955],[40.0854,57.6938],[40.0824,57.6928],[40.0868,57.691],[40.0958,57.688],[40.1084,57.6831],[40.113,57.6842],[40.1136,57.684],[40.1325,57.6865],[40.1342,57.6863],[40.1362,57.685],[40.1358,57.6845],[40.1335,57.6834],[40.1329,57.6834],[40.132,57.6835],[40.1284,57.6822],[40.1287,57.6813],[40.1307,57.6767],[40.1352,57.6768],[40.1401,57.6727],[40.1431,57.6701],[40.1445,57.6674],[40.1439,57.6666],[40.1431,57.6661],[40.1417,57.6664],[40.1411,57.6662],[40.1399,57.6645],[40.1395,57.6619],[40.1392,57.6613],[40.1393,57.6607],[40.1398,57.6607],[40.1402,57.6609],[40.1427,57.6605],[40.1439,57.6609],[40.145,57.661],[40.146,57.6612],[40.147,57.6612],[40.1481,57.6612],[40.1488,57.6578],[40.148,57.6575],[40.1474,57.657],[40.148,57.6567],[40.1466,57.6551],[40.1477,57.6537],[40.1483,57.6531],[40.1484,57.6525],[40.1491,57.652],[40.1519,57.6497],[40.1508,57.6485],[40.1493,57.6474],[40.1489,57.6473],[40.1484,57.6468],[40.148,57.6402],[40.1394,57.6353],[40.1387,57.6341],[40.138,57.6326],[40.137,57.6309],[40.1363,57.6292],[40.1338,57.6274],[40.1328,57.6217],[40.1319,57.6158],[40.1327,57.6153],[40.1343,57.6152],[40.1374,57.6157],[40.142,57.6167],[40.1461,57.6172],[40.1467,57.6169],[40.1468,57.6141],[40.1467,57.6137],[40.1462,57.6134],[40.1447,57.6132],[40.1397,57.6127],[40.137,57.6124],[40.1353,57.6123],[40.1313,57.6122],[40.1306,57.6091],[40.1301,57.6063],[40.1321,57.6064],[40.1332,57.6066],[40.1342,57.607],[40.1363,57.6074],[40.1374,57.6072],[40.1416,57.608],[40.1437,57.6094],[40.1439,57.61],[40.1461,57.6111],[40.1464,57.6119],[40.1474,57.6123],[40.1484,57.6123],[40.1534,57.6099],[40.1531,57.6092],[40.154,57.6088],[40.1597,57.6101],[40.1625,57.6106],[40.1638,57.6108],[40.171,57.6121],[40.1756,57.6134],[40.1781,57.6145],[40.1787,57.6146],[40.179,57.6146],[40.1792,57.6147],[40.1793,57.6147],[40.1792,57.6155],[40.1865,57.6162],[40.1922,57.6163],[40.1955,57.6179],[40.1966,57.6178],[40.1976,57.6181],[40.1987,57.618],[40.1995,57.6169],[40.2053,57.6166],[40.2105,57.6165],[40.221,57.6174],[40.2307,57.6105],[40.2388,57.6123],[40.2501,57.6019],[40.239,57.5951],[40.2383,57.5939],[40.244,57.5879],[40.2524,57.5782],[40.2635,57.5797],[40.2727,57.5802],[40.278,57.5802],[40.2902,57.5838],[40.309,57.5915],[40.3183,57.5939],[40.3277,57.596],[40.3362,57.5959],[40.3365,57.5954],[40.3406,57.5959],[40.3472,57.5992],[40.3462,57.601],[40.3485,57.609],[40.3697,57.6068],[40.3724,57.6098],[40.385,57.6062],[40.3874,57.6042],[40.3904,57.6004],[40.3915,57.5992],[40.3963,57.5974],[40.4012,57.5942],[40.3975,57.591],[40.3992,57.5885],[40.4024,57.5865],[40.4021,57.5854],[40.4073,57.5841],[40.4191,57.5743],[40.4231,57.5709],[40.4184,57.5697],[40.4162,57.5728],[40.4122,57.5766],[40.4015,57.5842],[40.3962,57.5836],[40.3977,57.5761],[40.3976,57.5714],[40.4101,57.5629],[40.4112,57.5604],[40.4146,57.5582],[40.4204,57.5588],[40.4226,57.5559],[40.4178,57.5516],[40.4087,57.5564],[40.4065,57.5601],[40.402,57.563],[40.3904,57.5628],[40.3857,57.5606],[40.3821,57.5572],[40.3732,57.5501],[40.3703,57.5505],[40.3577,57.5534],[40.3512,57.5497],[40.3425,57.5504],[40.3345,57.5536],[40.3352,57.5551],[40.3288,57.5574],[40.3348,57.5635],[40.3314,57.5658],[40.3327,57.5692],[40.3264,57.5742],[40.3189,57.5736],[40.3147,57.5693],[40.3129,57.5678],[40.3049,57.5691],[40.3032,57.5707],[40.2945,57.5707],[40.2792,57.5631],[40.2791,57.5581],[40.2727,57.5569],[40.2606,57.5588],[40.2513,57.5595],[40.2455,57.5587],[40.2397,57.559],[40.2328,57.5612],[40.2223,57.5579],[40.2123,57.5281],[40.2097,57.5294],[40.2082,57.5285],[40.2079,57.5274],[40.2088,57.525],[40.2093,57.524],[40.2089,57.5232],[40.2088,57.5211],[40.2091,57.519],[40.208,57.5179],[40.2093,57.5173],[40.2145,57.5162],[40.2152,57.5154],[40.2141,57.5151],[40.2117,57.5145],[40.213,57.5141],[40.2158,57.512],[40.2122,57.5098],[40.2109,57.5106],[40.2103,57.5112],[40.2092,57.5109],[40.2056,57.5114],[40.206,57.5105],[40.2047,57.5091],[40.2037,57.5072],[40.1904,57.508],[40.1897,57.5084],[40.1879,57.5088],[40.1869,57.5075],[40.1935,57.5051],[40.1957,57.5048],[40.1952,57.5036],[40.1963,57.5036],[40.1967,57.504],[40.1981,57.5041],[40.2011,57.5032],[40.2014,57.5026],[40.2027,57.5022],[40.2021,57.5014],[40.2027,57.5005],[40.2008,57.499],[40.2,57.4982],[40.2009,57.4976],[40.205,57.4969],[40.2071,57.4969],[40.206,57.4914],[40.2052,57.488],[40.2008,57.4864],[40.1983,57.486],[40.1961,57.4853],[40.2096,57.4827],[40.2101,57.4823],[40.2137,57.4828],[40.2163,57.4819],[40.2182,57.4823],[40.2243,57.483],[40.2307,57.4833],[40.2297,57.4786],[40.2197,57.4774],[40.2201,57.4748],[40.2148,57.4719],[40.2101,57.4734],[40.2085,57.4741],[40.2071,57.4745],[40.207,57.475],[40.201,57.477],[40.1923,57.4787],[40.1902,57.4768],[40.19,57.4753],[40.1936,57.474],[40.1965,57.4729],[40.1986,57.4733],[40.1999,57.4728],[40.2017,57.4726],[40.2028,57.4732],[40.2033,57.4721],[40.2037,57.4716],[40.2038,57.4715],[40.2036,57.4714],[40.2039,57.471],[40.2051,57.4708],[40.2053,57.4706],[40.2057,57.4704],[40.2059,57.4704],[40.2062,57.4705],[40.2064,57.4709],[40.2068,57.4711],[40.2081,57.4714],[40.2084,57.4713],[40.209,57.4709],[40.2093,57.4707],[40.2092,57.4704],[40.2088,57.4704],[40.2084,57.4702],[40.2083,57.4695],[40.2092,57.4684],[40.2086,57.4679],[40.2106,57.4673],[40.2123,57.467],[40.2129,57.4664],[40.2137,57.4662],[40.2141,57.4658],[40.214,57.4656],[40.2126,57.4652],[40.2124,57.4642],[40.2102,57.4635],[40.2094,57.4626],[40.2087,57.4618],[40.2033,57.4618],[40.2022,57.4615],[40.2013,57.4611],[40.2002,57.46],[40.2016,57.4564],[40.2032,57.4547],[40.2024,57.4528],[40.1971,57.4513],[40.1932,57.4494],[40.186,57.4474],[40.1886,57.4437],[40.194,57.4435],[40.1955,57.4417],[40.1949,57.4402],[40.2062,57.4386],[40.2068,57.436],[40.208,57.4339],[40.2073,57.4319],[40.2065,57.4306],[40.2082,57.4291],[40.2109,57.4284],[40.2182,57.4271],[40.2179,57.4261],[40.2165,57.4241],[40.2164,57.4232],[40.2158,57.4223],[40.2148,57.4216],[40.212,57.4213],[40.2087,57.4224],[40.2063,57.424],[40.2044,57.4245],[40.2036,57.4259],[40.2023,57.4263],[40.2009,57.428],[40.1986,57.4304],[40.1959,57.4313],[40.1945,57.4307],[40.1921,57.4295],[40.1898,57.43],[40.1832,57.4307],[40.1781,57.4302],[40.1768,57.4265],[40.1776,57.4245],[40.1806,57.4216],[40.1801,57.4198],[40.1788,57.418],[40.1792,57.4176],[40.1857,57.4162],[40.1836,57.4136],[40.183,57.4116],[40.1821,57.4077],[40.1838,57.4069],[40.186,57.4066],[40.1881,57.4066],[40.1891,57.4055],[40.185,57.4031],[40.1857,57.4018],[40.1833,57.3998],[40.1811,57.3999],[40.1789,57.4002],[40.1789,57.4009],[40.1775,57.4017],[40.1764,57.4026],[40.1749,57.4036],[40.1734,57.4057],[40.1731,57.4069],[40.1682,57.4079],[40.1682,57.4111],[40.165,57.4111],[40.1617,57.411],[40.1611,57.4114],[40.1622,57.4145],[40.1616,57.4156],[40.1524,57.4164],[40.1506,57.4138],[40.147,57.4139],[40.1435,57.4134],[40.1372,57.4133],[40.1308,57.4135],[40.1252,57.4137],[40.1216,57.4143],[40.1205,57.4159],[40.1186,57.4174],[40.1189,57.4189],[40.119,57.4207],[40.1196,57.4214],[40.1111,57.4227],[40.1105,57.4207],[40.1091,57.4181],[40.1032,57.4127],[40.0996,57.411],[40.0996,57.4035],[40.1162,57.3938],[40.1137,57.3918],[40.1152,57.3892],[40.1199,57.386],[40.1264,57.3851],[40.1364,57.3847],[40.1407,57.3822],[40.1328,57.3762],[40.1245,57.3753],[40.1202,57.3754],[40.1139,57.373],[40.0988,57.3727],[40.0962,57.3757],[40.0876,57.3784],[40.0827,57.3816],[40.0743,57.382],[40.0678,57.3783],[40.0644,57.3781],[40.0641,57.3761],[40.0648,57.3739],[40.0618,57.371],[40.0536,57.3725],[40.0515,57.3724],[40.0479,57.3686]]]}},{"type":"Feature","properties":{"district":"Первомайский район"},"geometry":{"type":"Polygon","coordinates":[[[39.363,58.6472],[39.3654,58.6437],[39.364,58.6385],[39.3715,58.6352],[39.3765,58.6364],[39.388,58.6396],[39.4014,58.6392],[39.4113,58.6372],[39.4201,58.6338],[39.4286,58.628],[39.4312,58.6233],[39.427,58.6219],[39.4183,58.6251],[39.411,58.6249],[39.3999,58.6248],[39.3935,58.6257],[39.3852,58.6277],[39.3794,58.6295],[39.3753,58.6259],[39.3695,58.6235],[39.3635,58.6226],[39.3637,58.6198],[39.3663,58.6177],[39.3675,58.6145],[39.3717,58.6126],[39.3786,58.6109],[39.3815,58.6083],[39.3841,58.6059],[39.3831,58.6016],[39.3827,58.5987],[39.3833,58.597],[39.3859,58.5957],[39.3983,58.594],[39.3935,58.5902],[39.3881,58.5898],[39.3865,58.588],[39.3829,58.5833],[39.3734,58.5835],[39.3709,58.5863],[39.3663,58.5849],[39.3652,58.5837],[39.3716,58.5821],[39.3823,58.5802],[39.3888,58.5775],[39.3922,58.5813],[39.4018,58.5791],[39.4137,58.5786],[39.4169,58.5732],[39.4137,58.5692],[39.4071,58.5669],[39.4006,58.5637],[39.3977,58.5615],[39.3955,58.5585],[39.3967,58.5545],[39.3959,58.5503],[39.3958,58.5469],[39.4006,58.5446],[39.4056,58.5419],[39.4131,58.5397],[39.4199,58.5372],[39.4262,58.5381],[39.4309,58.536],[39.4368,58.5388],[39.4377,58.5422],[39.4397,58.5474],[39.4497,58.5514],[39.4768,58.53],[39.4821,58.5259],[39.4971,58.5202],[39.5051,58.5153],[39.5148,58.5146],[39.527,58.514],[39.536,58.512],[39.5466,58.5176],[39.5609,58.5132],[39.6065,58.5087],[39.5995,58.4812],[39.5913,58.4419],[39.5935,58.4337],[39.6007,58.4337],[39.6031,58.4283],[39.5962,58.4263],[39.5942,58.4232],[39.5879,58.4197],[39.5809,58.4167],[39.5793,58.4095],[39.576,58.4087],[39.5685,58.4084],[39.5624,58.4087],[39.5613,58.4064],[39.5656,58.404],[39.5676,58.4014],[39.573,58.4022],[39.5855,58.4054],[39.5935,58.4074],[39.5971,58.4049],[39.5945,58.4034],[39.5944,58.3991],[39.5978,58.3978],[39.6018,58.3946],[39.6037,58.3965],[39.6086,58.3997],[39.6154,58.4021],[39.6156,58.4069],[39.6241,58.4104],[39.6309,58.4128],[39.6359,58.4122],[39.6374,58.4104],[39.6233,58.4038],[39.617,58.4016],[39.6159,58.399],[39.6157,58.3935],[39.6136,58.3879],[39.6153,58.3863],[39.6257,58.3862],[39.6354,58.3906],[39.6392,58.3887],[39.6472,58.3881],[39.6523,58.3848],[39.6574,58.3828],[39.6638,58.3849],[39.6723,58.3841],[39.672,58.382],[39.6669,58.3777],[39.6622,58.3749],[39.6654,58.3715],[39.6722,58.3704],[39.6799,58.3693],[39.6799,58.3662],[39.6845,58.3646],[39.6876,58.3656],[39.689,58.3706],[39.6855,58.3737],[39.6881,58.3755],[39.6953,58.3704],[39.7016,58.3711],[39.7073,58.3723],[39.7061,58.374],[39.7039,58.3763],[39.7097,58.3765],[39.7156,58.3766],[39.7165,58.3796],[39.7182,58.3828],[39.7218,58.3832],[39.7273,58.3807],[39.7315,58.3802],[39.7331,58.3827],[39.7313,58.3862],[39.7291,58.3894],[39.7293,58.3923],[39.7326,58.3952],[39.7362,58.398],[39.7408,58.3992],[39.7454,58.3985],[39.7513,58.3988],[39.7576,58.3981],[39.7672,58.3973],[39.7723,58.3968],[39.779,58.3961],[39.7835,58.3965],[39.7878,58.3979],[39.7948,58.3999],[39.8009,58.399],[39.8041,58.3978],[39.8025,58.3943],[39.8048,58.3924],[39.813,58.3906],[39.8186,58.3911],[39.8229,58.3891],[39.8275,58.3876],[39.8351,58.3879],[39.8344,58.391],[39.8352,58.3939],[39.8388,58.3944],[39.8444,58.3923],[39.8495,58.3913],[39.8478,58.383],[39.8475,58.3718],[39.8482,58.3665],[39.8533,58.3661],[39.8565,58.3648],[39.8618,58.3643],[39.8629,58.3626],[39.8596,58.36],[39.8637,58.3584],[39.8703,58.3525],[39.8751,58.3529],[39.8807,58.3542],[39.8832,58.3537],[39.8854,58.3521],[39.8933,58.3456],[39.8935,58.3432],[39.8974,58.3413],[39.9002,58.3396],[39.9002,58.3372],[39.9038,58.3358],[39.9181,58.3298],[39.922,58.332],[39.929,58.3316],[39.9322,58.3293],[39.9373,58.3292],[39.9427,58.3261],[39.9483,58.3239],[39.9519,58.3233],[39.9569,58.3237],[39.9626,58.3242],[39.9688,58.3201],[39.9739,58.3231],[39.98,58.3214],[39.9838,58.3184],[39.9883,58.315],[39.9888,58.3113],[39.9955,58.3123],[40.0059,58.3123],[40.0099,58.3123],[40.0152,58.3171],[40.0193,58.3179],[40.0256,58.3184],[40.0323,58.3183],[40.0336,58.3148],[40.0359,58.3155],[40.0393,58.3164],[40.041,58.3159],[40.0435,58.3158],[40.047,58.3166],[40.0478,58.3154],[40.0525,58.315],[40.0574,58.315],[40.0582,58.3131],[40.0576,58.3114],[40.064,58.3103],[40.0668,58.3113],[40.0686,58.3135],[40.0701,58.3138],[40.0706,58.3161],[40.072,58.3188],[40.0782,58.3207],[40.0816,58.3214],[40.0822,58.3238],[40.0849,58.3263],[40.0885,58.3264],[40.1049,58.3253],[40.1055,58.3233],[40.1051,58.3213],[40.1056,58.3196],[40.1107,58.3191],[40.119,58.3184],[40.1287,58.3176],[40.1393,58.3167],[40.1474,58.3164],[40.1544,58.3151],[40.1626,58.3115],[40.1669,58.3122],[40.1752,58.3143],[40.1809,58.3148],[40.1809,58.3141],[40.1809,58.3126],[40.1803,58.3106],[40.1819,58.3075],[40.1864,58.3074],[40.1887,58.3078],[40.191,58.3104],[40.1952,58.3103],[40.1961,58.3105],[40.197,58.3103],[40.1975,58.3105],[40.1994,58.31],[40.1997,58.3102],[40.2021,58.3096],[40.2029,58.31],[40.2044,58.3114],[40.2046,58.3136],[40.2051,58.3157],[40.207,58.3157],[40.207,58.3161],[40.2067,58.3161],[40.2068,58.3165],[40.2122,58.3163],[40.2122,58.3166],[40.2191,58.3159],[40.2201,58.3158],[40.2234,58.3192],[40.2314,58.319],[40.2372,58.3222],[40.2402,58.3245],[40.2407,58.3253],[40.2432,58.3249],[40.2457,58.3245],[40.2455,58.3239],[40.2457,58.3236],[40.2457,58.323],[40.2455,58.3219],[40.2459,58.3219],[40.2461,58.3218],[40.2461,58.3216],[40.2465,58.3214],[40.246,58.3211],[40.2461,58.3209],[40.2465,58.3199],[40.2468,58.3176],[40.2491,58.3166],[40.2493,58.3163],[40.2493,58.3154],[40.2487,58.3149],[40.2493,58.3146],[40.2494,58.3144],[40.2504,58.3141],[40.2556,58.3154],[40.2573,58.3173],[40.2597,58.3181],[40.2598,58.3172],[40.262,58.3157],[40.2643,58.3147],[40.2667,58.3136],[40.2727,58.3136],[40.2755,58.3136],[40.2779,58.3138],[40.2818,58.311],[40.2838,58.3077],[40.2875,58.3061],[40.2928,58.3039],[40.2994,58.3021],[40.3023,58.3027],[40.3075,58.3023],[40.309,58.3024],[40.3139,58.3025],[40.3156,58.3016],[40.3177,58.301],[40.3192,58.3009],[40.3252,58.3025],[40.3291,58.3025],[40.3325,58.3016],[40.3354,58.3004],[40.3388,58.2982],[40.3386,58.2975],[40.3388,58.2963],[40.3394,58.2953],[40.342,58.2923],[40.3435,58.2915],[40.3439,58.2913],[40.3465,58.2909],[40.3495,58.2912],[40.3503,58.2918],[40.3537,58.292],[40.3548,58.2935],[40.356,58.2936],[40.3575,58.2934],[40.3587,58.2944],[40.3589,58.2966],[40.3584,58.2973],[40.361,58.2999],[40.3645,58.2987],[40.3651,58.2976],[40.3645,58.2973],[40.3608,58.2972],[40.3607,58.2964],[40.3633,58.2952],[40.364,58.2953],[40.3657,58.2954],[40.3669,58.2964],[40.3701,58.2976],[40.3726,58.2979],[40.3751,58.2988],[40.3804,58.2989],[40.3815,58.3006],[40.3842,58.3009],[40.3852,58.3009],[40.3861,58.3007],[40.3865,58.3004],[40.3869,58.2999],[40.3868,58.2994],[40.3862,58.299],[40.3866,58.2983],[40.3871,58.298],[40.3882,58.2977],[40.3892,58.2976],[40.3955,58.2978],[40.398,58.2972],[40.3999,58.2967],[40.4018,58.2967],[40.4037,58.2977],[40.4041,58.299],[40.4035,58.3022],[40.406,58.304],[40.4103,58.3062],[40.4067,58.3089],[40.4052,58.3087],[40.4046,58.3123],[40.4023,58.3122],[40.3966,58.3135],[40.3954,58.3156],[40.3974,58.3185],[40.3952,58.3209],[40.3942,58.3225],[40.4019,58.3246],[40.4065,58.3308],[40.4166,58.3329],[40.4162,58.334],[40.4257,58.3342],[40.4255,58.3348],[40.4279,58.3359],[40.4334,58.3377],[40.4335,58.339],[40.4347,58.3408],[40.4361,58.3418],[40.4427,58.3451],[40.4416,58.3466],[40.4426,58.3473],[40.4426,58.3504],[40.4399,58.3611],[40.4406,58.3614],[40.4452,58.3614],[40.4531,58.3604],[40.4542,58.3654],[40.4595,58.3658],[40.4636,58.3674],[40.4731,58.3671],[40.4753,58.3664],[40.4759,58.3659],[40.4838,58.365],[40.4854,58.3635],[40.4873,58.3631],[40.4896,58.3629],[40.4914,58.3655],[40.4939,58.3677],[40.4914,58.3749],[40.4921,58.3763],[40.499,58.3765],[40.5064,58.379],[40.5103,58.3807],[40.51,58.3838],[40.5113,58.3841],[40.5111,58.3837],[40.5119,58.383],[40.5141,58.3822],[40.5162,58.3814],[40.5175,58.3813],[40.5182,58.3843],[40.5173,58.3867],[40.5128,58.3875],[40.4926,58.3976],[40.4946,58.4026],[40.4942,58.4042],[40.4909,58.4073],[40.4871,58.4084],[40.4875,58.41],[40.4878,58.4133],[40.4919,58.4148],[40.4896,58.4172],[40.4743,58.4201],[40.4727,58.4227],[40.466,58.4225],[40.4634,58.4226],[40.4614,58.4307],[40.464,58.4321],[40.4654,58.4333],[40.4661,58.4352],[40.4665,58.4368],[40.466,58.4375],[40.4644,58.4384],[40.462,58.4391],[40.4602,58.4397],[40.4604,58.4408],[40.4615,58.4417],[40.4675,58.4414],[40.4683,58.4417],[40.4683,58.4422],[40.4665,58.4445],[40.466,58.4448],[40.4655,58.4448],[40.4646,58.4444],[40.4635,58.4444],[40.4626,58.4444],[40.4567,58.443],[40.456,58.4417],[40.4551,58.4416],[40.454,58.4426],[40.4516,58.4423],[40.4499,58.4428],[40.449,58.4426],[40.4503,58.4399],[40.4498,58.439],[40.4488,58.4386],[40.4465,58.439],[40.4457,58.4396],[40.4431,58.4402],[40.4415,58.4413],[40.4372,58.4413],[40.4365,58.4404],[40.4326,58.4397],[40.4308,58.44],[40.4256,58.4353],[40.4168,58.4421],[40.4174,58.4433],[40.4171,58.4458],[40.4107,58.4502],[40.4103,58.452],[40.4129,58.4529],[40.4148,58.4539],[40.4146,58.4544],[40.4129,58.4543],[40.4085,58.4533],[40.4053,58.4516],[40.4046,58.4524],[40.3998,58.4533],[40.3982,58.4563],[40.401,58.4591],[40.4067,58.462],[40.4141,58.4629],[40.4157,58.464],[40.4124,58.469],[40.4129,58.4744],[40.4101,58.4798],[40.4038,58.4812],[40.405,58.483],[40.4088,58.4844],[40.4126,58.4832],[40.4138,58.4824],[40.4168,58.4827],[40.4174,58.4826],[40.4224,58.4818],[40.4209,58.4894],[40.4198,58.4908],[40.4223,58.4932],[40.4222,58.4953],[40.4265,58.4956],[40.4331,58.4957],[40.4424,58.4945],[40.4448,58.4918],[40.4499,58.4914],[40.453,58.4891],[40.466,58.491],[40.4672,58.4921],[40.4626,58.4931],[40.4579,58.4945],[40.4602,58.4961],[40.4604,58.4989],[40.4575,58.4998],[40.4538,58.5031],[40.446,58.5074],[40.4494,58.5141],[40.4589,58.5151],[40.4652,58.5138],[40.4689,58.5139],[40.4688,58.5134],[40.4774,58.5139],[40.484,58.5114],[40.4859,58.5128],[40.4871,58.5145],[40.4886,58.515],[40.4891,58.5164],[40.4888,58.5178],[40.4911,58.5186],[40.4933,58.5186],[40.4989,58.5201],[40.507,58.5178],[40.5063,58.5169],[40.5094,58.5148],[40.5094,58.5108],[40.5152,58.5096],[40.5144,58.511],[40.5154,58.5136],[40.523,58.5132],[40.5225,58.5154],[40.5268,58.5159],[40.5314,58.5161],[40.5298,58.5187],[40.5284,58.5199],[40.5296,58.521],[40.531,58.521],[40.5298,58.5225],[40.527,58.5221],[40.5235,58.5222],[40.5195,58.5211],[40.5176,58.5201],[40.5161,58.5192],[40.5135,58.5214],[40.5126,58.5226],[40.5069,58.5242],[40.5091,58.5259],[40.4985,58.5259],[40.4949,58.528],[40.4935,58.5299],[40.4931,58.5305],[40.4921,58.5329],[40.4962,58.5424],[40.4984,58.5438],[40.4962,58.5433],[40.4901,58.5463],[40.4892,58.5492],[40.4795,58.5475],[40.4677,58.5504],[40.4633,58.5494],[40.4579,58.5476],[40.4681,58.5438],[40.4673,58.5408],[40.4694,58.5382],[40.4656,58.5382],[40.4548,58.542],[40.4422,58.5372],[40.4301,58.5374],[40.4323,58.5428],[40.4179,58.5432],[40.4114,58.5463],[40.4065,58.5427],[40.4015,58.5438],[40.3949,58.5424],[40.3924,58.5419],[40.3789,58.5449],[40.3697,58.5484],[40.3685,58.5524],[40.3659,58.5527],[40.3636,58.5529],[40.3619,58.5531],[40.3611,58.5531],[40.36,58.553],[40.3592,58.553],[40.3586,58.553],[40.3584,58.5529],[40.3569,58.553],[40.3542,58.5533],[40.351,58.5527],[40.3466,58.5529],[40.343,58.5549],[40.3414,58.554],[40.3397,58.5529],[40.3334,58.547],[40.3298,58.5408],[40.3276,58.5366],[40.3245,58.5393],[40.3175,58.5343],[40.3023,58.5352],[40.2848,58.5397],[40.2725,58.5464],[40.2752,58.5469],[40.2744,58.5495],[40.2688,58.5501],[40.2642,58.5523],[40.2566,58.5501],[40.25,58.5492],[40.2446,58.5505],[40.2423,58.5495],[40.2361,58.5491],[40.2328,58.5485],[40.2294,58.5478],[40.2237,58.5494],[40.204,58.5493],[40.1859,58.5551],[40.1802,58.5609],[40.1625,58.5786],[40.1515,58.5779],[40.1472,58.5804],[40.1415,58.5816],[40.1415,58.5779],[40.1301,58.5789],[40.1235,58.5808],[40.1185,58.5831],[40.117,58.5857],[40.1112,58.5858],[40.1113,58.5892],[40.0997,58.5916],[40.0883,58.5952],[40.0909,58.5976],[40.0809,58.6027],[40.0833,58.6046],[40.0768,58.6082],[40.0911,58.6232],[40.106,58.6203],[40.1236,58.6203],[40.1359,58.6269],[40.1302,58.6427],[40.1257,58.6493],[40.1151,58.6499],[40.1049,58.659],[40.1007,58.6609],[40.0975,58.6609],[40.0947,58.6589],[40.0778,58.6541],[40.0784,58.6507],[40.0698,58.6509],[40.0485,58.6562],[40.0463,58.6623],[40.0477,58.6677],[40.0508,58.6727],[40.0538,58.6761],[40.0543,58.6794],[40.0516,58.6804],[40.0486,58.6795],[40.0457,58.6767],[40.0357,58.6773],[40.0387,58.6829],[40.0342,58.6851],[40.0298,58.6872],[40.0256,58.6902],[40.0256,58.6935],[40.0257,58.6966],[40.0216,58.7006],[40.019,58.7038],[40.0198,58.7079],[40.0206,58.7116],[40.0187,58.7131],[40.0177,58.7139],[40.0162,58.7168],[40.0144,58.7211],[40.0145,58.7252],[40.0146,58.7284],[40.0135,58.7309],[40.0144,58.736],[40.0184,58.7382],[40.0201,58.7412],[40.0174,58.7427],[40.0114,58.7411],[40.0064,58.7415],[40.0056,58.743],[40.0037,58.7444],[39.9982,58.7432],[39.9976,58.7402],[39.9942,58.7416],[39.9908,58.7412],[39.99,58.739],[39.9863,58.7388],[39.9832,58.7393],[39.9797,58.7411],[39.9765,58.7399],[39.9733,58.7394],[39.9732,58.7414],[39.9758,58.7424],[39.977,58.7438],[39.9738,58.7452],[39.9543,58.7584],[39.9147,58.7585],[39.8876,58.7489],[39.8831,58.7514],[39.879,58.7503],[39.871,58.7524],[39.8695,58.7568],[39.8627,58.7658],[39.8557,58.7685],[39.8514,58.7747],[39.8538,58.7794],[39.8343,58.7824],[39.8394,58.7862],[39.8298,58.8005],[39.8127,58.8093],[39.8035,58.8194],[39.8068,58.8235],[39.8016,58.8259],[39.7919,58.8284],[39.7933,58.8371],[39.7824,58.838],[39.7585,58.8328],[39.7395,58.8343],[39.7197,58.8204],[39.7176,58.8021],[39.7164,58.798],[39.7123,58.796],[39.7054,58.7959],[39.6984,58.7985],[39.6931,58.7976],[39.6859,58.798],[39.6818,58.8007],[39.6782,58.804],[39.6799,58.8102],[39.6643,58.8114],[39.6475,58.8136],[39.6386,58.805],[39.6276,58.7997],[39.6242,58.7946],[39.6058,58.7949],[39.6043,58.7908],[39.5982,58.7882],[39.5881,58.784],[39.5706,58.7754],[39.559,58.7731],[39.5468,58.7709],[39.5389,58.7709],[39.5268,58.7725],[39.5151,58.774],[39.5046,58.7757],[39.4951,58.7705],[39.4839,58.7645],[39.4728,58.7573],[39.4695,58.7532],[39.4647,58.7471],[39.4663,58.7416],[39.4606,58.7387],[39.4565,58.7379],[39.448,58.7361],[39.4393,58.7328],[39.433,58.7288],[39.429,58.7254],[39.4284,58.7211],[39.4252,58.7126],[39.4203,58.7088],[39.4117,58.7042],[39.4004,58.699],[39.3929,58.6971],[39.386,58.696],[39.387,58.6907],[39.3913,58.6859],[39.3858,58.6817],[39.38,58.6792],[39.3816,58.6738],[39.3882,58.6729],[39.3943,58.6715],[39.389,58.669],[39.3787,58.6659],[39.3685,58.6642],[39.3705,58.6598],[39.3733,58.6544],[39.366,58.6519],[39.363,58.6472]]]}},{"type":"Feature","properties":{"district":"Пошехонский район"},"geometry":{"type":"Polygon","coordinates":[[[38.0446,58.7234],[38.097,58.6652],[38.1152,58.645],[38.1436,58.6065],[38.1241,58.4903],[38.1746,58.3915],[38.2958,58.3915],[38.3715,58.3915],[38.4432,58.3915],[38.5402,58.3915],[38.6733,58.3914],[38.7075,58.3914],[38.8335,58.3914],[38.9229,58.3914],[38.9791,58.3644],[39.0096,58.3498],[39.0172,58.3487],[39.0232,58.348],[39.0159,58.3442],[39.0151,58.344],[39.0139,58.3447],[39.012,58.3437],[39.0105,58.3445],[39.0079,58.3431],[39.0094,58.3423],[39.008,58.3416],[39.0083,58.3412],[39.0083,58.3408],[39.0082,58.3401],[39.0078,58.3398],[39.006,58.3397],[39.0054,58.3398],[39.0051,58.3398],[39.0048,58.3398],[39.0041,58.3395],[39.0042,58.3392],[39.0047,58.3388],[39.0048,58.3378],[39.004,58.3358],[39.0038,58.3354],[39.0049,58.3347],[39.0059,58.3334],[39.0055,58.3285],[39.0084,58.3287],[39.0102,58.328],[39.0131,58.3282],[39.0163,58.3281],[39.0211,58.3242],[39.0238,58.326],[39.0243,58.3274],[39.0267,58.3286],[39.0334,58.3284],[39.0367,58.3272],[39.0394,58.3267],[39.0436,58.3279],[39.0446,58.3276],[39.0457,58.3275],[39.0482,58.3276],[39.0494,58.3283],[39.0488,58.3286],[39.0481,58.3289],[39.0473,58.3291],[39.047,58.3294],[39.0473,58.33],[39.0472,58.3304],[39.0467,58.3309],[39.0458,58.3314],[39.0453,58.3318],[39.0454,58.3323],[39.0436,58.333],[39.043,58.3326],[39.0423,58.3324],[39.0419,58.3322],[39.0415,58.3322],[39.0407,58.3322],[39.0395,58.3319],[39.0388,58.3317],[39.038,58.3318],[39.0362,58.3318],[39.0355,58.3319],[39.0337,58.3323],[39.0326,58.3325],[39.0321,58.3325],[39.0321,58.3325],[39.0326,58.3322],[39.0329,58.3319],[39.0324,58.3314],[39.0275,58.3315],[39.0287,58.3323],[39.0272,58.3328],[39.0277,58.3336],[39.0269,58.3344],[39.0284,58.3348],[39.0281,58.3352],[39.0268,58.3349],[39.0262,58.3349],[39.0253,58.3349],[39.0241,58.3351],[39.0219,58.3362],[39.0202,58.3355],[39.0189,58.3356],[39.0184,58.3364],[39.019,58.3367],[39.018,58.3375],[39.0163,58.3382],[39.016,58.3384],[39.015,58.3391],[39.0135,58.3401],[39.0138,58.3403],[39.0139,58.3405],[39.0138,58.341],[39.0141,58.3411],[39.0144,58.3413],[39.0148,58.3415],[39.0148,58.3417],[39.0143,58.342],[39.0144,58.3421],[39.0144,58.3423],[39.0146,58.3425],[39.0155,58.3426],[39.016,58.3429],[39.0164,58.3431],[39.0168,58.3432],[39.0171,58.3434],[39.0173,58.3435],[39.0244,58.3477],[39.0401,58.3455],[39.0427,58.3441],[39.0433,58.3389],[39.0463,58.3363],[39.056,58.3317],[39.0656,58.3284],[39.0704,58.3263],[39.0707,58.3234],[39.0701,58.3208],[39.0701,58.3182],[39.0737,58.3156],[39.0754,58.3147],[39.0797,58.3142],[39.0824,58.312],[39.0844,58.312],[39.0865,58.3112],[39.0909,58.3066],[39.0943,58.3041],[39.0956,58.3023],[39.096,58.3001],[39.0962,58.2992],[39.0969,58.2982],[39.0975,58.2974],[39.0987,58.2969],[39.1,58.2968],[39.1032,58.2974],[39.1069,58.2983],[39.1101,58.2986],[39.1119,58.2987],[39.113,58.2983],[39.1137,58.2975],[39.1149,58.2966],[39.1156,58.296],[39.1159,58.2959],[39.1168,58.2959],[39.1175,58.296],[39.1199,58.2964],[39.1223,58.2963],[39.1242,58.2961],[39.1259,58.2961],[39.1273,58.2961],[39.1285,58.2957],[39.1322,58.2941],[39.1343,58.2932],[39.1367,58.2922],[39.1382,58.2915],[39.1386,58.2909],[39.1386,58.2903],[39.1383,58.2896],[39.1376,58.289],[39.1363,58.2876],[39.1356,58.287],[39.1334,58.2864],[39.1314,58.2859],[39.1304,58.2855],[39.1301,58.2849],[39.1304,58.2843],[39.1316,58.2837],[39.1326,58.2831],[39.1335,58.2824],[39.1348,58.2807],[39.1365,58.2794],[39.1393,58.2777],[39.1425,58.2757],[39.1428,58.2752],[39.1427,58.2746],[39.1422,58.2739],[39.1415,58.2728],[39.1412,58.272],[39.1412,58.2708],[39.1418,58.27],[39.1427,58.2695],[39.1456,58.2688],[39.1502,58.2684],[39.1532,58.2682],[39.1567,58.268],[39.1608,58.2682],[39.1643,58.2682],[39.167,58.268],[39.1688,58.2675],[39.1704,58.2667],[39.1712,58.2659],[39.171,58.2637],[39.1708,58.2622],[39.1709,58.2615],[39.1712,58.2614],[39.1722,58.2618],[39.1733,58.2621],[39.1739,58.262],[39.1743,58.2617],[39.1747,58.2615],[39.1749,58.2615],[39.1752,58.2617],[39.1759,58.2618],[39.1763,58.2617],[39.1766,58.2616],[39.1768,58.2618],[39.177,58.2618],[39.1773,58.2619],[39.1777,58.2617],[39.1782,58.2618],[39.1788,58.2621],[39.1788,58.2623],[39.1785,58.2628],[39.1786,58.2629],[39.1789,58.263],[39.1794,58.2629],[39.1797,58.2631],[39.1798,58.2634],[39.1803,58.2636],[39.1808,58.2637],[39.1816,58.2639],[39.1818,58.2643],[39.1836,58.2643],[39.1847,58.2649],[39.1842,58.2657],[39.1845,58.266],[39.1853,58.2661],[39.1866,58.266],[39.1869,58.2663],[39.1874,58.2666],[39.1877,58.2667],[39.1873,58.2676],[39.1874,58.2683],[39.188,58.2696],[39.1898,58.2713],[39.191,58.2723],[39.1904,58.2729],[39.1895,58.2744],[39.192,58.2762],[39.1981,58.284],[39.2088,58.2848],[39.2114,58.2829],[39.2127,58.2818],[39.2154,58.2809],[39.2178,58.2802],[39.2201,58.2797],[39.2239,58.2794],[39.2326,58.2715],[39.2384,58.2658],[39.2295,58.2607],[39.2315,58.2602],[39.232,58.2595],[39.2339,58.2586],[39.2427,58.2617],[39.2476,58.2575],[39.2579,58.254],[39.2575,58.2521],[39.2503,58.2487],[39.2495,58.2461],[39.2524,58.2453],[39.255,58.2452],[39.2569,58.2449],[39.2585,58.2449],[39.26,58.2461],[39.2609,58.2469],[39.2631,58.2479],[39.2643,58.2479],[39.2647,58.2476],[39.2665,58.2455],[39.2685,58.2444],[39.2681,58.2434],[39.2681,58.2424],[39.2677,58.2411],[39.2697,58.2402],[39.273,58.2395],[39.2766,58.2387],[39.2781,58.2382],[39.2795,58.2367],[39.2807,58.2361],[39.2828,58.2354],[39.2837,58.235],[39.2852,58.2346],[39.2876,58.2343],[39.2856,58.2312],[39.2847,58.2302],[39.2818,58.2283],[39.2784,58.2265],[39.2801,58.2252],[39.2814,58.2244],[39.2752,58.2181],[39.2727,58.2153],[39.2707,58.2146],[39.2682,58.2146],[39.266,58.2146],[39.2633,58.215],[39.2612,58.2149],[39.259,58.2153],[39.255,58.2149],[39.2545,58.2147],[39.2524,58.2124],[39.2483,58.2079],[39.2465,58.206],[39.2461,58.2051],[39.246,58.2041],[39.2464,58.2035],[39.2472,58.2028],[39.2485,58.2025],[39.25,58.2025],[39.2514,58.2026],[39.2526,58.203],[39.2533,58.2035],[39.2542,58.204],[39.2554,58.205],[39.2573,58.2056],[39.2592,58.2058],[39.261,58.2056],[39.2629,58.205],[39.2643,58.2044],[39.2652,58.2039],[39.2656,58.2034],[39.2656,58.2028],[39.265,58.2021],[39.2644,58.2008],[39.2641,58.1997],[39.2641,58.1989],[39.2645,58.1985],[39.265,58.198],[39.2658,58.1976],[39.267,58.1972],[39.2688,58.1969],[39.2701,58.1969],[39.2705,58.1972],[39.2711,58.1976],[39.2714,58.1981],[39.2716,58.1998],[39.2717,58.2008],[39.2727,58.2022],[39.2736,58.2028],[39.2747,58.2032],[39.2755,58.2034],[39.2766,58.2034],[39.2784,58.2035],[39.2804,58.2071],[39.2881,58.2098],[39.2908,58.2108],[39.2944,58.2112],[39.2967,58.2108],[39.299,58.2171],[39.3014,58.2185],[39.3057,58.2164],[39.3084,58.2199],[39.3096,58.2213],[39.3127,58.2221],[39.3151,58.2199],[39.3174,58.2203],[39.3214,58.2232],[39.3224,58.2232],[39.3257,58.2268],[39.34,58.2276],[39.3423,58.2318],[39.3424,58.2321],[39.3563,58.2313],[39.3714,58.2309],[39.3735,58.2318],[39.3766,58.2364],[39.382,58.2368],[39.3885,58.2389],[39.3899,58.2403],[39.3904,58.2408],[39.3904,58.2413],[39.3928,58.2428],[39.3953,58.2433],[39.4007,58.2444],[39.4095,58.244],[39.4081,58.24],[39.41,58.2372],[39.4095,58.2366],[39.4097,58.2347],[39.4094,58.2338],[39.4094,58.233],[39.4081,58.2301],[39.4082,58.2293],[39.4065,58.2276],[39.4068,58.2251],[39.4098,58.2233],[39.411,58.2227],[39.4103,58.221],[39.411,58.2195],[39.4107,58.219],[39.4108,58.2159],[39.4112,58.2135],[39.4107,58.2119],[39.41,58.211],[39.4094,58.2096],[39.4079,58.2065],[39.4095,58.206],[39.4111,58.2056],[39.4125,58.205],[39.4135,58.2041],[39.4136,58.2034],[39.4134,58.2024],[39.4134,58.2016],[39.413,58.2006],[39.4125,58.1996],[39.4124,58.1989],[39.4129,58.198],[39.4131,58.1976],[39.4141,58.197],[39.4156,58.1966],[39.4161,58.1962],[39.4179,58.1953],[39.419,58.1949],[39.4199,58.195],[39.4206,58.1955],[39.4219,58.1969],[39.4225,58.1975],[39.4227,58.1984],[39.4225,58.1997],[39.4219,58.2003],[39.4214,58.2008],[39.4204,58.2023],[39.4205,58.2031],[39.4212,58.204],[39.4228,58.2048],[39.4243,58.2057],[39.4252,58.2066],[39.426,58.2076],[39.4262,58.2087],[39.4268,58.2098],[39.4278,58.2104],[39.4298,58.2109],[39.4304,58.2109],[39.4308,58.2109],[39.4324,58.2105],[39.4384,58.2095],[39.4412,58.2094],[39.4436,58.2095],[39.4443,58.2094],[39.4453,58.2086],[39.4463,58.2086],[39.4476,58.2093],[39.4482,58.2099],[39.4484,58.2112],[39.4486,58.213],[39.4484,58.2137],[39.4489,58.2143],[39.4524,58.2148],[39.4566,58.2146],[39.4599,58.215],[39.4647,58.2143],[39.4653,58.2138],[39.4676,58.2138],[39.4708,58.2136],[39.4754,58.213],[39.4776,58.2129],[39.4798,58.2132],[39.4807,58.2136],[39.4822,58.214],[39.4838,58.2142],[39.485,58.2142],[39.487,58.2134],[39.4885,58.2128],[39.4905,58.2122],[39.4923,58.2114],[39.4942,58.2104],[39.496,58.2099],[39.4966,58.2098],[39.4977,58.2098],[39.4983,58.21],[39.4989,58.2103],[39.4992,58.2109],[39.5018,58.2125],[39.5031,58.2126],[39.5044,58.2125],[39.508,58.2123],[39.5118,58.2127],[39.5126,58.2131],[39.5138,58.2138],[39.5162,58.2162],[39.5174,58.2176],[39.5212,58.2194],[39.523,58.2213],[39.5226,58.2246],[39.5234,58.2259],[39.5249,58.227],[39.5266,58.2275],[39.5285,58.2276],[39.5307,58.2273],[39.5331,58.2268],[39.5354,58.2264],[39.5369,58.2262],[39.5385,58.2261],[39.5412,58.2261],[39.544,58.226],[39.547,58.226],[39.5486,58.2257],[39.5559,58.2242],[39.563,58.2249],[39.567,58.2251],[39.5729,58.2288],[39.5782,58.2329],[39.577,58.2357],[39.5811,58.2359],[39.5875,58.2362],[39.5925,58.2358],[39.5966,58.2343],[39.5976,58.2351],[39.5978,58.2363],[39.5976,58.2382],[39.5963,58.2406],[39.5952,58.2417],[39.5958,58.2423],[39.6021,58.245],[39.607,58.2456],[39.6136,58.244],[39.6199,58.2454],[39.6231,58.2482],[39.6303,58.2512],[39.6361,58.2542],[39.6418,58.2551],[39.6484,58.2558],[39.653,58.2575],[39.654,58.258],[39.657,58.2592],[39.6586,58.2611],[39.6621,58.2618],[39.6672,58.2615],[39.6731,58.2634],[39.6776,58.2657],[39.6822,58.2676],[39.686,58.2682],[39.6909,58.2688],[39.6906,58.2711],[39.6902,58.2748],[39.6944,58.2769],[39.6991,58.2798],[39.7007,58.2809],[39.702,58.2824],[39.7036,58.2844],[39.7068,58.2869],[39.7121,58.2877],[39.7178,58.2879],[39.7206,58.2893],[39.7229,58.2934],[39.7223,58.2965],[39.7178,58.2989],[39.7176,58.3016],[39.7171,58.3053],[39.7169,58.3081],[39.718,58.3105],[39.7206,58.3128],[39.7249,58.3149],[39.7259,58.3184],[39.7214,58.3196],[39.7165,58.319],[39.7099,58.3195],[39.7003,58.3238],[39.6948,58.3271],[39.6885,58.3319],[39.6876,58.3339],[39.6901,58.3376],[39.6942,58.3411],[39.6983,58.3424],[39.7024,58.3413],[39.7065,58.3406],[39.7059,58.3421],[39.7012,58.3443],[39.7036,58.3471],[39.7081,58.35],[39.7081,58.353],[39.7104,58.3552],[39.7114,58.3575],[39.7122,58.3597],[39.7127,58.3625],[39.7135,58.365],[39.7178,58.3674],[39.7194,58.3706],[39.717,58.3736],[39.7151,58.3751],[39.7156,58.3766],[39.7097,58.3765],[39.7039,58.3763],[39.7061,58.374],[39.7073,58.3723],[39.7016,58.3711],[39.6953,58.3704],[39.6881,58.3755],[39.6855,58.3737],[39.689,58.3706],[39.6876,58.3656],[39.6845,58.3646],[39.6799,58.3662],[39.6799,58.3693],[39.6722,58.3704],[39.6654,58.3715],[39.6622,58.3749],[39.6669,58.3777],[39.672,58.382],[39.6723,58.3841],[39.6638,58.3849],[39.6574,58.3828],[39.6523,58.3848],[39.6472,58.3881],[39.6392,58.3887],[39.6354,58.3906],[39.6257,58.3862],[39.6153,58.3863],[39.6136,58.3879],[39.6157,58.3935],[39.6159,58.399],[39.617,58.4016],[39.6233,58.4038],[39.6374,58.4104],[39.6359,58.4122],[39.6309,58.4128],[39.6241,58.4104],[39.6156,58.4069],[39.6154,58.4021],[39.6086,58.3997],[39.6037,58.3965],[39.6018,58.3946],[39.5978,58.3978],[39.5944,58.3991],[39.5945,58.4034],[39.5971,58.4049],[39.5935,58.4074],[39.5855,58.4054],[39.573,58.4022],[39.5676,58.4014],[39.5656,58.404],[39.5613,58.4064],[39.5624,58.4087],[39.5685,58.4084],[39.576,58.4087],[39.5793,58.4095],[39.5809,58.4167],[39.5879,58.4197],[39.5942,58.4232],[39.5962,58.4263],[39.6031,58.4283],[39.6007,58.4337],[39.5935,58.4337],[39.5913,58.4419],[39.5995,58.4812],[39.6065,58.5087],[39.5609,58.5132],[39.5466,58.5176],[39.536,58.512],[39.527,58.514],[39.5148,58.5146],[39.5051,58.5153],[39.4971,58.5202],[39.4821,58.5259],[39.4768,58.53],[39.4497,58.5514],[39.4397,58.5474],[39.4377,58.5422],[39.4368,58.5388],[39.4309,58.536],[39.4262,58.5381],[39.4199,58.5372],[39.4131,58.5397],[39.4056,58.5419],[39.4006,58.5446],[39.3958,58.5469],[39.3959,58.5503],[39.3967,58.5545],[39.3955,58.5585],[39.3977,58.5615],[39.4006,58.5637],[39.4071,58.5669],[39.4137,58.5692],[39.4169,58.5732],[39.4137,58.5786],[39.4018,58.5791],[39.3922,58.5813],[39.3888,58.5775],[39.3823,58.5802],[39.3716,58.5821],[39.3652,58.5837],[39.3663,58.5849],[39.3709,58.5863],[39.3734,58.5835],[39.3829,58.5833],[39.3865,58.588],[39.3881,58.5898],[39.3935,58.5902],[39.3983,58.594],[39.3859,58.5957],[39.3833,58.597],[39.3827,58.5987],[39.3831,58.6016],[39.3841,58.6059],[39.3815,58.6083],[39.3786,58.6109],[39.3717,58.6126],[39.3675,58.6145],[39.3663,58.6177],[39.3637,58.6198],[39.3635,58.6226],[39.3695,58.6235],[39.3753,58.6259],[39.3794,58.6295],[39.3852,58.6277],[39.3935,58.6257],[39.3999,58.6248],[39.411,58.6249],[39.4183,58.6251],[39.427,58.6219],[39.4312,58.6233],[39.4286,58.628],[39.4201,58.6338],[39.4113,58.6372],[39.4014,58.6392],[39.388,58.6396],[39.3765,58.6364],[39.3715,58.6352],[39.364,58.6385],[39.3654,58.6437],[39.363,58.6472],[39.366,58.6519],[39.3733,58.6544],[39.3705,58.6598],[39.3685,58.6642],[39.3787,58.6659],[39.389,58.669],[39.3943,58.6715],[39.3882,58.6729],[39.3816,58.6738],[39.38,58.6792],[39.3858,58.6817],[39.3913,58.6859],[39.387,58.6907],[39.386,58.696],[39.3929,58.6971],[39.4004,58.699],[39.4117,58.7042],[39.4203,58.7088],[39.4252,58.7126],[39.4284,58.7211],[39.429,58.7254],[39.433,58.7288],[39.4393,58.7328],[39.448,58.7361],[39.4565,58.7379],[39.4606,58.7387],[39.4663,58.7416],[39.4647,58.7471],[39.4695,58.7532],[39.4728,58.7573],[39.4839,58.7645],[39.4951,58.7705],[39.5046,58.7757],[39.5151,58.774],[39.5268,58.7725],[39.5389,58.7709],[39.5468,58.7709],[39.559,58.7731],[39.5706,58.7754],[39.5881,58.784],[39.5982,58.7882],[39.6043,58.7908],[39.6058,58.7949],[39.6242,58.7946],[39.6276,58.7997],[39.6386,58.805],[39.6475,58.8136],[39.6643,58.8114],[39.6799,58.8102],[39.6782,58.804],[39.6818,58.8007],[39.6859,58.798],[39.6931,58.7976],[39.6984,58.7985],[39.7054,58.7959],[39.7123,58.796],[39.7164,58.798],[39.7176,58.8021],[39.7197,58.8204],[39.7114,58.8344],[39.7128,58.8376],[39.6963,58.8446],[39.6886,58.85],[39.6886,58.8543],[39.6568,58.8722],[39.6463,58.8739],[39.6363,58.8797],[39.6354,58.8805],[39.6329,58.8832],[39.6327,58.8871],[39.6251,58.8921],[39.6188,58.8951],[39.6044,58.9006],[39.5995,58.9022],[39.5874,58.888],[39.5824,58.8898],[39.5816,58.888],[39.5728,58.8815],[39.571,58.8811],[39.5693,58.8791],[39.5696,58.8773],[39.571,58.8766],[39.5714,58.8759],[39.5669,58.8756],[39.5653,58.8761],[39.5576,58.8755],[39.5502,58.8764],[39.5428,58.8781],[39.5396,58.88],[39.537,58.88],[39.5334,58.8796],[39.4978,58.8823],[39.4926,58.8821],[39.4905,58.8816],[39.4865,58.8815],[39.483,58.8826],[39.4764,58.8819],[39.4734,58.882],[39.4678,58.88],[39.4674,58.8778],[39.4682,58.8766],[39.4656,58.8753],[39.4627,58.8747],[39.4606,58.8738],[39.4576,58.8743],[39.4559,58.8751],[39.4566,58.8767],[39.4554,58.8778],[39.4546,58.8826],[39.453,58.8884],[39.4576,58.8888],[39.457,58.8932],[39.4508,58.8956],[39.4443,58.8968],[39.4425,58.8991],[39.4357,58.8971],[39.4285,58.9052],[39.426,58.9045],[39.4307,58.896],[39.4181,58.8967],[39.4146,58.8964],[39.4003,58.892],[39.3946,58.8913],[39.3893,58.8883],[39.3875,58.8888],[39.3811,58.8859],[39.3805,58.8846],[39.3792,58.8842],[39.3784,58.8834],[39.3778,58.8833],[39.3759,58.8839],[39.3746,58.8858],[39.3743,58.8863],[39.3753,58.8872],[39.377,58.8884],[39.3775,58.8902],[39.377,58.8909],[39.3755,58.8914],[39.375,58.8917],[39.3745,58.8923],[39.3738,58.8929],[39.3735,58.8932],[39.3734,58.8935],[39.3728,58.8943],[39.3719,58.8952],[39.3709,58.8955],[39.3669,58.8966],[39.3652,58.8969],[39.3637,58.8973],[39.3631,58.8976],[39.363,58.8983],[39.3635,58.8992],[39.3649,58.8998],[39.3665,58.9003],[39.3673,58.9003],[39.3677,58.9007],[39.3678,58.9018],[39.3688,58.9026],[39.3703,58.9036],[39.372,58.9044],[39.3723,58.9047],[39.3721,58.905],[39.3716,58.9052],[39.3707,58.9057],[39.3703,58.9062],[39.3707,58.907],[39.3705,58.9075],[39.3707,58.9079],[39.37,58.9081],[39.3691,58.9088],[39.369,58.9091],[39.3696,58.9096],[39.3694,58.9097],[39.3691,58.9097],[39.3687,58.9098],[39.3687,58.91],[39.369,58.9102],[39.3702,58.9106],[39.3708,58.9111],[39.3703,58.9114],[39.3702,58.9116],[39.3692,58.912],[39.3684,58.912],[39.3675,58.9122],[39.3665,58.9121],[39.3671,58.9115],[39.3666,58.9112],[39.3655,58.9112],[39.3654,58.9115],[39.3649,58.9116],[39.3633,58.9115],[39.3608,58.9115],[39.3593,58.9117],[39.359,58.9131],[39.3585,58.9132],[39.3581,58.913],[39.3571,58.9132],[39.3568,58.9136],[39.3562,58.9137],[39.3543,58.9129],[39.354,58.9126],[39.3526,58.9125],[39.352,58.9126],[39.3515,58.9128],[39.3516,58.9132],[39.3513,58.9134],[39.3505,58.9134],[39.3499,58.9137],[39.3497,58.9144],[39.3515,58.9153],[39.3533,58.9157],[39.3529,58.916],[39.3535,58.9167],[39.3535,58.9172],[39.3528,58.9177],[39.3513,58.9179],[39.35,58.9184],[39.3492,58.9187],[39.3487,58.9187],[39.347,58.9179],[39.3465,58.9174],[39.3446,58.9171],[39.343,58.9172],[39.3425,58.9167],[39.3434,58.9165],[39.3452,58.9165],[39.3455,58.9162],[39.3449,58.9157],[39.3438,58.9154],[39.3426,58.9154],[39.3419,58.9157],[39.3417,58.9164],[39.341,58.9165],[39.3403,58.9161],[39.3385,58.9155],[39.3367,58.9156],[39.3359,58.9157],[39.3351,58.9161],[39.3339,58.9157],[39.3322,58.9159],[39.3305,58.9171],[39.3293,58.9171],[39.3291,58.9177],[39.3299,58.9184],[39.3314,58.919],[39.3315,58.9195],[39.3307,58.9201],[39.3293,58.9207],[39.3281,58.921],[39.3277,58.9214],[39.328,58.9218],[39.3285,58.9217],[39.3291,58.9212],[39.3298,58.9214],[39.3296,58.922],[39.3295,58.9226],[39.3303,58.9228],[39.3322,58.9232],[39.3329,58.9239],[39.3343,58.9262],[39.2907,58.9243],[39.2768,58.9209],[39.2651,58.9192],[39.2612,58.918],[39.2578,58.9154],[39.2588,58.9131],[39.2647,58.9111],[39.2675,58.9084],[39.2674,58.9058],[39.2627,58.9039],[39.2595,58.9019],[39.2583,58.8993],[39.2448,58.8989],[39.2425,58.8949],[39.2398,58.8957],[39.2402,58.9028],[39.2351,58.9065],[39.2349,58.9153],[39.2254,58.9214],[39.2167,58.9216],[39.2104,58.9267],[39.2021,58.9253],[39.1951,58.9279],[39.1903,58.928],[39.1865,58.9303],[39.1753,58.9302],[39.1498,58.9394],[39.1383,58.9438],[39.1241,58.951],[39.115,58.948],[39.11,58.9379],[39.0739,58.9322],[39.0238,58.9281],[39.0061,58.9443],[39.0148,58.9512],[38.9984,58.949],[38.9898,58.956],[38.9488,58.9434],[38.9442,58.9074],[38.9247,58.9065],[38.9262,58.897],[38.9439,58.8952],[38.9444,58.8935],[38.9575,58.8914],[38.9881,58.8686],[38.9925,58.8657],[38.9923,58.8618],[38.9984,58.8606],[39.0019,58.8584],[39.0137,58.8602],[39.0255,58.86],[39.0361,58.8557],[39.0176,58.8492],[39.022,58.8455],[39.0157,58.8449],[39.0003,58.8378],[39.0058,58.8329],[38.9976,58.8317],[38.9905,58.8266],[38.9787,58.8231],[38.9707,58.8187],[38.941,58.8056],[38.9201,58.8072],[38.9383,58.7954],[38.932,58.7872],[38.9158,58.7791],[38.919,58.7716],[38.9217,58.7701],[38.9219,58.7597],[38.9229,58.7405],[38.9233,58.7333],[38.8478,58.7348],[38.8423,58.747],[38.7559,58.7458],[38.7513,58.7475],[38.7478,58.7455],[38.7388,58.7497],[38.7287,58.7456],[38.7191,58.7536],[38.707,58.7492],[38.7003,58.7529],[38.6972,58.7516],[38.6984,58.7504],[38.6907,58.7475],[38.702,58.7326],[38.6946,58.7327],[38.6872,58.728],[38.6766,58.73],[38.6739,58.7456],[38.6629,58.7573],[38.6567,58.7559],[38.649,58.7509],[38.6355,58.7596],[38.6356,58.7612],[38.6143,58.7592],[38.6111,58.7669],[38.5892,58.7648],[38.5899,58.7707],[38.5734,58.7694],[38.5573,58.7728],[38.5563,58.7707],[38.5578,58.7669],[38.5562,58.7647],[38.5501,58.7636],[38.5568,58.7596],[38.5643,58.7595],[38.5652,58.7517],[38.5539,58.7508],[38.5472,58.7481],[38.5481,58.7442],[38.541,58.7407],[38.5391,58.7268],[38.5281,58.7196],[38.5274,58.7156],[38.5235,58.7154],[38.5212,58.7162],[38.52,58.718],[38.5156,58.7197],[38.5103,58.7148],[38.5121,58.7138],[38.4869,58.6999],[38.4826,58.6999],[38.413,58.7268],[38.2843,58.7285],[38.1718,58.7286],[38.0942,58.7287],[38.0646,58.7301],[38.0605,58.7292],[38.0446,58.7234]]]}},{"type":"Feature","properties":{"district":"Ростовский район"},"geometry":{"type":"Polygon","coordinates":[[[38.7288,57.0481],[38.7297,57.0416],[38.7339,57.0372],[38.7412,57.0328],[38.7407,57.0318],[38.7384,57.0277],[38.7337,57.0269],[38.7368,57.0157],[38.77,57.002],[38.7782,57.0023],[38.7867,56.9995],[38.79,56.9967],[38.7865,56.9943],[38.7951,56.9912],[38.7994,56.9915],[38.8049,56.9961],[38.814,57.0025],[38.8308,57.0025],[38.8348,56.9929],[38.8407,56.9903],[38.8605,56.9875],[38.8611,56.9862],[38.8652,56.985],[38.8709,56.9843],[38.8703,56.9887],[38.8801,56.9886],[38.8819,56.9914],[38.8844,56.9945],[38.8915,56.9966],[38.9041,56.9975],[38.9035,56.9898],[38.9033,56.9859],[38.9072,56.9797],[38.9074,56.9746],[38.9145,56.9687],[38.9227,56.9684],[38.9264,56.9565],[38.9323,56.9584],[38.9366,56.9549],[38.9457,56.9534],[38.9523,56.9543],[38.958,56.9557],[38.9818,56.9545],[38.9926,56.9532],[39.0036,56.9499],[39.0044,56.9468],[39.0099,56.9444],[39.0112,56.9401],[39.0154,56.9405],[39.0209,56.9357],[39.0485,56.938],[39.0491,56.9444],[39.0829,56.9428],[39.0823,56.935],[39.089,56.9338],[39.0907,56.9312],[39.0892,56.9297],[39.0841,56.9301],[39.0837,56.9285],[39.0807,56.9271],[39.0758,56.9268],[39.0729,56.9257],[39.0762,56.9242],[39.0786,56.9218],[39.0799,56.9164],[39.0843,56.916],[39.096,56.9152],[39.1076,56.9157],[39.1106,56.912],[39.1157,56.9093],[39.117,56.9058],[39.1163,56.9],[39.1198,56.9003],[39.1306,56.9003],[39.1373,56.9016],[39.1445,56.8978],[39.1477,56.8991],[39.149,56.901],[39.1551,56.9001],[39.1577,56.8975],[39.1667,56.8955],[39.1691,56.8926],[39.172,56.888],[39.1728,56.8822],[39.1777,56.8805],[39.1844,56.8759],[39.1948,56.8691],[39.1967,56.8647],[39.1917,56.8552],[39.2014,56.8507],[39.2105,56.8488],[39.2134,56.8511],[39.2191,56.8525],[39.2254,56.8511],[39.2254,56.8482],[39.2277,56.8473],[39.2307,56.8463],[39.233,56.8413],[39.233,56.8384],[39.2313,56.8364],[39.2274,56.8358],[39.2254,56.84],[39.225,56.8408],[39.2195,56.8428],[39.2124,56.8428],[39.2069,56.8415],[39.2046,56.8387],[39.2052,56.8352],[39.2105,56.8339],[39.2168,56.8325],[39.2126,56.832],[39.2069,56.833],[39.2009,56.834],[39.1971,56.8304],[39.2022,56.8248],[39.2034,56.8239],[39.2054,56.8196],[39.2163,56.8155],[39.2263,56.8156],[39.2432,56.8124],[39.2436,56.8093],[39.2373,56.8057],[39.2324,56.8055],[39.2275,56.8059],[39.2252,56.8043],[39.2265,56.8017],[39.2334,56.7992],[39.2389,56.7936],[39.2428,56.7926],[39.2507,56.7893],[39.2577,56.7839],[39.2545,56.778],[39.3399,56.7712],[39.3409,56.7725],[39.3438,56.7729],[39.3511,56.7725],[39.3548,56.7718],[39.3598,56.7712],[39.3623,56.7695],[39.3627,56.7727],[39.3607,56.7745],[39.3584,56.7746],[39.3544,56.7773],[39.3536,56.7795],[39.354,56.7798],[39.3583,56.7829],[39.3563,56.7837],[39.3473,56.7832],[39.3447,56.7837],[39.343,56.785],[39.3444,56.7872],[39.3442,56.7894],[39.3474,56.7915],[39.3493,56.7935],[39.352,56.7938],[39.3526,56.7928],[39.3497,56.7924],[39.3475,56.7902],[39.3447,56.7891],[39.3454,56.7878],[39.3457,56.7859],[39.3473,56.7847],[39.3492,56.7851],[39.35,56.7858],[39.3603,56.786],[39.364,56.7889],[39.366,56.785],[39.3586,56.7783],[39.3607,56.7783],[39.3623,56.7766],[39.3649,56.7762],[39.3668,56.775],[39.3668,56.7722],[39.3672,56.7712],[39.3663,56.7686],[39.3649,56.7674],[39.3631,56.7668],[39.3596,56.7664],[39.3591,56.7676],[39.3552,56.7675],[39.3506,56.7703],[39.3447,56.7707],[39.3429,56.7687],[39.3462,56.7642],[39.3442,56.761],[39.3452,56.7588],[39.3487,56.7581],[39.3471,56.7569],[39.3539,56.7589],[39.3613,56.7617],[39.3674,56.7659],[39.3733,56.7663],[39.3772,56.7668],[39.3798,56.7683],[39.3908,56.7696],[39.4017,56.771],[39.402,56.771],[39.4053,56.7724],[39.4045,56.7772],[39.4066,56.7782],[39.4063,56.7787],[39.4028,56.7781],[39.3967,56.7792],[39.3911,56.7769],[39.3876,56.7771],[39.3848,56.7786],[39.3825,56.7769],[39.3791,56.7772],[39.3785,56.7852],[39.3835,56.7854],[39.3851,56.7869],[39.3828,56.7946],[39.3821,56.7956],[39.3819,56.7958],[39.3785,56.8],[39.3818,56.8015],[39.3957,56.801],[39.3972,56.803],[39.3792,56.8107],[39.3773,56.8112],[39.374,56.82],[39.3785,56.821],[39.3793,56.8232],[39.3786,56.8266],[39.3839,56.8272],[39.3846,56.8273],[39.3845,56.8294],[39.3797,56.8332],[39.3799,56.8334],[39.3826,56.8367],[39.3883,56.839],[39.3895,56.8425],[39.3939,56.8448],[39.396,56.8475],[39.4047,56.8475],[39.4099,56.8474],[39.4132,56.8512],[39.4004,56.8647],[39.4148,56.8684],[39.4173,56.8684],[39.4188,56.8697],[39.4213,56.867],[39.4226,56.866],[39.4271,56.8651],[39.4384,56.8702],[39.4444,56.8696],[39.4517,56.8632],[39.4589,56.858],[39.4679,56.8568],[39.4708,56.8586],[39.4685,56.86],[39.4675,56.863],[39.4726,56.8654],[39.4754,56.8658],[39.4789,56.8706],[39.4846,56.874],[39.4847,56.8767],[39.4813,56.8777],[39.4796,56.876],[39.479,56.8735],[39.4766,56.8723],[39.4745,56.8733],[39.4741,56.8766],[39.4734,56.8796],[39.4728,56.8867],[39.4592,56.8911],[39.4458,56.8904],[39.442,56.8975],[39.4374,56.9016],[39.4394,56.9066],[39.447,56.9075],[39.4539,56.9124],[39.4609,56.9186],[39.4635,56.9197],[39.466,56.9226],[39.4693,56.9251],[39.4712,56.9285],[39.4733,56.9302],[39.4794,56.9303],[39.4817,56.9254],[39.4872,56.9276],[39.4913,56.9316],[39.4948,56.9318],[39.4961,56.9325],[39.5018,56.936],[39.51,56.9436],[39.5133,56.9478],[39.5195,56.9569],[39.5193,56.9587],[39.518,56.9615],[39.5219,56.9626],[39.5319,56.9626],[39.5362,56.9592],[39.5396,56.9578],[39.5413,56.9573],[39.5444,56.9557],[39.5534,56.9599],[39.5528,56.9675],[39.5535,56.9749],[39.5479,56.9811],[39.5458,56.9867],[39.5441,56.9892],[39.5486,56.9894],[39.5553,56.9988],[39.5532,57.0001],[39.5462,57.0028],[39.5388,57.0025],[39.5339,57.0028],[39.5333,57.0052],[39.5256,57.0134],[39.5198,57.016],[39.5241,57.0183],[39.5338,57.0192],[39.5396,57.0182],[39.5419,57.0257],[39.5628,57.035],[39.5686,57.0331],[39.5871,57.0333],[39.5868,57.031],[39.5857,57.0273],[39.6058,57.0294],[39.6055,57.0349],[39.6093,57.0334],[39.6206,57.0386],[39.6204,57.0481],[39.6157,57.0513],[39.6205,57.0574],[39.6212,57.0605],[39.6234,57.0613],[39.6316,57.0643],[39.6354,57.0674],[39.6372,57.0696],[39.6313,57.0723],[39.631,57.0726],[39.6308,57.074],[39.642,57.0715],[39.6461,57.0726],[39.6476,57.0768],[39.6576,57.0827],[39.6595,57.0807],[39.6581,57.0784],[39.6617,57.0769],[39.6661,57.0741],[39.6719,57.0734],[39.6737,57.0747],[39.6882,57.0754],[39.6979,57.0773],[39.7033,57.0764],[39.7071,57.0746],[39.7087,57.0732],[39.7124,57.0735],[39.7152,57.0736],[39.7199,57.0738],[39.723,57.0747],[39.7245,57.0794],[39.7336,57.0804],[39.7384,57.0835],[39.7425,57.0833],[39.7517,57.081],[39.7651,57.0766],[39.7621,57.0878],[39.7589,57.091],[39.7572,57.0962],[39.7738,57.1053],[39.7892,57.0986],[39.7954,57.0909],[39.8056,57.0958],[39.8077,57.0949],[39.8097,57.0961],[39.8576,57.0848],[39.8547,57.0898],[39.8538,57.0983],[39.8561,57.1002],[39.8547,57.1063],[39.8598,57.1091],[39.8596,57.1163],[39.8589,57.1175],[39.8376,57.1163],[39.8363,57.1245],[39.8244,57.1281],[39.8238,57.1306],[39.8246,57.1418],[39.8216,57.1431],[39.8245,57.1457],[39.843,57.1456],[39.848,57.1483],[39.8475,57.1584],[39.8501,57.1607],[39.8488,57.1633],[39.8459,57.1646],[39.8459,57.1709],[39.8505,57.1728],[39.8476,57.1762],[39.8456,57.1771],[39.8441,57.1772],[39.843,57.1778],[39.8436,57.1793],[39.8455,57.1813],[39.8418,57.1824],[39.8404,57.1844],[39.8394,57.1847],[39.8384,57.1848],[39.836,57.1852],[39.8249,57.1861],[39.8208,57.1897],[39.7912,57.1905],[39.7788,57.1924],[39.7883,57.198],[39.7862,57.2033],[39.7475,57.2074],[39.7383,57.2142],[39.741,57.2177],[39.7419,57.2241],[39.7384,57.2291],[39.7371,57.231],[39.7161,57.2324],[39.6801,57.2391],[39.6753,57.2468],[39.6795,57.2588],[39.6638,57.259],[39.6656,57.2626],[39.6718,57.266],[39.6695,57.2678],[39.6679,57.269],[39.6691,57.273],[39.6795,57.2722],[39.6807,57.2699],[39.6815,57.2681],[39.6892,57.2681],[39.6913,57.2681],[39.6913,57.2738],[39.6981,57.2738],[39.709,57.2869],[39.7005,57.2863],[39.6984,57.2908],[39.6895,57.2941],[39.6948,57.2999],[39.6934,57.3064],[39.691,57.3117],[39.6845,57.3209],[39.6869,57.3233],[39.681,57.3245],[39.6694,57.3249],[39.672,57.3317],[39.6611,57.337],[39.6625,57.3423],[39.6603,57.3456],[39.6555,57.3473],[39.6401,57.3466],[39.6312,57.3465],[39.6309,57.3444],[39.6184,57.3474],[39.6192,57.35],[39.6105,57.3498],[39.6057,57.3495],[39.6008,57.3481],[39.5982,57.3462],[39.595,57.3416],[39.5939,57.3383],[39.5493,57.3423],[39.5493,57.3431],[39.5403,57.3487],[39.528,57.3521],[39.5305,57.3561],[39.5312,57.359],[39.5311,57.3606],[39.5286,57.3659],[39.527,57.3694],[39.5276,57.3703],[39.5309,57.373],[39.5347,57.3729],[39.5373,57.3737],[39.5393,57.3771],[39.5358,57.3772],[39.5313,57.3771],[39.5334,57.3798],[39.536,57.381],[39.5384,57.3824],[39.5389,57.3837],[39.5377,57.3838],[39.5371,57.3834],[39.535,57.3837],[39.5347,57.3843],[39.5308,57.3851],[39.5285,57.3863],[39.526,57.3872],[39.5289,57.3912],[39.5222,57.4018],[39.5083,57.404],[39.5065,57.4012],[39.5021,57.3992],[39.49,57.3908],[39.4693,57.3976],[39.4571,57.3908],[39.4501,57.3927],[39.4388,57.3975],[39.4335,57.4026],[39.4187,57.4027],[39.4169,57.4053],[39.4021,57.4011],[39.4023,57.3999],[39.3987,57.3986],[39.3955,57.3943],[39.3915,57.3961],[39.3921,57.3982],[39.3838,57.4062],[39.3767,57.412],[39.3662,57.4104],[39.3603,57.4066],[39.3536,57.4059],[39.354,57.4029],[39.3564,57.4001],[39.3539,57.3989],[39.3478,57.386],[39.3522,57.3819],[39.3478,57.3757],[39.3522,57.3723],[39.3578,57.3693],[39.3525,57.3659],[39.3534,57.3631],[39.362,57.3572],[39.3588,57.3501],[39.3639,57.3487],[39.3704,57.3504],[39.3736,57.3504],[39.3779,57.3465],[39.3728,57.3442],[39.3776,57.3345],[39.3793,57.332],[39.3755,57.3323],[39.3687,57.3346],[39.3691,57.339],[39.3658,57.3394],[39.3612,57.3391],[39.3571,57.3391],[39.3525,57.3398],[39.35,57.3347],[39.3464,57.336],[39.3388,57.3323],[39.3327,57.3295],[39.3303,57.3274],[39.3262,57.3267],[39.3155,57.3235],[39.3076,57.3269],[39.301,57.3269],[39.2969,57.323],[39.2872,57.3187],[39.2872,57.3146],[39.2857,57.311],[39.2857,57.3064],[39.2818,57.3048],[39.275,57.3029],[39.275,57.3002],[39.2806,57.2975],[39.2744,57.2951],[39.2747,57.2884],[39.288,57.2847],[39.2937,57.2797],[39.2898,57.2786],[39.283,57.2834],[39.2677,57.2793],[39.2731,57.2738],[39.243,57.2577],[39.2473,57.2535],[39.2558,57.2562],[39.2608,57.2558],[39.273,57.2532],[39.2738,57.2484],[39.2685,57.2447],[39.2744,57.2412],[39.2718,57.2392],[39.2595,57.2351],[39.2547,57.2354],[39.2542,57.2389],[39.2478,57.2391],[39.2413,57.2389],[39.2395,57.2397],[39.2333,57.2434],[39.2245,57.2491],[39.2196,57.2476],[39.2106,57.2473],[39.2085,57.2421],[39.2176,57.2382],[39.227,57.2328],[39.2278,57.232],[39.2316,57.2313],[39.2277,57.2286],[39.2215,57.2254],[39.2132,57.2281],[39.2005,57.2204],[39.1923,57.2141],[39.193,57.2135],[39.1901,57.2101],[39.188,57.2099],[39.181,57.2042],[39.1818,57.2042],[39.1884,57.2042],[39.1887,57.1941],[39.1822,57.1943],[39.1801,57.1882],[39.1798,57.1812],[39.1834,57.1783],[39.1748,57.1775],[39.1662,57.1767],[39.1553,57.1722],[39.1547,57.1688],[39.1412,57.1675],[39.1381,57.1624],[39.1257,57.1581],[39.1192,57.1579],[39.1204,57.1533],[39.0888,57.156],[39.0897,57.1581],[39.0888,57.1605],[39.0793,57.1626],[39.071,57.1629],[39.0589,57.1579],[39.0359,57.1602],[39.0252,57.1595],[39.0308,57.1555],[39.0361,57.1481],[39.0418,57.1393],[39.0432,57.1345],[39.042,57.1286],[39.0326,57.1257],[39.0285,57.1188],[39.0172,57.1178],[39.0066,57.1193],[38.9927,57.1194],[38.9841,57.083],[38.9847,57.079],[38.9844,57.0733],[38.9764,57.0717],[38.9741,57.0672],[38.9817,57.0679],[38.9815,57.0618],[38.9782,57.056],[38.9664,57.0561],[38.9649,57.0622],[38.9534,57.0632],[38.938,57.0632],[38.935,57.0675],[38.9247,57.0661],[38.9217,57.0683],[38.9182,57.0712],[38.9155,57.074],[38.9099,57.0737],[38.9087,57.0765],[38.9004,57.0777],[38.8942,57.0796],[38.8963,57.0836],[38.8957,57.0871],[38.891,57.0881],[38.8815,57.0875],[38.8738,57.0851],[38.8721,57.0865],[38.8579,57.088],[38.8558,57.0931],[38.846,57.0963],[38.8422,57.095],[38.8336,57.0974],[38.8171,57.0924],[38.8147,57.0883],[38.8088,57.0916],[38.8067,57.0883],[38.8106,57.0847],[38.8165,57.0825],[38.8165,57.0783],[38.8088,57.0741],[38.8138,57.0708],[38.8147,57.0685],[38.8091,57.0674],[38.802,57.0703],[38.797,57.0619],[38.7872,57.0577],[38.7872,57.0603],[38.7846,57.0645],[38.7571,57.0581],[38.7571,57.0548],[38.7476,57.0553],[38.7446,57.0587],[38.7459,57.0598],[38.742,57.0613],[38.7381,57.0615],[38.7355,57.0608],[38.735,57.0558],[38.7321,57.0552],[38.7321,57.0524],[38.7347,57.0505],[38.731,57.0504],[38.7288,57.0481]]]}},{"type":"Feature","properties":{"district":"Рыбинский район"},"geometry":{"type":"Polygon","coordinates":[[[38.1746,58.3915],[38.2958,58.3915],[38.3715,58.3915],[38.4432,58.3915],[38.5402,58.3915],[38.6733,58.3914],[38.7075,58.3914],[38.8335,58.3914],[38.9229,58.3914],[38.9791,58.3644],[39.0096,58.3498],[39.0172,58.3487],[39.0232,58.348],[39.0159,58.3442],[39.0151,58.344],[39.0139,58.3447],[39.012,58.3437],[39.0105,58.3445],[39.0079,58.3431],[39.0094,58.3423],[39.008,58.3416],[39.0083,58.3412],[39.0083,58.3408],[39.0082,58.3401],[39.0078,58.3398],[39.006,58.3397],[39.0054,58.3398],[39.0051,58.3398],[39.0048,58.3398],[39.0041,58.3395],[39.0042,58.3392],[39.0047,58.3388],[39.0048,58.3378],[39.004,58.3358],[39.0038,58.3354],[39.0049,58.3347],[39.0059,58.3334],[39.0055,58.3285],[39.0084,58.3287],[39.0102,58.328],[39.0131,58.3282],[39.0163,58.3281],[39.0211,58.3242],[39.0238,58.326],[39.0243,58.3274],[39.0267,58.3286],[39.0334,58.3284],[39.0367,58.3272],[39.0394,58.3267],[39.0436,58.3279],[39.0446,58.3276],[39.0457,58.3275],[39.0482,58.3276],[39.0494,58.3283],[39.0488,58.3286],[39.0481,58.3289],[39.0473,58.3291],[39.047,58.3294],[39.0473,58.33],[39.0472,58.3304],[39.0467,58.3309],[39.0458,58.3314],[39.0453,58.3318],[39.0454,58.3323],[39.0436,58.333],[39.043,58.3326],[39.0423,58.3324],[39.0419,58.3322],[39.0415,58.3322],[39.0407,58.3322],[39.0395,58.3319],[39.0388,58.3317],[39.038,58.3318],[39.0362,58.3318],[39.0355,58.3319],[39.0337,58.3323],[39.0326,58.3325],[39.0321,58.3325],[39.0321,58.3325],[39.0326,58.3322],[39.0329,58.3319],[39.0324,58.3314],[39.0275,58.3315],[39.0287,58.3323],[39.0272,58.3328],[39.0277,58.3336],[39.0269,58.3344],[39.0284,58.3348],[39.0281,58.3352],[39.0268,58.3349],[39.0262,58.3349],[39.0253,58.3349],[39.0241,58.3351],[39.0219,58.3362],[39.0202,58.3355],[39.0189,58.3356],[39.0184,58.3364],[39.019,58.3367],[39.018,58.3375],[39.0163,58.3382],[39.016,58.3384],[39.015,58.3391],[39.0135,58.3401],[39.0138,58.3403],[39.0139,58.3405],[39.0138,58.341],[39.0141,58.3411],[39.0144,58.3413],[39.0148,58.3415],[39.0148,58.3417],[39.0143,58.342],[39.0144,58.3421],[39.0144,58.3423],[39.0146,58.3425],[39.0155,58.3426],[39.016,58.3429],[39.0164,58.3431],[39.0168,58.3432],[39.0171,58.3434],[39.0173,58.3435],[39.0244,58.3477],[39.0401,58.3455],[39.0427,58.3441],[39.0433,58.3389],[39.0463,58.3363],[39.056,58.3317],[39.0656,58.3284],[39.0704,58.3263],[39.0707,58.3234],[39.0701,58.3208],[39.0701,58.3182],[39.0737,58.3156],[39.0754,58.3147],[39.0797,58.3142],[39.0824,58.312],[39.0844,58.312],[39.0865,58.3112],[39.0909,58.3066],[39.0943,58.3041],[39.0956,58.3023],[39.096,58.3001],[39.0962,58.2992],[39.0969,58.2982],[39.0975,58.2974],[39.0987,58.2969],[39.1,58.2968],[39.1032,58.2974],[39.1069,58.2983],[39.1101,58.2986],[39.1119,58.2987],[39.113,58.2983],[39.1137,58.2975],[39.1149,58.2966],[39.1156,58.296],[39.1159,58.2959],[39.1168,58.2959],[39.1175,58.296],[39.1199,58.2964],[39.1223,58.2963],[39.1242,58.2961],[39.1259,58.2961],[39.1273,58.2961],[39.1285,58.2957],[39.1322,58.2941],[39.1343,58.2932],[39.1367,58.2922],[39.1382,58.2915],[39.1386,58.2909],[39.1386,58.2903],[39.1383,58.2896],[39.1376,58.289],[39.1363,58.2876],[39.1356,58.287],[39.1334,58.2864],[39.1314,58.2859],[39.1304,58.2855],[39.1301,58.2849],[39.1304,58.2843],[39.1316,58.2837],[39.1326,58.2831],[39.1335,58.2824],[39.1348,58.2807],[39.1365,58.2794],[39.1393,58.2777],[39.1425,58.2757],[39.1428,58.2752],[39.1427,58.2746],[39.1422,58.2739],[39.1415,58.2728],[39.1412,58.272],[39.1412,58.2708],[39.1418,58.27],[39.1427,58.2695],[39.1456,58.2688],[39.1502,58.2684],[39.1532,58.2682],[39.1567,58.268],[39.1608,58.2682],[39.1643,58.2682],[39.167,58.268],[39.1688,58.2675],[39.1704,58.2667],[39.1712,58.2659],[39.171,58.2637],[39.1708,58.2622],[39.1709,58.2615],[39.1712,58.2614],[39.1722,58.2618],[39.1733,58.2621],[39.1739,58.262],[39.1743,58.2617],[39.1747,58.2615],[39.1749,58.2615],[39.1752,58.2617],[39.1759,58.2618],[39.1763,58.2617],[39.1766,58.2616],[39.1768,58.2618],[39.177,58.2618],[39.1773,58.2619],[39.1777,58.2617],[39.1782,58.2618],[39.1788,58.2621],[39.1788,58.2623],[39.1785,58.2628],[39.1786,58.2629],[39.1789,58.263],[39.1794,58.2629],[39.1797,58.2631],[39.1798,58.2634],[39.1803,58.2636],[39.1808,58.2637],[39.1816,58.2639],[39.1818,58.2643],[39.1836,58.2643],[39.1847,58.2649],[39.1842,58.2657],[39.1845,58.266],[39.1853,58.2661],[39.1866,58.266],[39.1869,58.2663],[39.1874,58.2666],[39.1877,58.2667],[39.1873,58.2676],[39.1874,58.2683],[39.188,58.2696],[39.1898,58.2713],[39.191,58.2723],[39.1904,58.2729],[39.1895,58.2744],[39.192,58.2762],[39.1981,58.284],[39.2088,58.2848],[39.2114,58.2829],[39.2127,58.2818],[39.2154,58.2809],[39.2178,58.2802],[39.2201,58.2797],[39.2239,58.2794],[39.2326,58.2715],[39.2384,58.2658],[39.2295,58.2607],[39.2315,58.2602],[39.232,58.2595],[39.2339,58.2586],[39.2427,58.2617],[39.2476,58.2575],[39.2579,58.254],[39.2575,58.2521],[39.2503,58.2487],[39.2495,58.2461],[39.2524,58.2453],[39.255,58.2452],[39.2569,58.2449],[39.2585,58.2449],[39.26,58.2461],[39.2609,58.2469],[39.2631,58.2479],[39.2643,58.2479],[39.2647,58.2476],[39.2665,58.2455],[39.2685,58.2444],[39.2681,58.2434],[39.2681,58.2424],[39.2677,58.2411],[39.2697,58.2402],[39.273,58.2395],[39.2766,58.2387],[39.2781,58.2382],[39.2795,58.2367],[39.2807,58.2361],[39.2828,58.2354],[39.2837,58.235],[39.2852,58.2346],[39.2876,58.2343],[39.2856,58.2312],[39.2847,58.2302],[39.2818,58.2283],[39.2784,58.2265],[39.2801,58.2252],[39.2814,58.2244],[39.2752,58.2181],[39.2727,58.2153],[39.2707,58.2146],[39.2682,58.2146],[39.266,58.2146],[39.2633,58.215],[39.2612,58.2149],[39.259,58.2153],[39.255,58.2149],[39.2545,58.2147],[39.2524,58.2124],[39.2483,58.2079],[39.2465,58.206],[39.2461,58.2051],[39.246,58.2041],[39.2464,58.2035],[39.2472,58.2028],[39.2485,58.2025],[39.25,58.2025],[39.2514,58.2026],[39.2526,58.203],[39.2533,58.2035],[39.2542,58.204],[39.2554,58.205],[39.2573,58.2056],[39.2592,58.2058],[39.261,58.2056],[39.2629,58.205],[39.2643,58.2044],[39.2652,58.2039],[39.2656,58.2034],[39.2656,58.2028],[39.265,58.2021],[39.2644,58.2008],[39.2641,58.1997],[39.2641,58.1989],[39.2645,58.1985],[39.265,58.198],[39.2658,58.1976],[39.267,58.1972],[39.2688,58.1969],[39.2701,58.1969],[39.2705,58.1972],[39.2711,58.1976],[39.2714,58.1981],[39.2716,58.1998],[39.2717,58.2008],[39.2727,58.2022],[39.2736,58.2028],[39.2747,58.2032],[39.2755,58.2034],[39.2766,58.2034],[39.2784,58.2035],[39.2804,58.2071],[39.2881,58.2098],[39.2908,58.2108],[39.2944,58.2112],[39.2967,58.2108],[39.299,58.2171],[39.3014,58.2185],[39.3057,58.2164],[39.3084,58.2199],[39.3096,58.2213],[39.3127,58.2221],[39.3151,58.2199],[39.3174,58.2203],[39.3214,58.2232],[39.3224,58.2232],[39.3257,58.2268],[39.34,58.2276],[39.3423,58.2318],[39.3424,58.2321],[39.3563,58.2313],[39.3714,58.2309],[39.3735,58.2318],[39.3766,58.2364],[39.382,58.2368],[39.3885,58.2389],[39.3899,58.2403],[39.3904,58.2408],[39.3904,58.2413],[39.3928,58.2428],[39.3953,58.2433],[39.4007,58.2444],[39.4095,58.244],[39.4081,58.24],[39.41,58.2372],[39.4095,58.2366],[39.4097,58.2347],[39.4094,58.2338],[39.4094,58.233],[39.4081,58.2301],[39.4082,58.2293],[39.4065,58.2276],[39.4068,58.2251],[39.4098,58.2233],[39.411,58.2227],[39.4103,58.221],[39.411,58.2195],[39.4107,58.219],[39.4108,58.2159],[39.4112,58.2135],[39.4107,58.2119],[39.41,58.211],[39.4094,58.2096],[39.4079,58.2065],[39.4095,58.206],[39.4111,58.2056],[39.4125,58.205],[39.4135,58.2041],[39.4136,58.2034],[39.4134,58.2024],[39.4134,58.2016],[39.413,58.2006],[39.4125,58.1996],[39.4124,58.1989],[39.4129,58.198],[39.3928,58.1918],[39.3891,58.1905],[39.389,58.1778],[39.385,58.1766],[39.3828,58.1754],[39.3789,58.1749],[39.3776,58.175],[39.3753,58.1746],[39.3744,58.1731],[39.3746,58.1724],[39.3758,58.1722],[39.3761,58.1707],[39.3754,58.1696],[39.3746,58.169],[39.3736,58.1643],[39.3742,58.1633],[39.3754,58.1625],[39.3745,58.1612],[39.3747,58.1598],[39.3753,58.1587],[39.3749,58.1572],[39.3744,58.1567],[39.3745,58.1555],[39.3751,58.1553],[39.3748,58.1546],[39.375,58.1539],[39.3747,58.1533],[39.375,58.1517],[39.3668,58.1475],[39.3631,58.1459],[39.3653,58.1431],[39.365,58.1407],[39.3657,58.1402],[39.3656,58.139],[39.3659,58.1384],[39.3656,58.1325],[39.3656,58.1324],[39.3593,58.1325],[39.3592,58.1238],[39.359,58.1162],[39.3572,58.1152],[39.3474,58.113],[39.347,58.1143],[39.3472,58.1148],[39.3404,58.1153],[39.3397,58.1125],[39.3411,58.1116],[39.3446,58.1093],[39.3445,58.1081],[39.343,58.1066],[39.3431,58.1014],[39.3417,58.0829],[39.3407,58.0824],[39.3335,58.0666],[39.3331,58.0664],[39.3326,58.0664],[39.332,58.0665],[39.3317,58.0667],[39.3315,58.0672],[39.33,58.0657],[39.3281,58.0646],[39.3258,58.0642],[39.3278,58.0613],[39.3285,58.0593],[39.33,58.0591],[39.3361,58.0583],[39.3374,58.0582],[39.3379,58.06],[39.338,58.0605],[39.3446,58.0599],[39.3458,58.0589],[39.3475,58.0576],[39.3495,58.0566],[39.3515,58.0553],[39.3496,58.0537],[39.3533,58.0527],[39.3564,58.0548],[39.3566,58.0558],[39.3589,58.0562],[39.3631,58.0569],[39.3661,58.0557],[39.3667,58.0542],[39.3698,58.0529],[39.3712,58.0515],[39.3724,58.049],[39.3641,58.0481],[39.3647,58.0438],[39.3679,58.0431],[39.3745,58.0419],[39.3761,58.0407],[39.3776,58.0401],[39.3797,58.0396],[39.3818,58.0397],[39.3832,58.0398],[39.3835,58.0417],[39.3864,58.0418],[39.3893,58.0438],[39.3895,58.0475],[39.3944,58.0482],[39.4014,58.0468],[39.3939,58.0383],[39.4004,58.0332],[39.398,58.0299],[39.3953,58.0289],[39.3828,58.0234],[39.3724,58.0187],[39.3656,58.022],[39.3609,58.0169],[39.3569,58.0176],[39.3563,58.0158],[39.3487,58.016],[39.3486,58.0152],[39.3433,58.0147],[39.3412,58.0143],[39.3385,58.0136],[39.3388,58.0121],[39.339,58.0115],[39.339,58.0064],[39.3382,58.0058],[39.3397,58.0054],[39.3425,58.0042],[39.3477,58.0034],[39.3402,58.0007],[39.3354,58.0003],[39.3386,57.9971],[39.3371,57.9963],[39.3338,57.9964],[39.3317,57.996],[39.3348,57.991],[39.332,57.9861],[39.3294,57.9844],[39.3283,57.9833],[39.3273,57.9822],[39.3291,57.981],[39.3313,57.9798],[39.331,57.9787],[39.3298,57.977],[39.3292,57.9764],[39.3271,57.9757],[39.3249,57.9748],[39.3241,57.9748],[39.3231,57.9749],[39.3224,57.9752],[39.3222,57.9753],[39.322,57.9756],[39.3219,57.9759],[39.3217,57.9761],[39.3215,57.9761],[39.3213,57.976],[39.321,57.9758],[39.3206,57.9756],[39.3201,57.9756],[39.3196,57.9756],[39.3193,57.9757],[39.319,57.9757],[39.3187,57.9755],[39.3178,57.975],[39.3179,57.9748],[39.3181,57.9745],[39.318,57.9743],[39.3174,57.974],[39.3163,57.9734],[39.3159,57.973],[39.3156,57.9724],[39.3157,57.9717],[39.3155,57.9713],[39.315,57.9708],[39.3145,57.9705],[39.3135,57.9706],[39.3129,57.9705],[39.3126,57.9705],[39.3117,57.9702],[39.3112,57.9701],[39.3107,57.9701],[39.3101,57.9702],[39.3096,57.97],[39.3088,57.9697],[39.3081,57.9696],[39.3069,57.9694],[39.3053,57.9692],[39.3043,57.969],[39.3036,57.9688],[39.2976,57.966],[39.2988,57.9653],[39.3028,57.9631],[39.3075,57.9605],[39.3079,57.9602],[39.3146,57.9568],[39.3191,57.9544],[39.3307,57.9488],[39.3318,57.9483],[39.3296,57.9463],[39.3251,57.9426],[39.3258,57.9413],[39.319,57.9387],[39.3173,57.9396],[39.3054,57.933],[39.2907,57.9369],[39.2831,57.9391],[39.2796,57.9399],[39.2767,57.9407],[39.27,57.9383],[39.2704,57.9318],[39.2766,57.9282],[39.273,57.9246],[39.2708,57.9239],[39.2721,57.9223],[39.2737,57.9207],[39.2712,57.9194],[39.275,57.9171],[39.2793,57.9149],[39.2821,57.913],[39.2663,57.9099],[39.2652,57.9086],[39.2578,57.9089],[39.2534,57.9079],[39.2514,57.9061],[39.2505,57.9031],[39.2504,57.9006],[39.2487,57.8997],[39.2489,57.8987],[39.2503,57.8977],[39.2466,57.8968],[39.2476,57.8963],[39.2519,57.894],[39.2522,57.8926],[39.2492,57.8896],[39.2424,57.8869],[39.234,57.8846],[39.2307,57.889],[39.226,57.8874],[39.2122,57.8874],[39.2129,57.8852],[39.2027,57.8846],[39.1978,57.8844],[39.1915,57.8844],[39.1888,57.8786],[39.1882,57.8771],[39.1873,57.875],[39.1867,57.8732],[39.1831,57.8625],[39.1724,57.8613],[39.1719,57.8609],[39.1709,57.8606],[39.1682,57.8602],[39.1675,57.8582],[39.1686,57.8568],[39.1567,57.8567],[39.154,57.8566],[39.1529,57.8565],[39.1524,57.8554],[39.1488,57.856],[39.149,57.8574],[39.1434,57.8584],[39.1396,57.8595],[39.1366,57.8601],[39.1364,57.8604],[39.1358,57.8608],[39.1325,57.8613],[39.1318,57.8613],[39.1307,57.8617],[39.1266,57.8618],[39.1275,57.8646],[39.1289,57.8659],[39.1287,57.8666],[39.1305,57.8681],[39.1317,57.8687],[39.1357,57.8709],[39.137,57.8726],[39.1381,57.8729],[39.1421,57.8745],[39.1399,57.8757],[39.1273,57.8829],[39.1186,57.8869],[39.1164,57.8856],[39.1148,57.8836],[39.1106,57.8831],[39.0962,57.8808],[39.0939,57.8795],[39.0911,57.879],[39.0902,57.878],[39.0813,57.8759],[39.0824,57.8754],[39.0772,57.8756],[39.0714,57.8746],[39.0687,57.8725],[39.0705,57.8721],[39.0719,57.8707],[39.0743,57.8679],[39.0747,57.8666],[39.076,57.8658],[39.0787,57.8635],[39.0768,57.8622],[39.0629,57.8583],[39.062,57.8582],[39.0457,57.8579],[39.045,57.8597],[39.0447,57.8599],[39.0347,57.8601],[39.0351,57.8588],[39.0336,57.8562],[39.0349,57.8545],[39.0351,57.8519],[39.0293,57.852],[39.0169,57.8504],[39.0142,57.8504],[39.0124,57.8506],[39.0117,57.8508],[39.0091,57.8514],[39.0048,57.8521],[39.0025,57.8526],[38.9991,57.8519],[38.9971,57.8507],[38.9941,57.8502],[38.9939,57.848],[38.9901,57.8457],[38.9858,57.8478],[38.9798,57.8498],[38.9766,57.8491],[38.9741,57.8479],[38.965,57.8469],[38.96,57.8477],[38.9566,57.8473],[38.9505,57.8449],[38.9537,57.8443],[38.9536,57.8436],[38.9519,57.8436],[38.9439,57.8438],[38.9493,57.8562],[38.9505,57.8605],[38.9268,57.862],[38.9011,57.8634],[38.9021,57.8651],[38.9012,57.8676],[38.9028,57.8693],[38.902,57.8705],[38.9045,57.8739],[38.9029,57.8751],[38.8953,57.8763],[38.8852,57.8785],[38.8813,57.8778],[38.8776,57.8801],[38.8754,57.8802],[38.8743,57.8793],[38.8711,57.8798],[38.8633,57.881],[38.8475,57.8805],[38.8446,57.8789],[38.8403,57.8796],[38.8401,57.8808],[38.8345,57.8804],[38.8351,57.8795],[38.8254,57.8752],[38.8167,57.8732],[38.7991,57.886],[38.7911,57.8914],[38.7929,57.9015],[38.7899,57.9051],[38.7823,57.9049],[38.7816,57.9063],[38.7836,57.9095],[38.7815,57.9104],[38.7771,57.9103],[38.7731,57.9111],[38.7712,57.9065],[38.769,57.9058],[38.7664,57.903],[38.7642,57.9036],[38.7618,57.9038],[38.7594,57.9042],[38.746,57.9036],[38.746,57.8955],[38.7317,57.896],[38.7236,57.8975],[38.7149,57.8959],[38.7071,57.8982],[38.6943,57.8947],[38.6957,57.8923],[38.6921,57.8901],[38.6879,57.8876],[38.6839,57.8878],[38.682,57.887],[38.6746,57.8841],[38.6765,57.8807],[38.6806,57.8812],[38.68,57.8797],[38.6766,57.879],[38.6754,57.8764],[38.6754,57.8749],[38.6813,57.8768],[38.686,57.8756],[38.6826,57.871],[38.683,57.8685],[38.6868,57.8656],[38.6837,57.8634],[38.686,57.8615],[38.6887,57.8596],[38.6972,57.8545],[38.6971,57.8531],[38.6926,57.8505],[38.6846,57.8483],[38.6792,57.8493],[38.6767,57.8482],[38.6757,57.8442],[38.6674,57.8403],[38.6661,57.8382],[38.6671,57.8378],[38.6674,57.8374],[38.6683,57.8368],[38.6688,57.8368],[38.669,57.8357],[38.6701,57.8357],[38.6705,57.8353],[38.6712,57.8353],[38.6737,57.8259],[38.6457,57.8136],[38.6132,57.8333],[38.5706,57.8578],[38.5685,57.8568],[38.5542,57.8636],[38.5553,57.8653],[38.5437,57.8678],[38.5452,57.8707],[38.5365,57.8737],[38.5372,57.8757],[38.5245,57.8779],[38.5203,57.8787],[38.5152,57.8796],[38.5109,57.8806],[38.5106,57.8823],[38.5096,57.8834],[38.5093,57.8836],[38.5089,57.8836],[38.5081,57.8832],[38.5066,57.8821],[38.506,57.8817],[38.5053,57.8815],[38.5049,57.8815],[38.5046,57.8815],[38.4912,57.8853],[38.4912,57.8876],[38.4914,57.8945],[38.4916,57.8974],[38.4931,57.9024],[38.4942,57.9089],[38.4942,57.9113],[38.4935,57.9157],[38.4926,57.9217],[38.4905,57.9257],[38.4865,57.9304],[38.4854,57.9308],[38.4816,57.9341],[38.4775,57.9365],[38.4765,57.9371],[38.4739,57.9384],[38.464,57.9418],[38.4541,57.9463],[38.4489,57.95],[38.4456,57.9531],[38.4438,57.9562],[38.4394,57.9631],[38.4362,57.9889],[38.4296,58.0103],[38.4231,58.0168],[38.4127,58.0274],[38.3922,58.0356],[38.3848,58.0386],[38.3481,58.0537],[38.3227,58.0604],[38.309,58.068],[38.2969,58.077],[38.2931,58.0809],[38.2928,58.0839],[38.2976,58.0908],[38.298,58.1318],[38.298,58.1732],[38.2738,58.1735],[38.2743,58.1817],[38.2743,58.1874],[38.2771,58.1914],[38.2789,58.194],[38.2789,58.1965],[38.2787,58.1984],[38.2764,58.1997],[38.2715,58.2053],[38.2717,58.2063],[38.2735,58.2069],[38.2731,58.2091],[38.2713,58.2122],[38.2705,58.2168],[38.268,58.2185],[38.2572,58.2256],[38.2542,58.2317],[38.2406,58.2591],[38.1995,58.3415],[38.1746,58.3915]],[[38.6489,58.104],[38.6504,58.1021],[38.6539,58.103],[38.6554,58.1021],[38.6567,58.0999],[38.6618,58.1002],[38.6615,58.0999],[38.6611,58.0996],[38.6611,58.0993],[38.6615,58.0989],[38.6623,58.0984],[38.6629,58.0982],[38.6632,58.0981],[38.6632,58.098],[38.663,58.0978],[38.6629,58.0975],[38.6627,58.0973],[38.6624,58.0971],[38.6622,58.0969],[38.6622,58.0966],[38.6619,58.0965],[38.6618,58.0965],[38.6617,58.0969],[38.662,58.0972],[38.6622,58.0974],[38.6622,58.0977],[38.662,58.0978],[38.6613,58.0978],[38.6606,58.0977],[38.6603,58.0976],[38.6601,58.0974],[38.6601,58.0971],[38.6603,58.0969],[38.661,58.0967],[38.6614,58.0964],[38.6612,58.0961],[38.6605,58.0958],[38.6594,58.0956],[38.6588,58.0956],[38.6588,58.0953],[38.658,58.095],[38.6573,58.0949],[38.6568,58.0947],[38.6564,58.0945],[38.6563,58.0944],[38.6573,58.0946],[38.6584,58.0946],[38.6589,58.0947],[38.66,58.0949],[38.6603,58.0946],[38.6628,58.0946],[38.6628,58.0917],[38.6647,58.0911],[38.6668,58.0932],[38.6671,58.0932],[38.6678,58.0929],[38.6688,58.092],[38.6698,58.0911],[38.6708,58.0903],[38.6721,58.0895],[38.6729,58.0889],[38.6739,58.0882],[38.6743,58.0876],[38.6744,58.0869],[38.6744,58.0867],[38.6747,58.0866],[38.6795,58.0849],[38.6814,58.0843],[38.6873,58.0825],[38.6893,58.082],[38.6905,58.082],[38.693,58.0825],[38.6951,58.08],[38.6969,58.0781],[38.698,58.0772],[38.6993,58.0767],[38.7011,58.0768],[38.7021,58.0771],[38.7008,58.0799],[38.7007,58.0799],[38.7005,58.0802],[38.7001,58.0804],[38.6995,58.0813],[38.6988,58.0812],[38.6976,58.0832],[38.7027,58.0839],[38.7048,58.0842],[38.7063,58.0845],[38.7089,58.0832],[38.7102,58.0822],[38.7112,58.0816],[38.71,58.0811],[38.713,58.0792],[38.715,58.078],[38.7169,58.0778],[38.7211,58.0799],[38.7223,58.0806],[38.7225,58.0809],[38.7224,58.0809],[38.7222,58.0809],[38.722,58.0809],[38.7218,58.081],[38.7213,58.081],[38.7213,58.081],[38.7212,58.081],[38.7211,58.081],[38.7205,58.081],[38.7203,58.081],[38.7202,58.081],[38.7197,58.0812],[38.7197,58.0812],[38.7199,58.0817],[38.7196,58.0817],[38.7198,58.0818],[38.7201,58.0819],[38.7204,58.082],[38.7207,58.082],[38.7206,58.0821],[38.7207,58.0822],[38.7209,58.0823],[38.7211,58.0824],[38.7214,58.0825],[38.7218,58.0825],[38.7223,58.0825],[38.7226,58.0824],[38.7236,58.0823],[38.7236,58.0824],[38.7235,58.0825],[38.7235,58.0826],[38.7235,58.0827],[38.7236,58.0828],[38.7237,58.0829],[38.7239,58.083],[38.724,58.083],[38.724,58.083],[38.7239,58.0831],[38.7235,58.0832],[38.7233,58.0832],[38.7232,58.0831],[38.7232,58.0831],[38.723,58.083],[38.7229,58.083],[38.7228,58.083],[38.7227,58.083],[38.7226,58.0831],[38.7226,58.0832],[38.7225,58.0833],[38.7225,58.0834],[38.7224,58.0834],[38.7225,58.0836],[38.7224,58.0837],[38.7225,58.084],[38.7226,58.0841],[38.7226,58.0842],[38.7226,58.0843],[38.7225,58.0844],[38.7224,58.0845],[38.7223,58.0846],[38.722,58.0847],[38.7218,58.0848],[38.7218,58.0849],[38.7219,58.0849],[38.722,58.085],[38.7221,58.085],[38.7223,58.085],[38.7225,58.0851],[38.7225,58.0851],[38.7225,58.0852],[38.7225,58.0852],[38.7224,58.0852],[38.7219,58.0853],[38.7217,58.0853],[38.7214,58.0853],[38.7212,58.0853],[38.7209,58.0856],[38.7208,58.0857],[38.7204,58.0858],[38.7201,58.086],[38.7201,58.086],[38.7201,58.0861],[38.7202,58.0862],[38.7204,58.0864],[38.7209,58.0865],[38.7214,58.0868],[38.7213,58.0871],[38.722,58.088],[38.7221,58.0891],[38.7223,58.0896],[38.722,58.0903],[38.722,58.0905],[38.723,58.0912],[38.7233,58.0912],[38.7234,58.0912],[38.7237,58.0912],[38.724,58.0912],[38.7244,58.0912],[38.7251,58.0912],[38.7253,58.0912],[38.7255,58.0912],[38.7259,58.0911],[38.7261,58.0911],[38.7266,58.0911],[38.727,58.0911],[38.7272,58.0911],[38.7275,58.0911],[38.7277,58.091],[38.7279,58.091],[38.7284,58.0908],[38.7287,58.0908],[38.7289,58.0907],[38.7292,58.0907],[38.7294,58.0906],[38.7296,58.0906],[38.73,58.0906],[38.7302,58.0906],[38.7304,58.0906],[38.7306,58.0906],[38.7308,58.0905],[38.731,58.0904],[38.7316,58.0903],[38.7318,58.0902],[38.7324,58.0901],[38.7326,58.09],[38.7338,58.0896],[38.7341,58.0895],[38.7347,58.0894],[38.7349,58.0893],[38.7354,58.0891],[38.7356,58.0891],[38.7357,58.089],[38.7359,58.089],[38.736,58.089],[38.7364,58.089],[38.7366,58.0889],[38.7367,58.0889],[38.7374,58.0887],[38.7388,58.0882],[38.7394,58.088],[38.7396,58.0879],[38.7399,58.0879],[38.7409,58.0877],[38.7413,58.0876],[38.7419,58.0874],[38.7426,58.0871],[38.7433,58.0869],[38.7435,58.0868],[38.7438,58.0866],[38.7445,58.0862],[38.7446,58.0862],[38.7446,58.0862],[38.7446,58.0861],[38.7446,58.0861],[38.7446,58.086],[38.7447,58.086],[38.7447,58.086],[38.7448,58.086],[38.7449,58.086],[38.745,58.086],[38.7451,58.086],[38.7455,58.0859],[38.746,58.0858],[38.7465,58.0856],[38.7472,58.0853],[38.7479,58.0851],[38.7485,58.0848],[38.749,58.0846],[38.7494,58.0844],[38.7499,58.0841],[38.7506,58.0836],[38.7507,58.0835],[38.7443,58.0796],[38.7442,58.0789],[38.7436,58.0775],[38.7424,58.0762],[38.7403,58.0739],[38.7385,58.072],[38.7383,58.0717],[38.739,58.0711],[38.7412,58.0678],[38.7391,58.0674],[38.7391,58.0665],[38.7366,58.0665],[38.7364,58.0668],[38.7349,58.0665],[38.7333,58.0666],[38.7309,58.0641],[38.7302,58.0633],[38.7299,58.0631],[38.7272,58.0603],[38.7395,58.0555],[38.7398,58.0554],[38.7505,58.0513],[38.7455,58.0473],[38.7421,58.0448],[38.7525,58.0398],[38.7558,58.0395],[38.7638,58.0385],[38.7662,58.0412],[38.7673,58.0418],[38.7747,58.0423],[38.781,58.0412],[38.788,58.0394],[38.7888,58.0392],[38.7869,58.0374],[38.7863,58.0365],[38.7862,58.0358],[38.7883,58.035],[38.792,58.0342],[38.7928,58.0349],[38.7937,58.0352],[38.7957,58.0344],[38.8001,58.0351],[38.8034,58.032],[38.8038,58.0322],[38.8039,58.0323],[38.8049,58.0327],[38.8063,58.0334],[38.8079,58.0311],[38.811,58.0317],[38.819,58.028],[38.8199,58.0276],[38.8196,58.0276],[38.8186,58.0276],[38.8181,58.0275],[38.8177,58.0274],[38.8176,58.0272],[38.8176,58.0271],[38.8178,58.0269],[38.8178,58.0268],[38.818,58.0266],[38.818,58.0264],[38.818,58.0263],[38.818,58.0262],[38.818,58.026],[38.8182,58.0259],[38.8183,58.0258],[38.8186,58.0258],[38.8188,58.0258],[38.8189,58.0257],[38.8191,58.0257],[38.8194,58.0256],[38.8197,58.0255],[38.8205,58.0247],[38.8237,58.0199],[38.8226,58.0191],[38.8201,58.016],[38.8228,58.0153],[38.8293,58.0137],[38.8317,58.0124],[38.8249,58.0076],[38.8251,58.0075],[38.8308,58.0065],[38.8415,58.004],[38.8457,58.0065],[38.8423,58.0086],[38.8433,58.0107],[38.8434,58.0108],[38.8458,58.013],[38.8458,58.0151],[38.8478,58.0166],[38.8486,58.0169],[38.863,58.0169],[38.8634,58.0172],[38.8634,58.0176],[38.8636,58.0183],[38.8633,58.0183],[38.8635,58.0186],[38.8636,58.019],[38.8635,58.0196],[38.8638,58.0196],[38.8644,58.0198],[38.8647,58.0199],[38.8652,58.0199],[38.8655,58.0199],[38.8657,58.0199],[38.8659,58.0199],[38.866,58.0199],[38.8665,58.0198],[38.8666,58.0195],[38.8667,58.0192],[38.8668,58.0189],[38.8668,58.0188],[38.8668,58.0187],[38.867,58.0186],[38.8671,58.0184],[38.8672,58.0183],[38.8672,58.0182],[38.8675,58.018],[38.868,58.0178],[38.8683,58.0176],[38.8688,58.0175],[38.8689,58.0174],[38.869,58.0173],[38.8664,58.0172],[38.8664,58.0167],[38.8664,58.0166],[38.8645,58.0167],[38.8642,58.0167],[38.8614,58.0141],[38.8573,58.0108],[38.8572,58.0107],[38.8576,58.0105],[38.8567,58.0098],[38.8565,58.0093],[38.8566,58.0077],[38.8573,58.0077],[38.8575,58.0067],[38.858,58.0067],[38.8581,58.0055],[38.8587,58.0055],[38.8589,58.0047],[38.8595,58.0048],[38.8598,58.004],[38.8602,58.0038],[38.8607,58.0036],[38.8627,58.0039],[38.8628,58.0039],[38.8637,58.0038],[38.8643,58.0034],[38.8651,58.0029],[38.8666,58.0023],[38.8676,58.002],[38.8682,58.002],[38.8687,58.0022],[38.8693,58.0027],[38.8697,58.003],[38.8702,58.003],[38.8709,58.0028],[38.8716,58.0028],[38.8723,58.0028],[38.8732,58.0025],[38.8736,58.0023],[38.8743,58.0024],[38.8749,58.0025],[38.8754,58.0027],[38.8764,58.0032],[38.8769,58.0037],[38.8773,58.0044],[38.8769,58.0049],[38.8784,58.0052],[38.8797,58.0048],[38.8804,58.0048],[38.8809,58.0053],[38.8832,58.0051],[38.8833,58.005],[38.8836,58.0044],[38.8871,58.0039],[38.8911,58.0034],[38.8949,58.0028],[38.8954,58.0029],[38.8964,58.0036],[38.8969,58.0044],[38.8969,58.0054],[38.8979,58.0055],[38.8984,58.0056],[38.9082,58.0075],[38.9102,58.0079],[38.9097,58.0085],[38.9052,58.0078],[38.902,58.0124],[38.9047,58.0127],[38.9044,58.0131],[38.9021,58.0159],[38.9045,58.0161],[38.9052,58.0161],[38.9065,58.016],[38.9083,58.0163],[38.9084,58.0163],[38.9121,58.0126],[38.9145,58.0086],[38.9221,58.01],[38.9312,58.0117],[38.9463,58.0149],[38.9485,58.0153],[38.948,58.0155],[38.9477,58.018],[38.9435,58.018],[38.9433,58.0204],[38.946,58.0218],[38.9539,58.0212],[38.9632,58.0213],[38.9634,58.019],[38.9735,58.0217],[38.9739,58.0218],[38.9743,58.0219],[38.9744,58.022],[38.975,58.0225],[38.9732,58.0231],[38.9707,58.0239],[38.9697,58.0246],[38.9693,58.0252],[38.9694,58.0262],[38.9694,58.0272],[38.97,58.0284],[38.9695,58.0297],[38.9665,58.0303],[38.9652,58.0303],[38.9652,58.0323],[38.9647,58.0327],[38.965,58.0341],[38.965,58.0347],[38.965,58.0348],[38.9631,58.0366],[38.9595,58.0403],[38.9594,58.0405],[38.9587,58.0412],[38.9575,58.0418],[38.9568,58.0422],[38.9555,58.0424],[38.9547,58.0428],[38.9545,58.0431],[38.9548,58.0434],[38.9557,58.0435],[38.9557,58.0445],[38.9549,58.0445],[38.9534,58.0467],[38.9479,58.0461],[38.9443,58.0453],[38.9438,58.0462],[38.9442,58.0464],[38.9436,58.0474],[38.941,58.0477],[38.9405,58.0478],[38.9394,58.0477],[38.9387,58.0455],[38.9382,58.0454],[38.9352,58.0449],[38.9382,58.0428],[38.9397,58.043],[38.941,58.0408],[38.9408,58.0407],[38.9406,58.0406],[38.9402,58.0404],[38.94,58.0404],[38.9398,58.0404],[38.9393,58.0403],[38.9335,58.0404],[38.9279,58.0405],[38.9277,58.0405],[38.9276,58.0405],[38.9275,58.0405],[38.9272,58.0405],[38.927,58.0405],[38.9262,58.0406],[38.9257,58.0407],[38.9261,58.0416],[38.9274,58.0416],[38.9271,58.0427],[38.9355,58.0435],[38.9347,58.0448],[38.9349,58.0449],[38.9336,58.0459],[38.9331,58.0471],[38.9347,58.0501],[38.935,58.0505],[38.935,58.0512],[38.9343,58.0543],[38.9298,58.0552],[38.9309,58.0572],[38.9304,58.0574],[38.9295,58.0586],[38.9218,58.0595],[38.9214,58.0593],[38.9049,58.0619],[38.8981,58.0628],[38.8965,58.063],[38.8947,58.0626],[38.8911,58.0642],[38.8864,58.0661],[38.8887,58.0682],[38.8879,58.0689],[38.8891,58.0708],[38.887,58.0723],[38.8856,58.0745],[38.8732,58.0761],[38.8647,58.0773],[38.8665,58.0815],[38.8661,58.0819],[38.8657,58.082],[38.8653,58.0822],[38.8647,58.0823],[38.8642,58.0826],[38.8616,58.0803],[38.8589,58.0806],[38.8562,58.0794],[38.8533,58.0798],[38.853,58.0799],[38.8522,58.08],[38.8559,58.0813],[38.8565,58.0815],[38.8585,58.0823],[38.8616,58.0844],[38.8637,58.0859],[38.8591,58.0875],[38.852,58.0889],[38.8516,58.0897],[38.8517,58.0902],[38.852,58.0909],[38.8524,58.0915],[38.8522,58.0918],[38.8523,58.0926],[38.8526,58.0928],[38.8532,58.0928],[38.8535,58.0929],[38.8545,58.0935],[38.8565,58.0943],[38.8565,58.0945],[38.8562,58.0948],[38.8557,58.0952],[38.8557,58.0954],[38.8562,58.0955],[38.8571,58.0954],[38.8574,58.0952],[38.8573,58.0947],[38.8578,58.0944],[38.8585,58.0943],[38.8588,58.0944],[38.859,58.0946],[38.859,58.095],[38.859,58.0952],[38.8592,58.0952],[38.86,58.0947],[38.8601,58.0946],[38.8603,58.0943],[38.8608,58.0942],[38.8614,58.0944],[38.8617,58.0947],[38.8618,58.095],[38.8617,58.0953],[38.8615,58.0957],[38.8623,58.0961],[38.8628,58.0968],[38.8635,58.0972],[38.8596,58.102],[38.8589,58.1016],[38.8528,58.0978],[38.8383,58.0895],[38.8339,58.0869],[38.8303,58.0854],[38.8275,58.0843],[38.8262,58.085],[38.8256,58.0848],[38.8256,58.0843],[38.8258,58.084],[38.8263,58.0835],[38.8232,58.0823],[38.8226,58.082],[38.8223,58.0819],[38.822,58.0818],[38.8216,58.0818],[38.821,58.0819],[38.8122,58.0837],[38.8121,58.0883],[38.819,58.0922],[38.8185,58.0925],[38.8091,58.0903],[38.8037,58.0886],[38.8024,58.0875],[38.8023,58.087],[38.8021,58.0866],[38.8016,58.0861],[38.7902,58.0881],[38.7853,58.0891],[38.7783,58.0905],[38.779,58.0915],[38.7774,58.0922],[38.7788,58.0936],[38.7772,58.0943],[38.776,58.0938],[38.7743,58.0944],[38.774,58.0949],[38.7715,58.0992],[38.7693,58.0992],[38.7694,58.0988],[38.7685,58.0979],[38.7647,58.0987],[38.7629,58.0978],[38.7589,58.0994],[38.7582,58.0991],[38.7483,58.1038],[38.7473,58.104],[38.7453,58.1055],[38.7462,58.1058],[38.7443,58.1071],[38.7434,58.1068],[38.7416,58.108],[38.7417,58.1088],[38.7379,58.1096],[38.7366,58.1109],[38.7277,58.111],[38.7248,58.1097],[38.7187,58.1104],[38.7171,58.1111],[38.7102,58.1128],[38.7048,58.1141],[38.6981,58.1165],[38.6848,58.1211],[38.6824,58.12],[38.6809,58.1192],[38.6767,58.1173],[38.6758,58.1169],[38.6699,58.1139],[38.6695,58.1137],[38.6537,58.1061],[38.6525,58.1055],[38.6489,58.104]]]}},{"type":"Feature","properties":{"district":"Тутаевский район"},"geometry":{"type":"Polygon","coordinates":[[[39.1867,57.8732],[39.2105,57.8705],[39.209,57.8686],[39.2083,57.8673],[39.2102,57.8662],[39.2154,57.8654],[39.2195,57.8643],[39.2178,57.8605],[39.2222,57.8604],[39.2283,57.8611],[39.2337,57.8612],[39.2445,57.8527],[39.2423,57.8474],[39.2374,57.846],[39.2325,57.844],[39.2292,57.8417],[39.2278,57.8396],[39.235,57.835],[39.2388,57.8326],[39.2433,57.8308],[39.2472,57.8305],[39.2568,57.8321],[39.2597,57.8323],[39.2674,57.8255],[39.2569,57.8229],[39.2826,57.8104],[39.282,57.8076],[39.2887,57.8071],[39.2981,57.8069],[39.3077,57.8059],[39.3115,57.8057],[39.3152,57.8043],[39.3187,57.8028],[39.3217,57.8029],[39.3351,57.8077],[39.3398,57.8087],[39.3417,57.8058],[39.3455,57.8042],[39.3553,57.8029],[39.3554,57.8022],[39.3555,57.8019],[39.3562,57.7966],[39.3574,57.7952],[39.3689,57.7933],[39.3757,57.7933],[39.376,57.799],[39.3925,57.7961],[39.399,57.7935],[39.4113,57.7874],[39.4162,57.787],[39.4172,57.7858],[39.42,57.7846],[39.4264,57.783],[39.4313,57.7805],[39.4321,57.7776],[39.4321,57.7757],[39.4357,57.7734],[39.4354,57.7707],[39.4339,57.7595],[39.4412,57.7528],[39.4417,57.7512],[39.4408,57.7506],[39.4381,57.7504],[39.4331,57.7515],[39.431,57.7499],[39.4288,57.7484],[39.4261,57.7466],[39.4248,57.7431],[39.4205,57.7415],[39.4202,57.7414],[39.4186,57.7404],[39.417,57.7391],[39.4135,57.7397],[39.4109,57.7402],[39.4068,57.7412],[39.4034,57.7378],[39.403,57.7365],[39.4046,57.7338],[39.404,57.7315],[39.4024,57.7306],[39.397,57.73],[39.3948,57.7289],[39.3938,57.7206],[39.3891,57.7167],[39.3891,57.7147],[39.3897,57.7135],[39.3937,57.7134],[39.3976,57.7136],[39.3994,57.717],[39.4123,57.7152],[39.4162,57.7081],[39.4161,57.7066],[39.4119,57.704],[39.4072,57.7011],[39.4047,57.6972],[39.4002,57.6965],[39.3992,57.6946],[39.3976,57.692],[39.3956,57.6892],[39.394,57.6891],[39.3899,57.6893],[39.3864,57.6884],[39.3781,57.6887],[39.3748,57.6874],[39.3707,57.6867],[39.3678,57.6851],[39.3676,57.6802],[39.3608,57.6812],[39.361,57.6722],[39.3657,57.6716],[39.3681,57.669],[39.3728,57.6716],[39.3771,57.67],[39.3761,57.6653],[39.3879,57.6648],[39.3888,57.6701],[39.3922,57.6699],[39.3941,57.6678],[39.3998,57.6657],[39.4035,57.668],[39.4088,57.6693],[39.412,57.6703],[39.4158,57.6704],[39.4186,57.6664],[39.4288,57.6678],[39.4357,57.6681],[39.4392,57.6696],[39.4426,57.6704],[39.4461,57.6704],[39.448,57.6697],[39.4492,57.6703],[39.4501,57.6701],[39.4511,57.6697],[39.4516,57.6696],[39.454,57.6682],[39.4574,57.6668],[39.4639,57.6662],[39.467,57.6661],[39.4676,57.6661],[39.4737,57.6627],[39.4838,57.6654],[39.4864,57.6661],[39.4868,57.6681],[39.4865,57.6694],[39.4857,57.6707],[39.4851,57.6711],[39.4824,57.6724],[39.4829,57.673],[39.4833,57.6736],[39.4837,57.6751],[39.4908,57.6752],[39.4885,57.6819],[39.4885,57.682],[39.4968,57.6828],[39.4983,57.685],[39.4938,57.6845],[39.4944,57.6862],[39.5021,57.6873],[39.506,57.6896],[39.5086,57.6908],[39.5105,57.692],[39.5113,57.6939],[39.5146,57.6939],[39.5171,57.6932],[39.525,57.693],[39.528,57.6919],[39.5295,57.6951],[39.5316,57.6953],[39.5345,57.6985],[39.5341,57.7023],[39.528,57.7056],[39.5247,57.7076],[39.5257,57.7087],[39.5307,57.7086],[39.5306,57.7125],[39.5365,57.7163],[39.5439,57.7161],[39.5452,57.7149],[39.5485,57.716],[39.557,57.716],[39.5587,57.715],[39.5663,57.7156],[39.5649,57.7183],[39.5686,57.7199],[39.57,57.7192],[39.5743,57.7204],[39.5771,57.721],[39.5818,57.723],[39.592,57.7257],[39.5956,57.7362],[39.5983,57.7381],[39.6021,57.7366],[39.6033,57.7364],[39.612,57.7343],[39.6196,57.7314],[39.6238,57.7297],[39.6254,57.7305],[39.6269,57.7328],[39.6333,57.7436],[39.6369,57.7467],[39.6389,57.7485],[39.6397,57.7492],[39.6391,57.7506],[39.6362,57.7593],[39.6358,57.7595],[39.6368,57.7621],[39.6361,57.7639],[39.6363,57.7656],[39.6423,57.766],[39.6471,57.7655],[39.6476,57.7658],[39.649,57.7655],[39.6493,57.7651],[39.6546,57.765],[39.6598,57.764],[39.6638,57.7657],[39.6645,57.7689],[39.6664,57.7718],[39.6677,57.7733],[39.6721,57.775],[39.6763,57.774],[39.6811,57.7741],[39.6835,57.7755],[39.6842,57.7779],[39.6861,57.782],[39.687,57.7844],[39.6825,57.7849],[39.6825,57.7854],[39.6821,57.7882],[39.6889,57.789],[39.7021,57.7914],[39.7121,57.7935],[39.726,57.7941],[39.7296,57.7938],[39.737,57.7932],[39.7376,57.7955],[39.7362,57.798],[39.7382,57.7981],[39.7415,57.7982],[39.7432,57.7999],[39.7395,57.8027],[39.7367,57.8026],[39.735,57.8038],[39.7337,57.8038],[39.7316,57.8049],[39.731,57.806],[39.7315,57.8062],[39.7314,57.8066],[39.7315,57.8071],[39.7298,57.8083],[39.7297,57.809],[39.731,57.8112],[39.7323,57.8121],[39.7325,57.8123],[39.7325,57.8125],[39.7321,57.8129],[39.7321,57.8134],[39.7323,57.8139],[39.7327,57.815],[39.7333,57.8156],[39.7333,57.8158],[39.7332,57.816],[39.7332,57.8164],[39.7333,57.8167],[39.7336,57.8171],[39.7338,57.8173],[39.7342,57.8176],[39.7344,57.8177],[39.7356,57.8175],[39.737,57.8176],[39.7378,57.8175],[39.7387,57.8176],[39.7402,57.8177],[39.7403,57.8179],[39.7408,57.818],[39.7417,57.8179],[39.7434,57.8172],[39.7436,57.8157],[39.7433,57.8155],[39.7433,57.8153],[39.7437,57.8149],[39.745,57.8151],[39.7454,57.8154],[39.746,57.8156],[39.7462,57.8157],[39.7467,57.8158],[39.7483,57.8167],[39.7484,57.8173],[39.7486,57.8174],[39.7488,57.8176],[39.7492,57.8183],[39.7495,57.8187],[39.7503,57.8197],[39.7512,57.8203],[39.7522,57.8206],[39.7528,57.8211],[39.7525,57.8213],[39.7525,57.8215],[39.7528,57.8216],[39.7535,57.8218],[39.7541,57.8219],[39.7547,57.822],[39.7551,57.8222],[39.7552,57.8223],[39.7552,57.8224],[39.7546,57.8226],[39.7543,57.8226],[39.7531,57.8232],[39.7597,57.8241],[39.7621,57.824],[39.763,57.8238],[39.7632,57.8233],[39.763,57.823],[39.7673,57.8188],[39.7786,57.8199],[39.7797,57.8221],[39.7809,57.8224],[39.7847,57.8239],[39.7885,57.8256],[39.7966,57.8239],[39.8037,57.8253],[39.8062,57.8257],[39.8091,57.8255],[39.8119,57.8253],[39.8139,57.8252],[39.8218,57.8266],[39.8222,57.8263],[39.8228,57.8247],[39.8244,57.8242],[39.8263,57.8231],[39.8276,57.8232],[39.8337,57.8198],[39.8402,57.8239],[39.8473,57.8281],[39.8512,57.8289],[39.8572,57.8298],[39.8578,57.83],[39.857,57.8306],[39.855,57.8306],[39.8531,57.8306],[39.8518,57.8308],[39.8513,57.8309],[39.8506,57.8312],[39.8502,57.8323],[39.8511,57.8332],[39.8516,57.8336],[39.8519,57.8342],[39.8523,57.8353],[39.8524,57.8358],[39.8522,57.8364],[39.8521,57.8368],[39.8556,57.8371],[39.8565,57.8372],[39.8581,57.8375],[39.86,57.8376],[39.8618,57.8368],[39.8627,57.8349],[39.8645,57.8337],[39.869,57.8331],[39.8726,57.8388],[39.872,57.8448],[39.8759,57.8481],[39.8711,57.852],[39.8686,57.8536],[39.8677,57.8544],[39.8667,57.855],[39.8656,57.8548],[39.865,57.8548],[39.8646,57.8549],[39.8641,57.8551],[39.8643,57.8553],[39.8639,57.8555],[39.8634,57.8555],[39.863,57.8552],[39.862,57.8551],[39.8614,57.8549],[39.861,57.8546],[39.8606,57.8546],[39.8599,57.8548],[39.8604,57.8553],[39.8627,57.8572],[39.8651,57.8589],[39.8661,57.8594],[39.8692,57.8584],[39.8724,57.8582],[39.8756,57.8581],[39.8772,57.8618],[39.8785,57.8625],[39.8814,57.8628],[39.8838,57.8647],[39.8843,57.866],[39.8851,57.8665],[39.8862,57.8664],[39.8869,57.866],[39.8874,57.8659],[39.8875,57.8656],[39.8919,57.8644],[39.8929,57.8652],[39.8932,57.866],[39.8931,57.8668],[39.8933,57.8672],[39.8938,57.8675],[39.897,57.8664],[39.8997,57.8694],[39.9018,57.8691],[39.9053,57.8735],[39.9088,57.878],[39.9091,57.8781],[39.9152,57.8788],[39.9152,57.8799],[39.9148,57.8801],[39.9149,57.8817],[39.9146,57.8824],[39.9144,57.8831],[39.9143,57.8844],[39.9144,57.8874],[39.9144,57.8888],[39.9145,57.8901],[39.9146,57.8903],[39.9158,57.8904],[39.9194,57.8914],[39.92,57.8933],[39.9244,57.8972],[39.9241,57.8997],[39.9252,57.9004],[39.923,57.9015],[39.9215,57.903],[39.9215,57.9038],[39.9219,57.9045],[39.9224,57.9049],[39.9202,57.9061],[39.9218,57.9069],[39.9217,57.9091],[39.9195,57.9089],[39.9189,57.9099],[39.9135,57.9108],[39.9133,57.911],[39.9137,57.9113],[39.914,57.9112],[39.9142,57.9111],[39.9145,57.9111],[39.9147,57.9114],[39.9149,57.9117],[39.9148,57.9122],[39.9148,57.9128],[39.9152,57.9134],[39.9156,57.9148],[39.9155,57.9151],[39.9164,57.9195],[39.9162,57.9199],[39.9154,57.9204],[39.915,57.9209],[39.9146,57.9211],[39.9145,57.9212],[39.914,57.9218],[39.9133,57.9222],[39.9129,57.9229],[39.9125,57.924],[39.9121,57.9245],[39.9123,57.925],[39.9123,57.9253],[39.9107,57.9262],[39.9093,57.9266],[39.9071,57.9277],[39.906,57.9284],[39.9022,57.9283],[39.9006,57.9284],[39.8985,57.9325],[39.8976,57.9329],[39.892,57.9381],[39.8986,57.9391],[39.903,57.9477],[39.8991,57.9473],[39.8973,57.9504],[39.8951,57.9497],[39.8956,57.9522],[39.8931,57.9516],[39.892,57.9532],[39.8946,57.9554],[39.8974,57.9568],[39.899,57.9568],[39.9016,57.9583],[39.9,57.9592],[39.9025,57.9613],[39.9038,57.9631],[39.9065,57.9642],[39.9075,57.967],[39.9065,57.9704],[39.9047,57.9745],[39.9058,57.9769],[39.9123,57.98],[39.9164,57.9821],[39.9144,57.9855],[39.9147,57.9877],[39.9133,57.9872],[39.9119,57.9879],[39.914,57.9893],[39.9113,57.99],[39.9154,57.9937],[39.9087,57.9973],[39.9022,57.9958],[39.9015,57.9965],[39.8996,57.9962],[39.8979,57.9964],[39.8963,57.9963],[39.8953,57.998],[39.8962,57.9996],[39.8941,58.0044],[39.8907,58.0057],[39.8848,58.0054],[39.8787,58.0078],[39.8715,58.0068],[39.8625,58.0047],[39.8608,58.0027],[39.8553,58.0023],[39.8533,58.0054],[39.8474,58.0064],[39.844,58.0092],[39.8374,58.013],[39.8244,58.013],[39.8244,58.0154],[39.8299,58.0174],[39.8333,58.0219],[39.8336,58.0224],[39.8388,58.0305],[39.8412,58.0361],[39.8432,58.0382],[39.8473,58.0374],[39.85,58.0388],[39.8526,58.0396],[39.8548,58.0415],[39.8536,58.0441],[39.8555,58.048],[39.8521,58.0479],[39.8474,58.0482],[39.8445,58.0479],[39.838,58.0435],[39.8276,58.0454],[39.8237,58.0472],[39.8247,58.0482],[39.8229,58.0521],[39.8218,58.0533],[39.824,58.057],[39.8299,58.0582],[39.8367,58.0601],[39.8402,58.0599],[39.8368,58.0638],[39.8332,58.0667],[39.8347,58.0699],[39.8357,58.0731],[39.8368,58.0789],[39.8309,58.0813],[39.8261,58.0813],[39.8189,58.0835],[39.8168,58.0819],[39.8136,58.0813],[39.8075,58.0841],[39.8082,58.0869],[39.8085,58.0871],[39.8095,58.0909],[39.8,58.0924],[39.7965,58.0925],[39.7865,58.095],[39.7803,58.0939],[39.7767,58.0943],[39.7753,58.0991],[39.7696,58.0985],[39.7627,58.0991],[39.7593,58.1008],[39.7594,58.1034],[39.7593,58.1072],[39.7506,58.1082],[39.747,58.1104],[39.7465,58.1121],[39.739,58.1153],[39.7353,58.1164],[39.7321,58.1134],[39.7266,58.1088],[39.7232,58.1071],[39.7226,58.1058],[39.7128,58.1041],[39.7084,58.1112],[39.7105,58.1114],[39.7056,58.1189],[39.6984,58.1168],[39.7021,58.1317],[39.7025,58.142],[39.6997,58.1414],[39.6982,58.1399],[39.6926,58.1412],[39.6905,58.1438],[39.6871,58.1445],[39.6864,58.1454],[39.6746,58.1469],[39.6456,58.1483],[39.6147,58.1504],[39.5984,58.1512],[39.5964,58.1471],[39.5886,58.1461],[39.5796,58.1482],[39.5637,58.1486],[39.5543,58.1505],[39.5487,58.1472],[39.5468,58.1454],[39.5292,58.1439],[39.5178,58.152],[39.5187,58.1544],[39.5229,58.1561],[39.523,58.1563],[39.524,58.1583],[39.529,58.1614],[39.5395,58.1663],[39.5382,58.1681],[39.5386,58.172],[39.5446,58.1736],[39.5426,58.1754],[39.5367,58.1785],[39.5357,58.1814],[39.5369,58.1848],[39.5412,58.1878],[39.5453,58.192],[39.5455,58.1934],[39.5429,58.1959],[39.5437,58.1992],[39.5405,58.2001],[39.5364,58.1999],[39.5315,58.1991],[39.5255,58.1991],[39.5073,58.1999],[39.5092,58.2049],[39.5113,58.2053],[39.5117,58.2077],[39.5153,58.2098],[39.5142,58.2132],[39.5138,58.2138],[39.5126,58.2131],[39.5118,58.2127],[39.508,58.2123],[39.5044,58.2125],[39.5031,58.2126],[39.5018,58.2125],[39.4992,58.2109],[39.4989,58.2103],[39.4983,58.21],[39.4977,58.2098],[39.4966,58.2098],[39.496,58.2099],[39.4942,58.2104],[39.4923,58.2114],[39.4905,58.2122],[39.4885,58.2128],[39.487,58.2134],[39.485,58.2142],[39.4838,58.2142],[39.4822,58.214],[39.4807,58.2136],[39.4798,58.2132],[39.4776,58.2129],[39.4754,58.213],[39.4708,58.2136],[39.4676,58.2138],[39.4653,58.2138],[39.4647,58.2143],[39.4599,58.215],[39.4566,58.2146],[39.4524,58.2148],[39.4489,58.2143],[39.4484,58.2137],[39.4486,58.213],[39.4484,58.2112],[39.4482,58.2099],[39.4476,58.2093],[39.4463,58.2086],[39.4453,58.2086],[39.4443,58.2094],[39.4436,58.2095],[39.4412,58.2094],[39.4384,58.2095],[39.4324,58.2105],[39.4308,58.2109],[39.4304,58.2109],[39.4298,58.2109],[39.4278,58.2104],[39.4268,58.2098],[39.4262,58.2087],[39.426,58.2076],[39.4252,58.2066],[39.4243,58.2057],[39.4228,58.2048],[39.4212,58.204],[39.4205,58.2031],[39.4204,58.2023],[39.4214,58.2008],[39.4219,58.2003],[39.4225,58.1997],[39.4227,58.1984],[39.4225,58.1975],[39.4219,58.1969],[39.4206,58.1955],[39.4199,58.195],[39.419,58.1949],[39.4179,58.1953],[39.4161,58.1962],[39.4156,58.1966],[39.4141,58.197],[39.4131,58.1976],[39.4129,58.198],[39.3928,58.1918],[39.3891,58.1905],[39.389,58.1778],[39.385,58.1766],[39.3828,58.1754],[39.3789,58.1749],[39.3776,58.175],[39.3753,58.1746],[39.3744,58.1731],[39.3746,58.1724],[39.3758,58.1722],[39.3761,58.1707],[39.3754,58.1696],[39.3746,58.169],[39.3736,58.1643],[39.3742,58.1633],[39.3754,58.1625],[39.3745,58.1612],[39.3747,58.1598],[39.3753,58.1587],[39.3749,58.1572],[39.3744,58.1567],[39.3745,58.1555],[39.3751,58.1553],[39.3748,58.1546],[39.375,58.1539],[39.3747,58.1533],[39.375,58.1517],[39.3668,58.1475],[39.3631,58.1459],[39.3653,58.1431],[39.365,58.1407],[39.3657,58.1402],[39.3656,58.139],[39.3659,58.1384],[39.3656,58.1325],[39.3656,58.1324],[39.3593,58.1325],[39.3592,58.1238],[39.359,58.1162],[39.3572,58.1152],[39.3474,58.113],[39.347,58.1143],[39.3472,58.1148],[39.3404,58.1153],[39.3397,58.1125],[39.3411,58.1116],[39.3446,58.1093],[39.3445,58.1081],[39.343,58.1066],[39.3431,58.1014],[39.3417,58.0829],[39.3407,58.0824],[39.3335,58.0666],[39.3331,58.0664],[39.3326,58.0664],[39.332,58.0665],[39.3317,58.0667],[39.3315,58.0672],[39.33,58.0657],[39.3281,58.0646],[39.3258,58.0642],[39.3278,58.0613],[39.3285,58.0593],[39.33,58.0591],[39.3361,58.0583],[39.3374,58.0582],[39.3379,58.06],[39.338,58.0605],[39.3446,58.0599],[39.3458,58.0589],[39.3475,58.0576],[39.3495,58.0566],[39.3515,58.0553],[39.3496,58.0537],[39.3533,58.0527],[39.3564,58.0548],[39.3566,58.0558],[39.3589,58.0562],[39.3631,58.0569],[39.3661,58.0557],[39.3667,58.0542],[39.3698,58.0529],[39.3712,58.0515],[39.3724,58.049],[39.3641,58.0481],[39.3647,58.0438],[39.3679,58.0431],[39.3745,58.0419],[39.3761,58.0407],[39.3776,58.0401],[39.3797,58.0396],[39.3818,58.0397],[39.3832,58.0398],[39.3835,58.0417],[39.3864,58.0418],[39.3893,58.0438],[39.3895,58.0475],[39.3944,58.0482],[39.4014,58.0468],[39.3939,58.0383],[39.4004,58.0332],[39.398,58.0299],[39.3953,58.0289],[39.3828,58.0234],[39.3724,58.0187],[39.3656,58.022],[39.3609,58.0169],[39.3569,58.0176],[39.3563,58.0158],[39.3487,58.016],[39.3486,58.0152],[39.3433,58.0147],[39.3412,58.0143],[39.3385,58.0136],[39.3388,58.0121],[39.339,58.0115],[39.339,58.0064],[39.3382,58.0058],[39.3397,58.0054],[39.3425,58.0042],[39.3477,58.0034],[39.3402,58.0007],[39.3354,58.0003],[39.3386,57.9971],[39.3371,57.9963],[39.3338,57.9964],[39.3317,57.996],[39.3348,57.991],[39.332,57.9861],[39.3294,57.9844],[39.3283,57.9833],[39.3273,57.9822],[39.3291,57.981],[39.3313,57.9798],[39.331,57.9787],[39.3298,57.977],[39.3292,57.9764],[39.3271,57.9757],[39.3249,57.9748],[39.3241,57.9748],[39.3231,57.9749],[39.3224,57.9752],[39.3222,57.9753],[39.322,57.9756],[39.3219,57.9759],[39.3217,57.9761],[39.3215,57.9761],[39.3213,57.976],[39.321,57.9758],[39.3206,57.9756],[39.3201,57.9756],[39.3196,57.9756],[39.3193,57.9757],[39.319,57.9757],[39.3187,57.9755],[39.3178,57.975],[39.3179,57.9748],[39.3181,57.9745],[39.318,57.9743],[39.3174,57.974],[39.3163,57.9734],[39.3159,57.973],[39.3156,57.9724],[39.3157,57.9717],[39.3155,57.9713],[39.315,57.9708],[39.3145,57.9705],[39.3135,57.9706],[39.3129,57.9705],[39.3126,57.9705],[39.3117,57.9702],[39.3112,57.9701],[39.3107,57.9701],[39.3101,57.9702],[39.3096,57.97],[39.3088,57.9697],[39.3081,57.9696],[39.3069,57.9694],[39.3053,57.9692],[39.3043,57.969],[39.3036,57.9688],[39.2976,57.966],[39.2988,57.9653],[39.3028,57.9631],[39.3075,57.9605],[39.3079,57.9602],[39.3146,57.9568],[39.3191,57.9544],[39.3307,57.9488],[39.3318,57.9483],[39.3296,57.9463],[39.3251,57.9426],[39.3258,57.9413],[39.319,57.9387],[39.3173,57.9396],[39.3054,57.933],[39.2907,57.9369],[39.2831,57.9391],[39.2796,57.9399],[39.2767,57.9407],[39.27,57.9383],[39.2704,57.9318],[39.2766,57.9282],[39.273,57.9246],[39.2708,57.9239],[39.2721,57.9223],[39.2737,57.9207],[39.2712,57.9194],[39.275,57.9171],[39.2793,57.9149],[39.2821,57.913],[39.2663,57.9099],[39.2652,57.9086],[39.2578,57.9089],[39.2534,57.9079],[39.2514,57.9061],[39.2505,57.9031],[39.2504,57.9006],[39.2487,57.8997],[39.2489,57.8987],[39.2503,57.8977],[39.2466,57.8968],[39.2476,57.8963],[39.2519,57.894],[39.2522,57.8926],[39.2492,57.8896],[39.2424,57.8869],[39.234,57.8846],[39.2307,57.889],[39.226,57.8874],[39.2122,57.8874],[39.2129,57.8852],[39.2027,57.8846],[39.1978,57.8844],[39.1915,57.8844],[39.1888,57.8786],[39.1882,57.8771],[39.1873,57.875],[39.1867,57.8732]]]}},{"type":"Feature","properties":{"district":"Угличский район"},"geometry":{"type":"Polygon","coordinates":[[[37.8006,57.5013],[37.8024,57.4981],[37.8038,57.4967],[37.8102,57.4941],[37.8107,57.4918],[37.8144,57.4902],[37.8167,57.4902],[37.8183,57.4905],[37.82,57.4904],[37.8233,57.4908],[37.8251,57.4922],[37.8267,57.4927],[37.8285,57.4914],[37.8303,57.4911],[37.8326,57.4906],[37.8379,57.4899],[37.8358,57.4871],[37.8364,57.4845],[37.8447,57.4818],[37.8408,57.4781],[37.8488,57.4755],[37.8506,57.4743],[37.8504,57.4724],[37.8523,57.4708],[37.844,57.4683],[37.8439,57.4615],[37.8407,57.4613],[37.8382,57.4605],[37.8387,57.4592],[37.837,57.4583],[37.83,57.4606],[37.8285,57.4587],[37.8269,57.4579],[37.8273,57.4561],[37.8267,57.4555],[37.8263,57.4536],[37.8047,57.4479],[37.8043,57.4436],[37.8051,57.4402],[37.8063,57.4402],[37.8071,57.4398],[37.8075,57.4406],[37.808,57.441],[37.8094,57.4411],[37.8104,57.4405],[37.8112,57.441],[37.8118,57.4406],[37.8122,57.4407],[37.8124,57.4412],[37.813,57.4411],[37.8133,57.4409],[37.8143,57.4411],[37.8152,57.4412],[37.8161,57.4418],[37.8168,57.4416],[37.8194,57.4402],[37.8242,57.4366],[37.8281,57.4363],[37.8291,57.4348],[37.8333,57.433],[37.8386,57.4325],[37.8416,57.4331],[37.8447,57.4331],[37.8457,57.4322],[37.8447,57.4309],[37.8454,57.43],[37.8478,57.4298],[37.8509,57.4297],[37.8539,57.43],[37.8562,57.4293],[37.8579,57.4283],[37.861,57.4279],[37.8645,57.4277],[37.866,57.4268],[37.866,57.4259],[37.8674,57.425],[37.8662,57.4228],[37.8666,57.4217],[37.8683,57.4213],[37.868,57.4204],[37.8719,57.4164],[37.8709,57.4152],[37.8716,57.4134],[37.8723,57.4131],[37.8731,57.4131],[37.8752,57.412],[37.8755,57.4106],[37.8785,57.4081],[37.8826,57.4062],[37.8711,57.3992],[37.8752,57.3974],[37.883,57.3948],[37.8947,57.3901],[37.9131,57.3827],[37.9474,57.373],[37.949,57.3703],[37.9513,57.3689],[37.9542,57.3675],[37.9552,57.3637],[37.9546,57.3615],[37.9574,57.3585],[37.9603,57.3576],[37.9618,57.3553],[37.9659,57.3549],[37.9705,57.354],[37.9754,57.3553],[37.9755,57.3552],[37.9756,57.355],[37.9757,57.3549],[37.9758,57.3549],[37.9759,57.3549],[37.9761,57.3548],[37.9763,57.3547],[37.9763,57.3546],[37.9766,57.3545],[37.9769,57.3542],[37.9774,57.354],[37.9775,57.354],[37.9777,57.354],[37.9777,57.354],[37.9778,57.354],[37.9779,57.354],[37.9779,57.354],[37.978,57.354],[37.9781,57.354],[37.9781,57.3539],[37.9782,57.3539],[37.9782,57.3538],[37.9783,57.3538],[37.9784,57.3538],[37.9784,57.3538],[37.9785,57.3538],[37.9785,57.3538],[37.9785,57.3538],[37.9785,57.3538],[37.9786,57.3538],[37.9786,57.3538],[37.9786,57.3538],[37.9787,57.3538],[37.9788,57.3538],[37.9788,57.3538],[37.9788,57.3537],[37.979,57.3537],[37.979,57.3537],[37.9791,57.3537],[37.9791,57.3537],[37.9791,57.3537],[37.9792,57.3537],[37.9793,57.3536],[37.9794,57.3536],[37.9794,57.3536],[37.9795,57.3535],[37.9795,57.3535],[37.9795,57.3534],[37.9795,57.3534],[37.9796,57.3534],[37.9796,57.3533],[37.9798,57.3533],[37.9799,57.3532],[37.9799,57.3533],[37.98,57.3532],[37.98,57.3532],[37.9801,57.3532],[37.9802,57.3532],[37.9802,57.3532],[37.9802,57.3532],[37.9803,57.3532],[37.9803,57.3532],[37.9803,57.3532],[37.9803,57.3532],[37.9803,57.3531],[37.9803,57.3531],[37.9802,57.3531],[37.9803,57.3531],[37.9803,57.353],[37.9803,57.353],[37.9804,57.353],[37.9804,57.353],[37.9805,57.353],[37.9806,57.353],[37.9806,57.353],[37.9806,57.353],[37.9807,57.353],[37.9808,57.3529],[37.9809,57.3529],[37.9809,57.3529],[37.981,57.3529],[37.9811,57.3529],[37.9812,57.3528],[37.9812,57.3528],[37.9813,57.3528],[37.9814,57.3527],[37.9815,57.3525],[37.9817,57.3523],[37.982,57.3523],[37.9822,57.3523],[37.9823,57.3523],[37.9824,57.3522],[37.9824,57.3522],[37.9824,57.3521],[37.9825,57.3519],[37.9826,57.3518],[37.9827,57.3517],[37.9827,57.3517],[37.9828,57.3517],[37.9828,57.3516],[37.9829,57.3516],[37.9829,57.3516],[37.983,57.3515],[37.9831,57.3515],[37.9831,57.3515],[37.9831,57.3516],[37.9832,57.3516],[37.9832,57.3516],[37.9832,57.3516],[37.9832,57.3515],[37.9833,57.3515],[37.9833,57.3515],[37.9833,57.3515],[37.9834,57.3515],[37.9834,57.3514],[37.9834,57.3513],[37.9834,57.3512],[37.9835,57.3512],[37.9835,57.3512],[37.9836,57.3511],[37.9835,57.3511],[37.9836,57.351],[37.9836,57.351],[37.9837,57.3509],[37.9838,57.3509],[37.984,57.3508],[37.9841,57.3508],[37.9843,57.3507],[37.9845,57.3507],[37.9845,57.3506],[37.9845,57.3506],[37.9845,57.3506],[37.9845,57.3505],[37.9846,57.3504],[37.9847,57.3504],[37.9849,57.3503],[37.985,57.3502],[37.9852,57.3502],[37.9852,57.3503],[37.9853,57.3503],[37.9853,57.3502],[37.9853,57.3502],[37.9853,57.3502],[37.9854,57.3502],[37.9855,57.3501],[37.9856,57.3501],[37.9857,57.3501],[37.9858,57.3501],[37.9859,57.3502],[37.9861,57.3501],[37.9861,57.3501],[37.9861,57.35],[37.9861,57.35],[37.9862,57.3499],[37.9865,57.3498],[37.9866,57.3497],[37.9867,57.3497],[37.9868,57.3497],[37.9868,57.3496],[37.9869,57.3496],[37.9869,57.3496],[37.987,57.3496],[37.987,57.3496],[37.987,57.3497],[37.9871,57.3497],[37.9872,57.3497],[37.9873,57.3496],[37.9874,57.3496],[37.9875,57.3495],[37.9879,57.3495],[37.9879,57.3495],[37.988,57.3495],[37.988,57.3495],[37.9879,57.3494],[37.9879,57.3494],[37.9879,57.3493],[37.9879,57.3493],[37.988,57.3492],[37.988,57.3492],[37.9881,57.3492],[37.9881,57.3493],[37.9882,57.3493],[37.9883,57.3493],[37.9883,57.3493],[37.9883,57.3493],[37.9883,57.3494],[37.9883,57.3494],[37.9883,57.3494],[37.9883,57.3494],[37.9884,57.3494],[37.9885,57.3494],[37.9886,57.3494],[37.9886,57.3493],[37.9886,57.3493],[37.9886,57.3492],[37.9887,57.3492],[37.9887,57.3492],[37.9888,57.3492],[37.9889,57.3492],[37.9889,57.3492],[37.9889,57.3492],[37.9889,57.3491],[37.989,57.3491],[37.989,57.3491],[37.989,57.3492],[37.9891,57.3492],[37.9891,57.3492],[37.9892,57.3492],[37.9893,57.3491],[37.9894,57.3491],[37.9894,57.3491],[37.9894,57.349],[37.9894,57.349],[37.9894,57.349],[37.9894,57.3489],[37.9895,57.3489],[37.9896,57.3489],[37.9896,57.3489],[37.9896,57.3488],[37.9896,57.3488],[37.9896,57.3488],[37.9896,57.3488],[37.9896,57.3488],[37.9897,57.3488],[37.9897,57.3488],[37.9898,57.3488],[37.9898,57.3488],[37.9899,57.3488],[37.9899,57.3488],[37.9899,57.3488],[37.9899,57.3487],[37.9899,57.3487],[37.99,57.3487],[37.99,57.3487],[37.99,57.3487],[37.99,57.3487],[37.99,57.3486],[37.99,57.3486],[37.99,57.3486],[37.99,57.3486],[37.99,57.3486],[37.9901,57.3486],[37.9901,57.3485],[37.9901,57.3485],[37.9901,57.3485],[37.99,57.3485],[37.99,57.3484],[37.99,57.3484],[37.9899,57.3484],[37.9899,57.3484],[37.9898,57.3484],[37.9898,57.3484],[37.9897,57.3484],[37.9897,57.3484],[37.9897,57.3483],[37.9897,57.3483],[37.9897,57.3483],[37.9898,57.3482],[37.9898,57.3482],[37.9899,57.3482],[37.99,57.3482],[37.99,57.3482],[37.99,57.3482],[37.9901,57.3482],[37.9901,57.3482],[37.9901,57.3482],[37.9901,57.3482],[37.9901,57.3482],[37.9901,57.3481],[37.9901,57.3481],[37.9901,57.3481],[37.9901,57.3481],[37.9901,57.3481],[37.9901,57.3481],[37.9901,57.3481],[37.9901,57.348],[37.9901,57.348],[37.9901,57.348],[37.9901,57.348],[37.9902,57.348],[37.9902,57.348],[37.9902,57.348],[37.9903,57.348],[37.9903,57.348],[37.9903,57.348],[37.9904,57.348],[37.9904,57.3479],[37.9904,57.3479],[37.9905,57.3479],[37.9905,57.3479],[37.9905,57.3479],[37.9905,57.3479],[37.9905,57.3479],[37.9905,57.3479],[37.9904,57.3479],[37.9904,57.3478],[37.9903,57.3478],[37.9903,57.3478],[37.9904,57.3478],[37.9904,57.3478],[37.9905,57.3477],[37.9905,57.3477],[37.9905,57.3477],[37.9905,57.3477],[37.9905,57.3476],[37.9905,57.3476],[37.9905,57.3476],[37.9905,57.3475],[37.9904,57.3474],[37.9904,57.3474],[37.9904,57.3474],[37.9903,57.3474],[37.9903,57.3474],[37.9903,57.3474],[37.9903,57.3473],[37.9903,57.3473],[37.9903,57.3473],[37.9904,57.3473],[37.9904,57.3473],[37.9905,57.3472],[37.9905,57.3472],[37.9906,57.3472],[37.9906,57.3471],[37.9906,57.3471],[37.9906,57.3471],[37.9906,57.3471],[37.9906,57.347],[37.9906,57.347],[37.9906,57.347],[37.9906,57.347],[37.9906,57.3469],[37.9907,57.3469],[37.9907,57.3469],[37.9907,57.3469],[37.9908,57.3468],[37.9908,57.3468],[37.9908,57.3468],[37.9908,57.3468],[37.9908,57.3468],[37.9908,57.3468],[37.9908,57.3468],[37.9908,57.3468],[37.9908,57.3467],[37.9908,57.3467],[37.9908,57.3467],[37.9908,57.3467],[37.9909,57.3466],[37.9909,57.3466],[37.9909,57.3466],[37.991,57.3466],[37.991,57.3466],[37.9911,57.3466],[37.9911,57.3466],[37.9911,57.3466],[37.9911,57.3466],[37.9912,57.3466],[37.9912,57.3466],[37.9912,57.3466],[37.9912,57.3465],[37.9912,57.3465],[37.9912,57.3465],[37.9912,57.3465],[37.9912,57.3464],[37.9912,57.3464],[37.9912,57.3464],[37.9912,57.3464],[37.9913,57.3464],[37.9913,57.3464],[37.9913,57.3463],[37.9913,57.3463],[37.9913,57.3463],[37.9913,57.3463],[37.9913,57.3463],[37.9912,57.3463],[37.9912,57.3462],[37.9912,57.3462],[37.9912,57.3462],[37.9913,57.3462],[37.9913,57.3462],[37.9914,57.3462],[37.9914,57.3462],[37.9915,57.3461],[37.9915,57.3461],[37.9916,57.3461],[37.9916,57.3461],[37.9917,57.3461],[37.9917,57.3461],[37.9918,57.3461],[37.9918,57.3461],[37.9918,57.3461],[37.9918,57.346],[37.9918,57.346],[37.9918,57.346],[37.9918,57.3459],[37.9918,57.3459],[37.9918,57.3459],[37.9919,57.3458],[37.9919,57.3458],[37.9919,57.3458],[37.992,57.3458],[37.992,57.3457],[37.992,57.3457],[37.992,57.3457],[37.9919,57.3456],[37.9919,57.3456],[37.9919,57.3455],[37.992,57.3455],[37.992,57.3455],[37.9922,57.3455],[37.9922,57.3455],[37.9923,57.3455],[37.9924,57.3455],[37.9924,57.3454],[37.9924,57.3454],[37.9924,57.3454],[37.9925,57.3454],[37.9925,57.3454],[37.9926,57.3453],[37.9927,57.3453],[37.9928,57.3454],[37.9929,57.3454],[37.9929,57.3453],[37.993,57.3453],[37.9931,57.3452],[37.9932,57.3452],[37.9932,57.3452],[37.9933,57.3452],[37.9933,57.3452],[37.9933,57.3452],[37.9933,57.3453],[37.9933,57.3453],[37.9934,57.3453],[37.9935,57.3454],[37.9935,57.3454],[37.9936,57.3453],[37.9936,57.3453],[37.9936,57.3453],[37.9936,57.3452],[37.9936,57.3451],[37.9937,57.3451],[37.9937,57.3451],[37.9938,57.345],[37.994,57.345],[37.9941,57.345],[37.9942,57.345],[37.9943,57.3449],[37.9943,57.3449],[37.9944,57.3448],[37.9946,57.3447],[37.9947,57.3447],[37.9948,57.3446],[37.9948,57.3446],[37.9948,57.3445],[37.9949,57.3445],[37.995,57.3444],[37.9951,57.3443],[37.9952,57.3443],[37.9953,57.3442],[37.9953,57.3442],[37.9952,57.3441],[37.9952,57.3441],[37.9952,57.344],[37.9953,57.3439],[37.9954,57.3439],[37.9956,57.3438],[37.9957,57.3438],[37.9957,57.3437],[37.9957,57.3436],[37.9958,57.3435],[37.9959,57.3434],[37.9961,57.3434],[37.9964,57.3431],[37.9968,57.3429],[37.9971,57.3428],[37.9974,57.3428],[37.9979,57.3428],[37.9986,57.343],[37.9988,57.3431],[37.9993,57.3433],[38.0,57.3434],[38.0008,57.3434],[38.0014,57.3434],[38.0019,57.3433],[38.0024,57.3431],[38.0032,57.3427],[38.0038,57.3422],[38.0042,57.3416],[38.0046,57.3411],[38.0051,57.3409],[38.0053,57.3408],[38.0068,57.3405],[38.0168,57.3363],[38.0413,57.3521],[38.0505,57.3473],[38.0508,57.3472],[38.0647,57.3422],[38.0654,57.3417],[38.071,57.3384],[38.0757,57.3349],[38.0828,57.3336],[38.0891,57.332],[38.0998,57.3316],[38.1035,57.3315],[38.1083,57.3314],[38.1165,57.3317],[38.1536,57.3385],[38.1586,57.3399],[38.1613,57.3415],[38.1655,57.3422],[38.1684,57.3533],[38.1704,57.3567],[38.199,57.3588],[38.23,57.3608],[38.2534,57.3655],[38.2653,57.3672],[38.2747,57.368],[38.2842,57.3659],[38.282,57.3628],[38.2867,57.3626],[38.2918,57.3599],[38.2932,57.3572],[38.2986,57.3581],[38.3026,57.3586],[38.3097,57.3472],[38.3143,57.3321],[38.3206,57.3113],[38.322,57.3099],[38.3235,57.309],[38.3254,57.3079],[38.3256,57.3067],[38.3248,57.3031],[38.3269,57.3009],[38.3268,57.29],[38.3264,57.2823],[38.3194,57.2782],[38.3125,57.2705],[38.3105,57.2661],[38.313,57.2645],[38.314,57.2622],[38.3134,57.2599],[38.3085,57.261],[38.3049,57.2613],[38.3022,57.2597],[38.2996,57.2594],[38.2952,57.2595],[38.2865,57.2587],[38.2756,57.2583],[38.2675,57.2564],[38.2594,57.256],[38.2546,57.2524],[38.2516,57.2486],[38.2499,57.243],[38.2478,57.24],[38.2359,57.2382],[38.2278,57.2354],[38.224,57.2351],[38.2148,57.2331],[38.2072,57.2306],[38.2026,57.2285],[38.1952,57.2278],[38.1932,57.2282],[38.1902,57.2304],[38.1876,57.2308],[38.1843,57.2303],[38.1803,57.2294],[38.1765,57.2295],[38.1716,57.2303],[38.1701,57.2301],[38.1678,57.2282],[38.1643,57.2266],[38.1612,57.2266],[38.1582,57.2266],[38.1549,57.2259],[38.1497,57.2253],[38.155,57.2044],[38.1601,57.1781],[38.1602,57.1762],[38.1616,57.171],[38.1674,57.1704],[38.1802,57.1663],[38.186,57.1637],[38.1898,57.1638],[38.1936,57.1612],[38.2021,57.1596],[38.2043,57.1593],[38.2049,57.1547],[38.2063,57.154],[38.2087,57.1508],[38.2086,57.1488],[38.2069,57.1484],[38.2053,57.1463],[38.2066,57.1411],[38.2084,57.1396],[38.1973,57.1379],[38.1995,57.1342],[38.1999,57.1325],[38.2061,57.1332],[38.2067,57.132],[38.2087,57.131],[38.2087,57.1307],[38.2092,57.1307],[38.2252,57.1268],[38.2443,57.1251],[38.2482,57.1304],[38.261,57.1317],[38.2651,57.1308],[38.2682,57.1352],[38.2769,57.1307],[38.279,57.131],[38.2856,57.1288],[38.2811,57.1205],[38.2842,57.1199],[38.2954,57.1209],[38.2998,57.1139],[38.311,57.1156],[38.3149,57.1157],[38.3235,57.118],[38.3295,57.1191],[38.3257,57.1213],[38.3362,57.1236],[38.3383,57.1288],[38.346,57.1298],[38.3462,57.1271],[38.3501,57.124],[38.3544,57.1209],[38.3533,57.118],[38.3544,57.1163],[38.3568,57.1151],[38.3585,57.1157],[38.3622,57.1146],[38.3656,57.1169],[38.3687,57.1179],[38.3703,57.1203],[38.3647,57.12],[38.3673,57.1253],[38.3641,57.1294],[38.3731,57.1272],[38.3746,57.1287],[38.3774,57.1272],[38.3778,57.1234],[38.3754,57.1219],[38.3743,57.1199],[38.3819,57.12],[38.3866,57.1172],[38.3765,57.1119],[38.3639,57.1094],[38.3639,57.1064],[38.3698,57.1051],[38.3712,57.104],[38.3754,57.1038],[38.374,57.1023],[38.3764,57.0963],[38.3832,57.0936],[38.3877,57.0947],[38.3905,57.0945],[38.3944,57.0927],[38.3975,57.0917],[38.4048,57.0947],[38.4021,57.0966],[38.4058,57.0999],[38.4045,57.1006],[38.406,57.102],[38.411,57.0993],[38.4156,57.0993],[38.4144,57.0969],[38.4107,57.0967],[38.4109,57.0962],[38.4149,57.0964],[38.4141,57.0937],[38.4143,57.0922],[38.4176,57.0926],[38.416,57.0941],[38.4177,57.0954],[38.4197,57.0928],[38.4252,57.0964],[38.4277,57.0957],[38.4285,57.0931],[38.4272,57.0903],[38.4243,57.089],[38.4302,57.0858],[38.4339,57.0877],[38.4396,57.0883],[38.4409,57.0877],[38.4395,57.0862],[38.4466,57.0817],[38.4504,57.0815],[38.4577,57.0805],[38.4564,57.0821],[38.4532,57.0833],[38.4544,57.0856],[38.4606,57.0858],[38.4619,57.0903],[38.4521,57.0976],[38.4564,57.0989],[38.4482,57.1023],[38.4504,57.1048],[38.4574,57.1063],[38.4617,57.1088],[38.4718,57.1094],[38.4732,57.1127],[38.4764,57.1127],[38.4813,57.1128],[38.4866,57.1177],[38.4927,57.118],[38.4924,57.1203],[38.4958,57.1203],[38.5014,57.1204],[38.5023,57.122],[38.5067,57.123],[38.5071,57.1241],[38.5056,57.126],[38.5036,57.1274],[38.5034,57.1291],[38.502,57.1306],[38.5034,57.1331],[38.497,57.131],[38.4933,57.1336],[38.4874,57.1344],[38.4894,57.138],[38.4928,57.1425],[38.4986,57.1437],[38.5033,57.1505],[38.4995,57.1516],[38.5009,57.1534],[38.5059,57.1535],[38.5062,57.1553],[38.5093,57.1553],[38.5075,57.1513],[38.5115,57.1498],[38.5132,57.1477],[38.5157,57.1465],[38.5199,57.1485],[38.5188,57.1504],[38.5213,57.1505],[38.5232,57.1497],[38.5285,57.1529],[38.5429,57.1528],[38.5552,57.1512],[38.5659,57.141],[38.5692,57.141],[38.568,57.1402],[38.5701,57.1378],[38.5695,57.1359],[38.5753,57.1344],[38.5771,57.1274],[38.5969,57.129],[38.5967,57.134],[38.5974,57.1353],[38.5964,57.1366],[38.5971,57.14],[38.5951,57.1477],[38.5967,57.1605],[38.6005,57.1625],[38.6075,57.1673],[38.6135,57.1673],[38.6168,57.1677],[38.6183,57.1682],[38.6196,57.1669],[38.6247,57.162],[38.624,57.162],[38.6253,57.1601],[38.6273,57.1583],[38.6224,57.1565],[38.6217,57.1567],[38.6213,57.1562],[38.6234,57.1519],[38.6243,57.152],[38.6285,57.1489],[38.6294,57.1488],[38.6298,57.1479],[38.6309,57.1473],[38.6307,57.1467],[38.6326,57.1451],[38.6363,57.147],[38.6371,57.1477],[38.6391,57.1486],[38.6413,57.1491],[38.6428,57.1435],[38.6461,57.1438],[38.6493,57.1444],[38.6533,57.147],[38.6454,57.1507],[38.6469,57.1526],[38.6524,57.1555],[38.6546,57.158],[38.6573,57.1595],[38.6543,57.1621],[38.6578,57.1641],[38.6547,57.1655],[38.6489,57.1665],[38.6434,57.1666],[38.6444,57.1677],[38.6415,57.1711],[38.6336,57.179],[38.6307,57.1801],[38.6285,57.1811],[38.6261,57.1819],[38.6234,57.1834],[38.6227,57.1834],[38.6193,57.1815],[38.6162,57.1821],[38.616,57.1876],[38.6125,57.1868],[38.6109,57.1877],[38.6109,57.1935],[38.6124,57.2016],[38.6176,57.1991],[38.6211,57.199],[38.6317,57.2053],[38.6289,57.2061],[38.6228,57.2043],[38.6163,57.2071],[38.6172,57.2085],[38.626,57.2133],[38.6262,57.2148],[38.6267,57.2153],[38.6281,57.2153],[38.6287,57.2172],[38.6273,57.2173],[38.6267,57.2177],[38.628,57.2181],[38.6275,57.2188],[38.6243,57.2197],[38.6234,57.2211],[38.6234,57.222],[38.6241,57.2233],[38.6227,57.2236],[38.6189,57.2241],[38.6176,57.2234],[38.6164,57.2233],[38.6159,57.2254],[38.6155,57.2261],[38.6149,57.2292],[38.6155,57.2304],[38.6198,57.2295],[38.6197,57.2309],[38.6218,57.231],[38.6221,57.2293],[38.6229,57.2288],[38.6255,57.2293],[38.629,57.2298],[38.6304,57.2297],[38.633,57.2304],[38.6342,57.231],[38.6408,57.2325],[38.6425,57.2341],[38.6412,57.237],[38.6374,57.2366],[38.6366,57.2353],[38.6332,57.236],[38.6343,57.2371],[38.6348,57.2384],[38.6348,57.2409],[38.6334,57.2419],[38.6327,57.2444],[38.6337,57.2455],[38.6346,57.2489],[38.6387,57.2494],[38.6418,57.252],[38.6375,57.2545],[38.6389,57.2563],[38.6397,57.2582],[38.6408,57.2598],[38.6411,57.2614],[38.637,57.2651],[38.642,57.2664],[38.6424,57.2646],[38.6462,57.2625],[38.6483,57.2628],[38.6488,57.2631],[38.651,57.2634],[38.6521,57.2634],[38.6539,57.2641],[38.6565,57.2636],[38.6588,57.2642],[38.6627,57.265],[38.6614,57.2664],[38.6578,57.2663],[38.6589,57.2685],[38.6572,57.2685],[38.6514,57.2697],[38.6466,57.2699],[38.6437,57.2707],[38.6448,57.2718],[38.6492,57.2792],[38.6526,57.2833],[38.6547,57.2825],[38.6582,57.2829],[38.6639,57.2822],[38.6709,57.2846],[38.6784,57.2813],[38.6794,57.28],[38.6857,57.2808],[38.6893,57.2803],[38.6913,57.2802],[38.6936,57.2811],[38.6943,57.2844],[38.6943,57.2877],[38.6927,57.2881],[38.6927,57.2913],[38.6948,57.2916],[38.6958,57.2937],[38.6932,57.2945],[38.6918,57.2954],[38.6925,57.297],[38.6964,57.298],[38.6957,57.2986],[38.6978,57.3003],[38.6993,57.3008],[38.6994,57.3012],[38.6991,57.3014],[38.6973,57.3018],[38.6974,57.3027],[38.6982,57.3043],[38.6995,57.3057],[38.6989,57.3065],[38.6967,57.3064],[38.6944,57.3096],[38.6972,57.3121],[38.6987,57.3123],[38.6997,57.3121],[38.7033,57.3096],[38.7106,57.3081],[38.7104,57.3075],[38.7132,57.3068],[38.716,57.307],[38.7168,57.3079],[38.7207,57.3076],[38.7219,57.3077],[38.7231,57.3076],[38.7245,57.3083],[38.7273,57.3082],[38.7282,57.3071],[38.7302,57.3067],[38.7336,57.3083],[38.7364,57.3084],[38.7397,57.3097],[38.7421,57.311],[38.7454,57.3152],[38.7495,57.3168],[38.7506,57.3182],[38.7512,57.3222],[38.7527,57.3228],[38.7534,57.3257],[38.755,57.3262],[38.76,57.33],[38.7609,57.3311],[38.7667,57.3378],[38.7701,57.3384],[38.768,57.3429],[38.7672,57.3447],[38.7678,57.3457],[38.7678,57.3466],[38.7669,57.347],[38.767,57.3478],[38.7667,57.3482],[38.7674,57.3499],[38.7649,57.3499],[38.7624,57.3474],[38.7593,57.3466],[38.7607,57.3491],[38.7614,57.3524],[38.7553,57.3519],[38.7486,57.3565],[38.7426,57.3526],[38.7369,57.3546],[38.7263,57.3568],[38.7263,57.3549],[38.7225,57.3522],[38.7188,57.3527],[38.7185,57.3542],[38.7162,57.3546],[38.7089,57.3587],[38.7134,57.3645],[38.7189,57.3669],[38.7174,57.3724],[38.7136,57.3772],[38.7167,57.3883],[38.6983,57.392],[38.6881,57.3924],[38.6851,57.3966],[38.687,57.397],[38.6893,57.4014],[38.6884,57.403],[38.6895,57.4051],[38.6859,57.4093],[38.6921,57.4092],[38.6968,57.4102],[38.7008,57.4125],[38.705,57.4124],[38.7055,57.4143],[38.7119,57.4427],[38.722,57.4431],[38.728,57.4446],[38.7316,57.4431],[38.7347,57.4405],[38.7429,57.4416],[38.7506,57.4411],[38.7553,57.4418],[38.7579,57.4428],[38.7654,57.4447],[38.7708,57.4498],[38.7973,57.4464],[38.8013,57.4443],[38.8042,57.4439],[38.8154,57.4407],[38.8179,57.4437],[38.8191,57.4458],[38.8198,57.4472],[38.8229,57.45],[38.82,57.4504],[38.8179,57.4495],[38.8147,57.4495],[38.8109,57.4526],[38.8082,57.4532],[38.7963,57.4532],[38.7954,57.4521],[38.7836,57.4524],[38.7877,57.4557],[38.7903,57.4604],[38.7967,57.4604],[38.7978,57.4649],[38.8064,57.4672],[38.809,57.4699],[38.8041,57.4732],[38.7965,57.4776],[38.7812,57.4822],[38.7809,57.4847],[38.7827,57.4855],[38.7971,57.4812],[38.8023,57.4859],[38.8059,57.4929],[38.8035,57.5008],[38.803,57.5014],[38.8042,57.5024],[38.8055,57.502],[38.806,57.5027],[38.8076,57.5032],[38.8073,57.5046],[38.8023,57.5047],[38.7925,57.5095],[38.8103,57.5161],[38.814,57.5099],[38.8152,57.5101],[38.8161,57.5107],[38.8184,57.5125],[38.8168,57.513],[38.817,57.5138],[38.8185,57.5139],[38.8197,57.5157],[38.822,57.5174],[38.8212,57.5183],[38.8201,57.5193],[38.8194,57.5197],[38.8196,57.5202],[38.82,57.5207],[38.8203,57.521],[38.8202,57.5216],[38.821,57.5215],[38.8215,57.5221],[38.8222,57.5225],[38.8225,57.5233],[38.8236,57.5238],[38.8237,57.5242],[38.8245,57.5242],[38.8262,57.5248],[38.8262,57.5256],[38.8265,57.526],[38.8274,57.5259],[38.8273,57.5264],[38.8276,57.5266],[38.8281,57.5259],[38.8284,57.5258],[38.829,57.5262],[38.8296,57.5267],[38.8294,57.5271],[38.83,57.5272],[38.8306,57.5266],[38.8324,57.5271],[38.8354,57.5258],[38.8368,57.5263],[38.8385,57.5276],[38.8396,57.5268],[38.8416,57.5269],[38.8432,57.5268],[38.856,57.5233],[38.8583,57.5204],[38.8626,57.517],[38.8659,57.5178],[38.8664,57.5193],[38.868,57.5198],[38.8645,57.5228],[38.8655,57.5241],[38.8639,57.5252],[38.8613,57.526],[38.8601,57.5257],[38.8525,57.527],[38.8488,57.529],[38.8455,57.5301],[38.8431,57.5323],[38.8499,57.5336],[38.8519,57.5358],[38.8477,57.5365],[38.8467,57.5394],[38.844,57.5405],[38.8392,57.5403],[38.8303,57.5433],[38.8296,57.5454],[38.8304,57.5469],[38.8296,57.5506],[38.8269,57.5514],[38.8257,57.5496],[38.8214,57.5474],[38.8218,57.5449],[38.8181,57.5421],[38.812,57.5426],[38.7995,57.5492],[38.7966,57.5483],[38.7935,57.5492],[38.7856,57.5451],[38.7811,57.5467],[38.7808,57.5483],[38.7794,57.5498],[38.7775,57.5492],[38.7737,57.5513],[38.7714,57.5505],[38.7668,57.5511],[38.7662,57.5558],[38.7648,57.5587],[38.7614,57.5582],[38.7571,57.5557],[38.748,57.5574],[38.7397,57.5575],[38.7314,57.5569],[38.7296,57.5578],[38.7252,57.5597],[38.7212,57.5621],[38.719,57.5645],[38.7166,57.5672],[38.7157,57.5702],[38.71,57.5701],[38.7032,57.5707],[38.7001,57.5718],[38.7055,57.5738],[38.7071,57.572],[38.7128,57.5758],[38.7143,57.5778],[38.7148,57.5808],[38.717,57.582],[38.7209,57.5829],[38.72,57.5873],[38.7235,57.5869],[38.7336,57.5906],[38.7302,57.5946],[38.7265,57.5978],[38.7247,57.6],[38.722,57.6018],[38.7178,57.6022],[38.7185,57.6057],[38.7162,57.6117],[38.7216,57.6127],[38.7172,57.6188],[38.7232,57.6207],[38.7251,57.6223],[38.7131,57.6274],[38.719,57.631],[38.7148,57.632],[38.7122,57.6346],[38.7081,57.6353],[38.7069,57.6361],[38.7075,57.6373],[38.709,57.6404],[38.7069,57.6425],[38.7123,57.6431],[38.7122,57.6441],[38.7146,57.6455],[38.7185,57.646],[38.7193,57.6451],[38.7253,57.6444],[38.7294,57.6447],[38.7337,57.6441],[38.7348,57.6457],[38.7374,57.6441],[38.7402,57.6453],[38.7377,57.6466],[38.736,57.6486],[38.7352,57.6524],[38.7321,57.6551],[38.7271,57.6549],[38.7259,57.6582],[38.7222,57.6594],[38.7236,57.6604],[38.7245,57.6617],[38.7337,57.6605],[38.734,57.6608],[38.7337,57.661],[38.7336,57.6613],[38.7375,57.663],[38.7359,57.6667],[38.7321,57.6699],[38.7305,57.6721],[38.7224,57.6716],[38.7213,57.673],[38.7163,57.6742],[38.712,57.6748],[38.7111,57.6754],[38.7104,57.6748],[38.7095,57.6746],[38.7088,57.6752],[38.704,57.6737],[38.6967,57.6744],[38.6946,57.682],[38.6949,57.6873],[38.6965,57.6889],[38.6963,57.6896],[38.6945,57.6909],[38.6887,57.6943],[38.6858,57.6937],[38.6867,57.6912],[38.6823,57.6904],[38.6774,57.7032],[38.6662,57.705],[38.6606,57.7018],[38.6532,57.7007],[38.6509,57.7033],[38.6488,57.7057],[38.6449,57.7068],[38.6467,57.7095],[38.6444,57.7103],[38.641,57.7094],[38.6373,57.7078],[38.6355,57.7084],[38.6366,57.7106],[38.636,57.7122],[38.6361,57.713],[38.6308,57.7119],[38.6281,57.7125],[38.6273,57.7142],[38.6279,57.7179],[38.6264,57.7188],[38.6235,57.7181],[38.6184,57.7173],[38.6159,57.716],[38.6138,57.7159],[38.6128,57.7164],[38.6119,57.7169],[38.6097,57.7176],[38.609,57.7176],[38.6071,57.7173],[38.6048,57.7168],[38.6032,57.7163],[38.6023,57.7162],[38.6015,57.7162],[38.6004,57.7165],[38.5998,57.717],[38.5996,57.7183],[38.6005,57.7202],[38.6009,57.7225],[38.6001,57.7231],[38.5977,57.7238],[38.5955,57.7245],[38.5941,57.7247],[38.594,57.7248],[38.5938,57.7247],[38.593,57.7231],[38.5927,57.7225],[38.592,57.7218],[38.5911,57.7215],[38.5901,57.7214],[38.5881,57.7216],[38.5851,57.7217],[38.5831,57.7211],[38.5811,57.72],[38.5795,57.7194],[38.5724,57.7179],[38.5715,57.7172],[38.5697,57.7162],[38.5697,57.7152],[38.5726,57.7133],[38.5746,57.7119],[38.575,57.7114],[38.5752,57.7109],[38.5747,57.7102],[38.5737,57.7095],[38.5707,57.7081],[38.567,57.7071],[38.5598,57.7071],[38.557,57.7073],[38.5556,57.7063],[38.5553,57.7053],[38.5542,57.7042],[38.5436,57.7041],[38.5394,57.7059],[38.5006,57.6865],[38.4819,57.6971],[38.4802,57.6898],[38.4229,57.6918],[38.4223,57.6878],[38.422,57.6831],[38.3859,57.6835],[38.3848,57.6827],[38.3858,57.6821],[38.3854,57.6819],[38.3845,57.6822],[38.3837,57.6823],[38.3814,57.6813],[38.3769,57.6788],[38.3748,57.6773],[38.3756,57.6769],[38.3746,57.6769],[38.3737,57.6775],[38.372,57.6755],[38.3708,57.6725],[38.3697,57.6708],[38.3693,57.6683],[38.3687,57.6654],[38.3694,57.6624],[38.3694,57.6611],[38.3682,57.6629],[38.3677,57.6663],[38.3674,57.6667],[38.3679,57.6669],[38.3679,57.6673],[38.3663,57.6679],[38.3658,57.667],[38.367,57.6621],[38.3594,57.6619],[38.3511,57.661],[38.3506,57.6612],[38.3472,57.6611],[38.3471,57.6606],[38.344,57.6603],[38.3432,57.6598],[38.3411,57.6597],[38.3397,57.6586],[38.3363,57.6591],[38.3352,57.6581],[38.332,57.6573],[38.3313,57.6576],[38.3293,57.6571],[38.33,57.6561],[38.3248,57.6561],[38.3222,57.656],[38.3199,57.6547],[38.3124,57.6563],[38.3058,57.6559],[38.2988,57.655],[38.2978,57.6545],[38.2939,57.654],[38.2903,57.6533],[38.2892,57.6537],[38.2891,57.6547],[38.2897,57.6553],[38.2891,57.6565],[38.2869,57.6598],[38.2864,57.6593],[38.286,57.6591],[38.285,57.6594],[38.2845,57.6592],[38.2808,57.6579],[38.2791,57.6583],[38.2774,57.6588],[38.2756,57.6603],[38.2748,57.6613],[38.2739,57.6611],[38.2728,57.661],[38.2723,57.6615],[38.2715,57.6624],[38.2707,57.6627],[38.2699,57.6628],[38.2686,57.6637],[38.2656,57.663],[38.2648,57.6636],[38.2603,57.6628],[38.2607,57.6666],[38.2606,57.6693],[38.2583,57.6693],[38.2572,57.6696],[38.2562,57.6699],[38.2552,57.6704],[38.2542,57.6709],[38.253,57.6712],[38.2492,57.6713],[38.248,57.671],[38.2331,57.6717],[38.233,57.6704],[38.2129,57.6715],[38.2126,57.6721],[38.2114,57.6727],[38.2098,57.6737],[38.2077,57.6746],[38.2076,57.675],[38.2075,57.6756],[38.2078,57.6758],[38.2085,57.6758],[38.2086,57.6763],[38.2094,57.6763],[38.2097,57.6765],[38.2094,57.6767],[38.2088,57.6768],[38.2089,57.6771],[38.2099,57.677],[38.2102,57.6773],[38.2098,57.6776],[38.2101,57.6777],[38.2112,57.6774],[38.212,57.6775],[38.2117,57.6781],[38.2116,57.6788],[38.2128,57.6786],[38.2127,57.6794],[38.2112,57.6798],[38.2124,57.6801],[38.2117,57.6805],[38.2125,57.6808],[38.2136,57.681],[38.2148,57.6807],[38.2157,57.6806],[38.2164,57.6808],[38.2172,57.681],[38.2171,57.6814],[38.217,57.6818],[38.2161,57.6819],[38.2158,57.6822],[38.2167,57.6827],[38.216,57.6831],[38.211,57.6833],[38.2092,57.6838],[38.2076,57.6845],[38.2059,57.6846],[38.2031,57.6865],[38.1991,57.6903],[38.1921,57.6909],[38.1894,57.6918],[38.1879,57.6917],[38.1851,57.6926],[38.1845,57.6931],[38.1801,57.6954],[38.1796,57.6968],[38.1787,57.6972],[38.1779,57.6985],[38.1783,57.7002],[38.1764,57.701],[38.1705,57.701],[38.1675,57.6987],[38.1608,57.6996],[38.16,57.7013],[38.155,57.7031],[38.1491,57.6907],[38.1479,57.6903],[38.145,57.6918],[38.1322,57.6858],[38.1296,57.6825],[38.1317,57.679],[38.1337,57.6753],[38.1303,57.6737],[38.1341,57.668],[38.1348,57.6617],[38.1035,57.6632],[38.1029,57.662],[38.1003,57.6614],[38.0992,57.6607],[38.0977,57.6602],[38.0973,57.6583],[38.0953,57.6573],[38.0945,57.6561],[38.0932,57.6562],[38.0916,57.6556],[38.0906,57.654],[38.0894,57.6527],[38.0877,57.6516],[38.0891,57.6513],[38.0881,57.6501],[38.0858,57.6491],[38.0843,57.6495],[38.0829,57.6494],[38.0812,57.6487],[38.0794,57.6474],[38.074,57.6459],[38.0707,57.642],[38.0676,57.6419],[38.064,57.6409],[38.0629,57.6411],[38.0574,57.64],[38.0523,57.6391],[38.0484,57.6359],[38.0444,57.636],[38.0429,57.6361],[38.0392,57.6369],[38.0362,57.6382],[38.033,57.6371],[38.0307,57.6366],[38.0286,57.6406],[38.0261,57.6406],[38.022,57.6416],[38.0199,57.6404],[38.0171,57.6406],[38.0144,57.6409],[38.0137,57.6414],[38.0131,57.6426],[38.0113,57.6424],[38.0009,57.6399],[37.9979,57.6401],[37.9965,57.6396],[37.9914,57.6372],[37.9897,57.6382],[37.9858,57.6377],[37.9846,57.637],[37.9835,57.6372],[37.9825,57.6367],[37.982,57.6368],[37.9807,57.6359],[37.9796,57.6364],[37.9789,57.6361],[37.9781,57.6364],[37.9765,57.6356],[37.9731,57.6348],[37.9685,57.6381],[37.963,57.6398],[37.9561,57.6399],[37.9546,57.6399],[37.9552,57.6407],[37.9558,57.6412],[37.9554,57.6417],[37.9536,57.6425],[37.9516,57.6435],[37.9515,57.6438],[37.9539,57.6459],[37.9533,57.6464],[37.9268,57.6427],[37.9188,57.6421],[37.9123,57.642],[37.9003,57.6432],[37.899,57.6424],[37.8987,57.6415],[37.896,57.6392],[37.8889,57.6407],[37.8874,57.6381],[37.8866,57.6354],[37.8859,57.634],[37.887,57.6333],[37.8899,57.6329],[37.8867,57.6306],[37.8829,57.6287],[37.8808,57.6268],[37.8763,57.6262],[37.8736,57.6274],[37.8707,57.6263],[37.867,57.6208],[37.867,57.6202],[37.8683,57.6185],[37.8668,57.6175],[37.8694,57.6164],[37.8702,57.6153],[37.8701,57.6139],[37.8704,57.6122],[37.8683,57.6107],[37.8638,57.6102],[37.862,57.6087],[37.8608,57.6085],[37.8597,57.6086],[37.8581,57.609],[37.8575,57.6097],[37.856,57.6101],[37.8538,57.6137],[37.8521,57.6151],[37.8524,57.6158],[37.8539,57.6163],[37.852,57.6176],[37.8495,57.6176],[37.8473,57.6183],[37.8452,57.6187],[37.8438,57.6185],[37.8403,57.6166],[37.8383,57.6173],[37.8351,57.6167],[37.8304,57.6168],[37.8246,57.6184],[37.8207,57.6202],[37.816,57.6167],[37.8138,57.6125],[37.8143,57.6084],[37.8187,57.6069],[37.8191,57.6001],[37.8235,57.5978],[37.826,57.5952],[37.8283,57.5965],[37.8299,57.5962],[37.8318,57.5953],[37.8333,57.5948],[37.8364,57.5961],[37.8374,57.5951],[37.838,57.5942],[37.8376,57.5931],[37.8379,57.5921],[37.8393,57.5905],[37.8391,57.5896],[37.8393,57.5883],[37.8408,57.5869],[37.8431,57.5868],[37.8451,57.587],[37.846,57.5865],[37.8499,57.5872],[37.8534,57.5882],[37.8539,57.5863],[37.8549,57.5847],[37.8563,57.5828],[37.8563,57.5815],[37.8577,57.5797],[37.8518,57.5793],[37.8494,57.5793],[37.8489,57.5786],[37.8498,57.578],[37.8516,57.5772],[37.8519,57.5753],[37.8502,57.5751],[37.8479,57.5742],[37.8451,57.5747],[37.8425,57.574],[37.8407,57.5739],[37.8397,57.5739],[37.8381,57.5737],[37.8347,57.5692],[37.8369,57.5676],[37.839,57.5653],[37.8414,57.5659],[37.8429,57.5662],[37.8447,57.5653],[37.8412,57.5642],[37.8425,57.562],[37.8409,57.5609],[37.838,57.5607],[37.8358,57.56],[37.8347,57.5584],[37.8329,57.5565],[37.8303,57.5564],[37.8287,57.5558],[37.8297,57.5533],[37.8279,57.5526],[37.8253,57.5519],[37.8233,57.5516],[37.8231,57.5509],[37.8231,57.5501],[37.8234,57.5493],[37.8234,57.5485],[37.8241,57.5474],[37.8253,57.546],[37.8258,57.5457],[37.8264,57.5455],[37.8276,57.5453],[37.8293,57.5451],[37.8309,57.5447],[37.8327,57.5444],[37.832,57.5433],[37.8317,57.5424],[37.8313,57.5418],[37.8307,57.5412],[37.8305,57.5412],[37.8304,57.5407],[37.8319,57.5398],[37.8333,57.5385],[37.8332,57.5364],[37.8323,57.533],[37.8339,57.5302],[37.8174,57.524],[37.8195,57.5228],[37.8207,57.5203],[37.8204,57.518],[37.8189,57.516],[37.8207,57.5146],[37.8214,57.513],[37.8182,57.5114],[37.8127,57.5113],[37.8148,57.5093],[37.817,57.5084],[37.8149,57.5068],[37.8132,57.5046],[37.8094,57.5042],[37.8079,57.5032],[37.8006,57.5013]]]}},{"type":"Feature","properties":{"district":"Ярославский район"},"geometry":{"type":"Polygon","coordinates":[[[39.2238,57.5816],[39.2307,57.5831],[39.2338,57.5851],[39.2352,57.5872],[39.2394,57.5906],[39.2398,57.5961],[39.2459,57.5964],[39.249,57.5946],[39.2527,57.5953],[39.2597,57.5926],[39.2652,57.5928],[39.2649,57.5911],[39.2668,57.5905],[39.271,57.5901],[39.2712,57.5924],[39.2736,57.5944],[39.2671,57.598],[39.2616,57.6019],[39.2612,57.6035],[39.2613,57.6067],[39.2643,57.609],[39.2688,57.6094],[39.2707,57.6093],[39.2743,57.6103],[39.2751,57.6124],[39.274,57.6142],[39.2752,57.6149],[39.2781,57.6164],[39.2783,57.6171],[39.2784,57.6178],[39.2784,57.6181],[39.2737,57.6205],[39.2689,57.6209],[39.2679,57.6196],[39.2605,57.6196],[39.2591,57.6178],[39.259,57.6177],[39.2589,57.6176],[39.2589,57.6175],[39.2582,57.6166],[39.2454,57.6179],[39.242,57.6182],[39.2413,57.6195],[39.2389,57.6196],[39.2384,57.6199],[39.2373,57.6205],[39.2363,57.6212],[39.2348,57.6235],[39.2352,57.6242],[39.2333,57.6258],[39.235,57.6281],[39.2409,57.6328],[39.2435,57.6341],[39.2567,57.6349],[39.259,57.6339],[39.2599,57.6335],[39.2603,57.6343],[39.2609,57.6361],[39.2579,57.638],[39.258,57.6406],[39.2524,57.6418],[39.2477,57.6449],[39.2482,57.6463],[39.2422,57.6495],[39.2406,57.6557],[39.2361,57.6571],[39.2424,57.6635],[39.2445,57.6634],[39.2458,57.6645],[39.2495,57.6643],[39.2504,57.6649],[39.2517,57.6643],[39.2538,57.6628],[39.2572,57.6625],[39.2604,57.6634],[39.2632,57.6631],[39.2654,57.663],[39.2654,57.6672],[39.2658,57.6692],[39.267,57.6711],[39.2693,57.6745],[39.2685,57.6768],[39.2648,57.6775],[39.2615,57.6784],[39.2652,57.6797],[39.2698,57.6784],[39.2712,57.6792],[39.2778,57.6814],[39.2775,57.6817],[39.2818,57.6836],[39.2921,57.6775],[39.2923,57.6765],[39.2942,57.675],[39.2951,57.6705],[39.3055,57.6701],[39.306,57.6681],[39.3052,57.6679],[39.3053,57.6657],[39.3047,57.6654],[39.3049,57.6643],[39.3096,57.664],[39.3113,57.6626],[39.3098,57.6611],[39.309,57.6597],[39.3096,57.6592],[39.3125,57.6586],[39.3162,57.6588],[39.3196,57.6593],[39.3286,57.66],[39.3369,57.6641],[39.3369,57.6663],[39.3502,57.6689],[39.3522,57.6683],[39.3542,57.6684],[39.3562,57.6704],[39.361,57.6722],[39.3657,57.6716],[39.3681,57.669],[39.3728,57.6716],[39.3771,57.67],[39.3761,57.6653],[39.3879,57.6648],[39.3888,57.6701],[39.3922,57.6699],[39.3941,57.6678],[39.3998,57.6657],[39.4035,57.668],[39.4088,57.6693],[39.412,57.6703],[39.4158,57.6704],[39.4186,57.6664],[39.4288,57.6678],[39.4357,57.6681],[39.4392,57.6696],[39.4426,57.6704],[39.4461,57.6704],[39.448,57.6697],[39.4492,57.6703],[39.4501,57.6701],[39.4511,57.6697],[39.4516,57.6696],[39.454,57.6682],[39.4574,57.6668],[39.4639,57.6662],[39.467,57.6661],[39.4676,57.6661],[39.4737,57.6627],[39.4838,57.6654],[39.4864,57.6661],[39.4868,57.6681],[39.4865,57.6694],[39.4857,57.6707],[39.4851,57.6711],[39.4824,57.6724],[39.4829,57.673],[39.4833,57.6736],[39.4837,57.6751],[39.4908,57.6752],[39.4885,57.6819],[39.4885,57.682],[39.4968,57.6828],[39.4983,57.685],[39.4938,57.6845],[39.4944,57.6862],[39.5021,57.6873],[39.506,57.6896],[39.5086,57.6908],[39.5105,57.692],[39.5113,57.6939],[39.5146,57.6939],[39.5171,57.6932],[39.525,57.693],[39.528,57.6919],[39.5295,57.6951],[39.5316,57.6953],[39.5345,57.6985],[39.5341,57.7023],[39.528,57.7056],[39.5247,57.7076],[39.5257,57.7087],[39.5307,57.7086],[39.5306,57.7125],[39.5365,57.7163],[39.5439,57.7161],[39.5452,57.7149],[39.5485,57.716],[39.557,57.716],[39.5587,57.715],[39.5663,57.7156],[39.5649,57.7183],[39.5686,57.7199],[39.57,57.7192],[39.5743,57.7204],[39.5771,57.721],[39.5818,57.723],[39.592,57.7257],[39.5956,57.7362],[39.5983,57.7381],[39.6021,57.7366],[39.6033,57.7364],[39.612,57.7343],[39.6196,57.7314],[39.6238,57.7297],[39.6254,57.7305],[39.6269,57.7328],[39.6333,57.7436],[39.6369,57.7467],[39.6389,57.7485],[39.6397,57.7492],[39.6391,57.7506],[39.6362,57.7593],[39.6358,57.7595],[39.6368,57.7621],[39.6361,57.7639],[39.6363,57.7656],[39.6423,57.766],[39.6471,57.7655],[39.6476,57.7658],[39.649,57.7655],[39.6493,57.7651],[39.6546,57.765],[39.6598,57.764],[39.6638,57.7657],[39.6645,57.7689],[39.6664,57.7718],[39.6677,57.7733],[39.6721,57.775],[39.6763,57.774],[39.6811,57.7741],[39.6835,57.7755],[39.6842,57.7779],[39.6861,57.782],[39.687,57.7844],[39.6825,57.7849],[39.6825,57.7854],[39.6821,57.7882],[39.6889,57.789],[39.7021,57.7914],[39.7121,57.7935],[39.726,57.7941],[39.7296,57.7938],[39.737,57.7932],[39.7376,57.7955],[39.7362,57.798],[39.7382,57.7981],[39.7415,57.7982],[39.7432,57.7999],[39.7395,57.8027],[39.7367,57.8026],[39.735,57.8038],[39.7337,57.8038],[39.7316,57.8049],[39.731,57.806],[39.7315,57.8062],[39.7314,57.8066],[39.7315,57.8071],[39.7298,57.8083],[39.7297,57.809],[39.731,57.8112],[39.7323,57.8121],[39.7325,57.8123],[39.7325,57.8125],[39.7321,57.8129],[39.7321,57.8134],[39.7323,57.8139],[39.7327,57.815],[39.7333,57.8156],[39.7333,57.8158],[39.7332,57.816],[39.7332,57.8164],[39.7333,57.8167],[39.7336,57.8171],[39.7338,57.8173],[39.7342,57.8176],[39.7344,57.8177],[39.7356,57.8175],[39.737,57.8176],[39.7378,57.8175],[39.7387,57.8176],[39.7402,57.8177],[39.7403,57.8179],[39.7408,57.818],[39.7417,57.8179],[39.7434,57.8172],[39.7436,57.8157],[39.7433,57.8155],[39.7433,57.8153],[39.7437,57.8149],[39.745,57.8151],[39.7454,57.8154],[39.746,57.8156],[39.7462,57.8157],[39.7467,57.8158],[39.7483,57.8167],[39.7484,57.8173],[39.7486,57.8174],[39.7488,57.8176],[39.7492,57.8183],[39.7495,57.8187],[39.7503,57.8197],[39.7512,57.8203],[39.7522,57.8206],[39.7528,57.8211],[39.7525,57.8213],[39.7525,57.8215],[39.7528,57.8216],[39.7535,57.8218],[39.7541,57.8219],[39.7547,57.822],[39.7551,57.8222],[39.7552,57.8223],[39.7552,57.8224],[39.7546,57.8226],[39.7543,57.8226],[39.7531,57.8232],[39.7597,57.8241],[39.7621,57.824],[39.763,57.8238],[39.7632,57.8233],[39.763,57.823],[39.7673,57.8188],[39.7786,57.8199],[39.7797,57.8221],[39.7809,57.8224],[39.7847,57.8239],[39.7885,57.8256],[39.7966,57.8239],[39.8037,57.8253],[39.8062,57.8257],[39.8091,57.8255],[39.8119,57.8253],[39.8139,57.8252],[39.8218,57.8266],[39.8222,57.8263],[39.8228,57.8247],[39.8244,57.8242],[39.8263,57.8231],[39.8276,57.8232],[39.8337,57.8198],[39.8402,57.8239],[39.8473,57.8281],[39.8512,57.8289],[39.8572,57.8298],[39.8578,57.83],[39.857,57.8306],[39.855,57.8306],[39.8531,57.8306],[39.8518,57.8308],[39.8513,57.8309],[39.8506,57.8312],[39.8502,57.8323],[39.8511,57.8332],[39.8516,57.8336],[39.8519,57.8342],[39.8523,57.8353],[39.8524,57.8358],[39.8522,57.8364],[39.8521,57.8368],[39.8556,57.8371],[39.8565,57.8372],[39.8581,57.8375],[39.86,57.8376],[39.8618,57.8368],[39.8627,57.8349],[39.8645,57.8337],[39.869,57.8331],[39.8726,57.8388],[39.872,57.8448],[39.8759,57.8481],[39.8711,57.852],[39.8686,57.8536],[39.8677,57.8544],[39.8667,57.855],[39.8656,57.8548],[39.865,57.8548],[39.8646,57.8549],[39.8641,57.8551],[39.8643,57.8553],[39.8639,57.8555],[39.8634,57.8555],[39.863,57.8552],[39.862,57.8551],[39.8614,57.8549],[39.861,57.8546],[39.8606,57.8546],[39.8599,57.8548],[39.8604,57.8553],[39.8627,57.8572],[39.8651,57.8589],[39.8661,57.8594],[39.8692,57.8584],[39.8724,57.8582],[39.8756,57.8581],[39.8772,57.8618],[39.8785,57.8625],[39.8814,57.8628],[39.8838,57.8647],[39.8843,57.866],[39.8851,57.8665],[39.8862,57.8664],[39.8869,57.866],[39.8874,57.8659],[39.8875,57.8656],[39.8919,57.8644],[39.8929,57.8652],[39.8932,57.866],[39.8931,57.8668],[39.8933,57.8672],[39.8938,57.8675],[39.897,57.8664],[39.8997,57.8694],[39.9018,57.8691],[39.9053,57.8735],[39.9088,57.878],[39.9091,57.8781],[39.9152,57.8788],[39.9152,57.8799],[39.9148,57.8801],[39.9149,57.8817],[39.9146,57.8824],[39.9144,57.8831],[39.9143,57.8844],[39.9144,57.8874],[39.9144,57.8888],[39.9145,57.8901],[39.9146,57.8903],[39.9158,57.8904],[39.9194,57.8914],[39.92,57.8933],[39.9244,57.8972],[39.9241,57.8997],[39.9252,57.9004],[39.923,57.9015],[39.9215,57.903],[39.9215,57.9038],[39.9219,57.9045],[39.9224,57.9049],[39.9202,57.9061],[39.9218,57.9069],[39.9217,57.9091],[39.9195,57.9089],[39.9189,57.9099],[39.9135,57.9108],[39.9133,57.911],[39.9137,57.9113],[39.914,57.9112],[39.9142,57.9111],[39.9145,57.9111],[39.9147,57.9114],[39.9149,57.9117],[39.9148,57.9122],[39.9148,57.9128],[39.9152,57.9134],[39.9156,57.9148],[39.9155,57.9151],[39.9164,57.9195],[39.9162,57.9199],[39.9154,57.9204],[39.915,57.9209],[39.9146,57.9211],[39.9145,57.9212],[39.914,57.9218],[39.9133,57.9222],[39.9129,57.9229],[39.9125,57.924],[39.9121,57.9245],[39.9123,57.925],[39.9123,57.9253],[39.9107,57.9262],[39.9093,57.9266],[39.9071,57.9277],[39.906,57.9284],[39.9092,57.9291],[39.909,57.9312],[39.9198,57.9318],[39.9225,57.9316],[39.9273,57.9321],[39.9305,57.9338],[39.9321,57.9337],[39.9325,57.9327],[39.9365,57.9333],[39.9366,57.9321],[39.9402,57.9321],[39.9405,57.9312],[39.9437,57.929],[39.9438,57.9282],[39.9472,57.9266],[39.9459,57.9254],[39.9482,57.9243],[39.9507,57.927],[39.9532,57.9272],[39.9551,57.9288],[39.9572,57.9286],[39.9662,57.9258],[39.9835,57.9246],[39.9837,57.9252],[39.9881,57.9242],[39.99,57.9233],[39.9937,57.9234],[39.998,57.9238],[40.0059,57.9241],[40.0059,57.9297],[40.0056,57.9338],[40.0113,57.942],[40.041,57.9395],[40.0429,57.9365],[40.0424,57.9352],[40.0417,57.9309],[40.0444,57.931],[40.0457,57.9287],[40.0492,57.9278],[40.0541,57.9274],[40.0559,57.9287],[40.0658,57.9288],[40.0672,57.929],[40.068,57.9265],[40.0675,57.9248],[40.0669,57.9226],[40.0685,57.9198],[40.0714,57.9181],[40.0623,57.9176],[40.0608,57.9129],[40.0534,57.9116],[40.0534,57.91],[40.0594,57.9095],[40.0625,57.9101],[40.0602,57.9077],[40.0614,57.9022],[40.0642,57.9005],[40.0644,57.8916],[40.0714,57.8921],[40.077,57.8933],[40.0787,57.8943],[40.0816,57.8942],[40.0848,57.8948],[40.0886,57.8906],[40.0988,57.8837],[40.0988,57.8806],[40.0989,57.8805],[40.1031,57.8777],[40.1035,57.8774],[40.109,57.8738],[40.1091,57.8737],[40.1104,57.8728],[40.116,57.875],[40.1198,57.876],[40.1199,57.876],[40.1225,57.8767],[40.123,57.8768],[40.1233,57.8769],[40.1281,57.8768],[40.1326,57.8769],[40.1348,57.8769],[40.1351,57.8756],[40.1399,57.8748],[40.1464,57.8779],[40.1522,57.8769],[40.152,57.8755],[40.1588,57.8776],[40.1584,57.8793],[40.1664,57.8835],[40.1715,57.8801],[40.1699,57.8791],[40.1776,57.8744],[40.1831,57.8761],[40.1776,57.878],[40.18,57.8808],[40.1834,57.8813],[40.1854,57.8816],[40.1878,57.8815],[40.1923,57.8803],[40.1921,57.8795],[40.1946,57.8786],[40.1965,57.8788],[40.2012,57.8778],[40.2062,57.8779],[40.2096,57.8796],[40.2115,57.8813],[40.2148,57.8813],[40.2187,57.8785],[40.2201,57.8756],[40.2233,57.8725],[40.2273,57.87],[40.2268,57.8634],[40.2286,57.8621],[40.2273,57.8608],[40.2279,57.8566],[40.2284,57.8562],[40.2292,57.855],[40.2349,57.8526],[40.2357,57.8517],[40.24,57.8502],[40.2394,57.8496],[40.239,57.8485],[40.2383,57.8475],[40.2383,57.8461],[40.2389,57.8457],[40.2389,57.8455],[40.2381,57.8454],[40.2376,57.8434],[40.2306,57.8432],[40.2309,57.8421],[40.2294,57.8418],[40.229,57.8415],[40.2273,57.8409],[40.2246,57.84],[40.2239,57.8397],[40.2226,57.8402],[40.2205,57.8393],[40.2204,57.8384],[40.22,57.8378],[40.2199,57.8374],[40.2202,57.8369],[40.2195,57.8356],[40.2186,57.8342],[40.2189,57.8329],[40.2193,57.8322],[40.2189,57.8312],[40.2185,57.831],[40.2184,57.8304],[40.2175,57.8298],[40.22,57.8293],[40.2224,57.8289],[40.2246,57.8281],[40.2243,57.8278],[40.2251,57.8274],[40.2275,57.8269],[40.2297,57.8264],[40.2319,57.8257],[40.2339,57.8257],[40.236,57.8251],[40.2381,57.825],[40.2402,57.8249],[40.2434,57.8212],[40.2456,57.8204],[40.2486,57.8193],[40.2586,57.8163],[40.2679,57.8134],[40.2696,57.8139],[40.2738,57.8143],[40.2803,57.8147],[40.2774,57.8093],[40.2707,57.8076],[40.2649,57.809],[40.2615,57.805],[40.268,57.8024],[40.2733,57.8023],[40.2728,57.8013],[40.2669,57.8012],[40.2734,57.798],[40.2732,57.7958],[40.2701,57.7944],[40.2696,57.7938],[40.2665,57.7924],[40.2632,57.79],[40.2562,57.7883],[40.2548,57.7876],[40.2549,57.7866],[40.2552,57.7863],[40.2553,57.7735],[40.2465,57.774],[40.2461,57.7773],[40.2451,57.7772],[40.2442,57.7763],[40.2406,57.7762],[40.2375,57.7751],[40.236,57.7752],[40.2348,57.7745],[40.2341,57.7749],[40.2342,57.7755],[40.2319,57.7762],[40.2305,57.778],[40.2294,57.7776],[40.2232,57.7782],[40.22,57.7782],[40.2194,57.7775],[40.218,57.7771],[40.217,57.7765],[40.2175,57.776],[40.2181,57.7715],[40.2123,57.7704],[40.2084,57.7699],[40.2041,57.7695],[40.2005,57.7703],[40.1965,57.7693],[40.1957,57.7667],[40.1923,57.7669],[40.1914,57.7667],[40.1843,57.7661],[40.1835,57.7677],[40.1837,57.7686],[40.1867,57.7688],[40.1858,57.7706],[40.1815,57.7716],[40.1798,57.7759],[40.172,57.7808],[40.1689,57.7808],[40.1591,57.7749],[40.1493,57.7786],[40.1406,57.7809],[40.136,57.7822],[40.1265,57.7782],[40.1229,57.7751],[40.1169,57.7767],[40.1129,57.7765],[40.1034,57.776],[40.1011,57.7766],[40.0997,57.7757],[40.0978,57.7744],[40.0946,57.7739],[40.0938,57.7739],[40.0885,57.7741],[40.077,57.7729],[40.0707,57.7723],[40.0684,57.7678],[40.0693,57.7646],[40.0714,57.762],[40.076,57.7618],[40.0771,57.7623],[40.0783,57.7622],[40.0784,57.762],[40.0782,57.7617],[40.0779,57.7615],[40.0775,57.7613],[40.0771,57.7609],[40.0769,57.7609],[40.0765,57.7609],[40.0765,57.7606],[40.076,57.758],[40.0809,57.7546],[40.0808,57.7526],[40.0893,57.7496],[40.0903,57.7486],[40.092,57.7457],[40.0887,57.7412],[40.0853,57.735],[40.0841,57.7346],[40.0837,57.7342],[40.0811,57.734],[40.0777,57.7309],[40.0759,57.7302],[40.0726,57.7277],[40.0699,57.725],[40.0708,57.7238],[40.0731,57.7228],[40.0747,57.721],[40.0785,57.718],[40.0807,57.7151],[40.0807,57.7145],[40.0815,57.7138],[40.0824,57.7119],[40.0833,57.7106],[40.0882,57.7073],[40.0884,57.7068],[40.0876,57.7062],[40.0876,57.706],[40.0881,57.7048],[40.0892,57.7029],[40.0859,57.6997],[40.0847,57.6955],[40.0854,57.6938],[40.0824,57.6928],[40.0868,57.691],[40.0958,57.688],[40.1084,57.6831],[40.113,57.6842],[40.1136,57.684],[40.1325,57.6865],[40.1342,57.6863],[40.1362,57.685],[40.1358,57.6845],[40.1335,57.6834],[40.1329,57.6834],[40.132,57.6835],[40.1284,57.6822],[40.1287,57.6813],[40.1307,57.6767],[40.1352,57.6768],[40.1401,57.6727],[40.1431,57.6701],[40.1445,57.6674],[40.1439,57.6666],[40.1431,57.6661],[40.1417,57.6664],[40.1411,57.6662],[40.1399,57.6645],[40.1395,57.6619],[40.1392,57.6613],[40.1393,57.6607],[40.1398,57.6607],[40.1402,57.6609],[40.1427,57.6605],[40.1439,57.6609],[40.145,57.661],[40.146,57.6612],[40.147,57.6612],[40.1481,57.6612],[40.1488,57.6578],[40.148,57.6575],[40.1474,57.657],[40.148,57.6567],[40.1466,57.6551],[40.1477,57.6537],[40.1483,57.6531],[40.1484,57.6525],[40.1491,57.652],[40.1519,57.6497],[40.1508,57.6485],[40.1493,57.6474],[40.1489,57.6473],[40.1484,57.6468],[40.148,57.6402],[40.1394,57.6353],[40.1387,57.6341],[40.138,57.6326],[40.137,57.6309],[40.1363,57.6292],[40.1338,57.6274],[40.1328,57.6217],[40.1319,57.6158],[40.1327,57.6153],[40.1343,57.6152],[40.1374,57.6157],[40.142,57.6167],[40.1461,57.6172],[40.1467,57.6169],[40.1468,57.6141],[40.1467,57.6137],[40.1462,57.6134],[40.1447,57.6132],[40.1397,57.6127],[40.137,57.6124],[40.1353,57.6123],[40.1313,57.6122],[40.1306,57.6091],[40.1301,57.6063],[40.1321,57.6064],[40.1332,57.6066],[40.1342,57.607],[40.1363,57.6074],[40.1374,57.6072],[40.1416,57.608],[40.1437,57.6094],[40.1439,57.61],[40.1461,57.6111],[40.1464,57.6119],[40.1474,57.6123],[40.1484,57.6123],[40.1534,57.6099],[40.1531,57.6092],[40.154,57.6088],[40.1597,57.6101],[40.1625,57.6106],[40.1638,57.6108],[40.171,57.6121],[40.1756,57.6134],[40.1781,57.6145],[40.1787,57.6146],[40.179,57.6146],[40.1792,57.6147],[40.1793,57.6147],[40.1792,57.6155],[40.1865,57.6162],[40.1922,57.6163],[40.1955,57.6179],[40.1966,57.6178],[40.1976,57.6181],[40.1987,57.618],[40.1995,57.6169],[40.2053,57.6166],[40.2105,57.6165],[40.221,57.6174],[40.2307,57.6105],[40.2388,57.6123],[40.2501,57.6019],[40.239,57.5951],[40.2383,57.5939],[40.244,57.5879],[40.2524,57.5782],[40.2635,57.5797],[40.2727,57.5802],[40.278,57.5802],[40.2902,57.5838],[40.309,57.5915],[40.3183,57.5939],[40.3277,57.596],[40.3362,57.5959],[40.3365,57.5954],[40.3406,57.5959],[40.3472,57.5992],[40.3462,57.601],[40.3485,57.609],[40.3697,57.6068],[40.3724,57.6098],[40.385,57.6062],[40.3874,57.6042],[40.3904,57.6004],[40.3915,57.5992],[40.3963,57.5974],[40.4012,57.5942],[40.3975,57.591],[40.3992,57.5885],[40.4024,57.5865],[40.4021,57.5854],[40.4073,57.5841],[40.4191,57.5743],[40.4231,57.5709],[40.4184,57.5697],[40.4162,57.5728],[40.4122,57.5766],[40.4015,57.5842],[40.3962,57.5836],[40.3977,57.5761],[40.3976,57.5714],[40.4101,57.5629],[40.4112,57.5604],[40.4146,57.5582],[40.4204,57.5588],[40.4226,57.5559],[40.4178,57.5516],[40.4087,57.5564],[40.4065,57.5601],[40.402,57.563],[40.3904,57.5628],[40.3857,57.5606],[40.3821,57.5572],[40.3732,57.5501],[40.3703,57.5505],[40.3577,57.5534],[40.3512,57.5497],[40.3425,57.5504],[40.3345,57.5536],[40.3352,57.5551],[40.3288,57.5574],[40.3348,57.5635],[40.3314,57.5658],[40.3327,57.5692],[40.3264,57.5742],[40.3189,57.5736],[40.3147,57.5693],[40.3129,57.5678],[40.3049,57.5691],[40.3032,57.5707],[40.2945,57.5707],[40.2792,57.5631],[40.2791,57.5581],[40.2727,57.5569],[40.2606,57.5588],[40.2513,57.5595],[40.2455,57.5587],[40.2397,57.559],[40.2328,57.5612],[40.2223,57.5579],[40.2123,57.5281],[40.2097,57.5294],[40.2082,57.5285],[40.2079,57.5274],[40.2088,57.525],[40.2093,57.524],[40.2089,57.5232],[40.2088,57.5211],[40.2091,57.519],[40.208,57.5179],[40.2093,57.5173],[40.2145,57.5162],[40.2152,57.5154],[40.2141,57.5151],[40.2117,57.5145],[40.213,57.5141],[40.2158,57.512],[40.2122,57.5098],[40.2109,57.5106],[40.2103,57.5112],[40.2092,57.5109],[40.2056,57.5114],[40.206,57.5105],[40.2047,57.5091],[40.2037,57.5072],[40.1904,57.508],[40.1897,57.5084],[40.1879,57.5088],[40.1869,57.5075],[40.1935,57.5051],[40.1957,57.5048],[40.1952,57.5036],[40.1963,57.5036],[40.1967,57.504],[40.1981,57.5041],[40.2011,57.5032],[40.2014,57.5026],[40.2027,57.5022],[40.2021,57.5014],[40.2027,57.5005],[40.2008,57.499],[40.2,57.4982],[40.2009,57.4976],[40.205,57.4969],[40.2071,57.4969],[40.206,57.4914],[40.2052,57.488],[40.2008,57.4864],[40.1983,57.486],[40.1961,57.4853],[40.2096,57.4827],[40.2101,57.4823],[40.2137,57.4828],[40.2163,57.4819],[40.2182,57.4823],[40.2243,57.483],[40.2307,57.4833],[40.2297,57.4786],[40.2197,57.4774],[40.2201,57.4748],[40.2148,57.4719],[40.2101,57.4734],[40.2085,57.4741],[40.2071,57.4745],[40.207,57.475],[40.201,57.477],[40.1923,57.4787],[40.1902,57.4768],[40.19,57.4753],[40.1936,57.474],[40.1965,57.4729],[40.1986,57.4733],[40.1999,57.4728],[40.2017,57.4726],[40.2028,57.4732],[40.2033,57.4721],[40.2037,57.4716],[40.2038,57.4715],[40.2036,57.4714],[40.2039,57.471],[40.2051,57.4708],[40.2053,57.4706],[40.2057,57.4704],[40.2059,57.4704],[40.2062,57.4705],[40.2064,57.4709],[40.2068,57.4711],[40.2081,57.4714],[40.2084,57.4713],[40.209,57.4709],[40.2093,57.4707],[40.2092,57.4704],[40.2088,57.4704],[40.2084,57.4702],[40.2083,57.4695],[40.2092,57.4684],[40.2086,57.4679],[40.2106,57.4673],[40.2123,57.467],[40.2129,57.4664],[40.2137,57.4662],[40.2141,57.4658],[40.214,57.4656],[40.2126,57.4652],[40.2124,57.4642],[40.2102,57.4635],[40.2094,57.4626],[40.2087,57.4618],[40.2033,57.4618],[40.2022,57.4615],[40.2013,57.4611],[40.2002,57.46],[40.2016,57.4564],[40.2032,57.4547],[40.2024,57.4528],[40.1971,57.4513],[40.1932,57.4494],[40.186,57.4474],[40.1886,57.4437],[40.194,57.4435],[40.1955,57.4417],[40.1949,57.4402],[40.2062,57.4386],[40.2068,57.436],[40.208,57.4339],[40.2073,57.4319],[40.2065,57.4306],[40.2082,57.4291],[40.2109,57.4284],[40.2182,57.4271],[40.2179,57.4261],[40.2165,57.4241],[40.2164,57.4232],[40.2158,57.4223],[40.2148,57.4216],[40.212,57.4213],[40.2087,57.4224],[40.2063,57.424],[40.2044,57.4245],[40.2036,57.4259],[40.2023,57.4263],[40.2009,57.428],[40.1986,57.4304],[40.1959,57.4313],[40.1945,57.4307],[40.1921,57.4295],[40.1898,57.43],[40.1832,57.4307],[40.1781,57.4302],[40.1768,57.4265],[40.1776,57.4245],[40.1806,57.4216],[40.1801,57.4198],[40.1788,57.418],[40.1792,57.4176],[40.1857,57.4162],[40.1836,57.4136],[40.183,57.4116],[40.1821,57.4077],[40.1838,57.4069],[40.186,57.4066],[40.1881,57.4066],[40.1891,57.4055],[40.185,57.4031],[40.1857,57.4018],[40.1833,57.3998],[40.1811,57.3999],[40.1789,57.4002],[40.1789,57.4009],[40.1775,57.4017],[40.1764,57.4026],[40.1749,57.4036],[40.1734,57.4057],[40.1731,57.4069],[40.1682,57.4079],[40.1682,57.4111],[40.165,57.4111],[40.1617,57.411],[40.1611,57.4114],[40.1622,57.4145],[40.1616,57.4156],[40.1524,57.4164],[40.1506,57.4138],[40.147,57.4139],[40.1435,57.4134],[40.1372,57.4133],[40.1308,57.4135],[40.1252,57.4137],[40.1216,57.4143],[40.1205,57.4159],[40.1186,57.4174],[40.1189,57.4189],[40.119,57.4207],[40.1196,57.4214],[40.1111,57.4227],[40.1105,57.4207],[40.1091,57.4181],[40.1032,57.4127],[40.0996,57.411],[40.0989,57.4112],[40.0938,57.4127],[40.0895,57.4158],[40.085,57.4182],[40.0826,57.4173],[40.0801,57.417],[40.0876,57.4138],[40.087,57.4109],[40.09,57.4099],[40.0921,57.4051],[40.0869,57.404],[40.0845,57.4022],[40.0851,57.4],[40.0787,57.3979],[40.0741,57.3979],[40.0689,57.3986],[40.062,57.3998],[40.058,57.3989],[40.0534,57.3993],[40.0555,57.3918],[40.0486,57.3906],[40.0463,57.3918],[40.0302,57.3969],[40.0274,57.3988],[40.024,57.3994],[40.0166,57.4057],[40.0155,57.4082],[40.0012,57.4145],[39.9983,57.4133],[39.9948,57.4133],[39.9926,57.4146],[39.9909,57.4183],[39.9823,57.419],[39.9835,57.4227],[39.9882,57.4271],[39.9848,57.4317],[39.9773,57.4327],[39.9803,57.4371],[39.9789,57.4376],[39.9757,57.439],[39.9746,57.4408],[39.9706,57.4433],[39.962,57.4484],[39.9528,57.4462],[39.9412,57.4441],[39.9361,57.4544],[39.9188,57.4554],[39.9166,57.4542],[39.9121,57.4545],[39.9093,57.4543],[39.9091,57.4547],[39.9077,57.4555],[39.9071,57.4558],[39.906,57.4561],[39.9051,57.4561],[39.9016,57.4559],[39.9016,57.4555],[39.8991,57.4551],[39.8983,57.4585],[39.898,57.4618],[39.9006,57.4675],[39.8973,57.467],[39.8935,57.4675],[39.8905,57.4675],[39.8902,57.4668],[39.8896,57.4669],[39.8893,57.4665],[39.8884,57.4665],[39.8848,57.4643],[39.8835,57.4628],[39.8793,57.4589],[39.8708,57.4511],[39.8611,57.4541],[39.8515,57.4569],[39.8521,57.4597],[39.8485,57.4597],[39.8416,57.4589],[39.8382,57.4556],[39.8363,57.4552],[39.8336,57.4544],[39.828,57.4543],[39.8216,57.4543],[39.8245,57.4523],[39.8212,57.449],[39.8211,57.4464],[39.8182,57.4462],[39.8085,57.4466],[39.8071,57.4462],[39.8027,57.4448],[39.7988,57.4407],[39.7957,57.4409],[39.792,57.4413],[39.7908,57.442],[39.7901,57.4435],[39.7893,57.4454],[39.7898,57.4459],[39.7901,57.4478],[39.7897,57.4484],[39.7868,57.4495],[39.7847,57.4503],[39.7834,57.4506],[39.7821,57.4506],[39.7813,57.4505],[39.7804,57.4502],[39.7786,57.45],[39.7796,57.4455],[39.7784,57.443],[39.7712,57.4428],[39.7641,57.4406],[39.7605,57.4387],[39.7485,57.4394],[39.7507,57.4431],[39.7426,57.4425],[39.7368,57.4413],[39.7378,57.4387],[39.7385,57.4366],[39.7384,57.4366],[39.737,57.4358],[39.7357,57.4351],[39.739,57.4301],[39.7394,57.4294],[39.7418,57.4254],[39.7401,57.4238],[39.7383,57.4226],[39.7378,57.4223],[39.7274,57.4217],[39.7197,57.4213],[39.7123,57.4223],[39.7145,57.4276],[39.7074,57.4271],[39.7083,57.4316],[39.7068,57.4339],[39.7021,57.4345],[39.6949,57.4364],[39.6923,57.4353],[39.6929,57.4302],[39.6882,57.4265],[39.6842,57.4268],[39.6804,57.4269],[39.6804,57.4284],[39.6696,57.4273],[39.6643,57.4295],[39.6768,57.439],[39.6678,57.4411],[39.6702,57.4429],[39.6712,57.4474],[39.6662,57.4499],[39.6609,57.4523],[39.6598,57.4518],[39.6575,57.4519],[39.6559,57.4516],[39.6541,57.4517],[39.6529,57.4519],[39.65,57.4518],[39.6462,57.4521],[39.6459,57.4535],[39.6347,57.4583],[39.6453,57.4656],[39.6395,57.4704],[39.6275,57.4715],[39.6113,57.4728],[39.607,57.4802],[39.601,57.4809],[39.586,57.4844],[39.582,57.485],[39.5716,57.4841],[39.5675,57.4838],[39.5625,57.483],[39.5619,57.4829],[39.5617,57.4829],[39.5502,57.481],[39.5496,57.4823],[39.5494,57.4824],[39.5456,57.4848],[39.5444,57.4842],[39.5467,57.4792],[39.5399,57.4782],[39.5363,57.4811],[39.5356,57.4835],[39.5265,57.4861],[39.5187,57.4864],[39.5186,57.4855],[39.5178,57.4742],[39.5151,57.472],[39.5113,57.4703],[39.5074,57.4705],[39.4941,57.4712],[39.4906,57.473],[39.4866,57.4762],[39.4785,57.4768],[39.4693,57.4793],[39.4633,57.4798],[39.4597,57.4783],[39.4589,57.4762],[39.4575,57.4752],[39.4485,57.4757],[39.4408,57.4739],[39.4465,57.4705],[39.4413,57.4703],[39.438,57.4681],[39.4335,57.4646],[39.4288,57.4638],[39.4253,57.4638],[39.4151,57.4673],[39.4005,57.466],[39.3988,57.471],[39.3988,57.475],[39.4041,57.4769],[39.4053,57.4833],[39.4046,57.4907],[39.4074,57.491],[39.408,57.4983],[39.4034,57.4984],[39.4051,57.504],[39.3847,57.504],[39.3865,57.5018],[39.3838,57.4996],[39.3792,57.4987],[39.3746,57.4987],[39.37,57.5006],[39.3677,57.5003],[39.3538,57.4972],[39.3595,57.4825],[39.3494,57.481],[39.3488,57.4827],[39.3424,57.4812],[39.3367,57.4832],[39.3317,57.4857],[39.3309,57.4856],[39.3263,57.485],[39.3203,57.491],[39.316,57.4887],[39.301,57.4878],[39.3008,57.4857],[39.256,57.4881],[39.2572,57.4897],[39.2555,57.4915],[39.2519,57.4939],[39.2543,57.511],[39.2569,57.5106],[39.2611,57.5114],[39.2625,57.5124],[39.2659,57.5137],[39.2659,57.5162],[39.2671,57.5193],[39.2694,57.5209],[39.2711,57.5249],[39.2689,57.5261],[39.2723,57.5293],[39.2756,57.5326],[39.2658,57.5333],[39.2631,57.5315],[39.2619,57.5317],[39.2602,57.5328],[39.2536,57.533],[39.2532,57.5295],[39.2296,57.5307],[39.2355,57.5579],[39.2369,57.5677],[39.2336,57.5686],[39.2313,57.576],[39.2263,57.579],[39.2238,57.5816]],[[39.731,57.7376],[39.7427,57.7278],[39.7511,57.7219],[39.7542,57.7198],[39.7535,57.7197],[39.7532,57.7199],[39.7531,57.7201],[39.7524,57.7204],[39.7512,57.7203],[39.7501,57.7205],[39.7486,57.7214],[39.7476,57.7209],[39.7464,57.7203],[39.7456,57.7197],[39.7451,57.7186],[39.7471,57.718],[39.7482,57.7179],[39.7488,57.7179],[39.7536,57.7143],[39.7564,57.7136],[39.7581,57.7126],[39.7583,57.71],[39.7581,57.71],[39.7579,57.7088],[39.7582,57.7026],[39.7584,57.7021],[39.7588,57.7013],[39.7547,57.6998],[39.7493,57.6998],[39.7495,57.7001],[39.7464,57.6996],[39.7442,57.697],[39.7446,57.6963],[39.7456,57.6935],[39.7473,57.6885],[39.7483,57.6852],[39.7481,57.6848],[39.7467,57.6831],[39.7546,57.6769],[39.7556,57.6765],[39.7601,57.6733],[39.7589,57.6728],[39.7655,57.6668],[39.7612,57.6633],[39.7628,57.6628],[39.7744,57.656],[39.7754,57.6544],[39.7753,57.6528],[39.78,57.649],[39.7781,57.648],[39.7771,57.6475],[39.7764,57.6472],[39.7757,57.6465],[39.7752,57.6467],[39.7747,57.6464],[39.7745,57.6458],[39.7753,57.6455],[39.7777,57.6447],[39.7773,57.6431],[39.7791,57.6425],[39.7796,57.6423],[39.7788,57.642],[39.7771,57.6399],[39.7765,57.6393],[39.7764,57.639],[39.7759,57.6385],[39.7755,57.6374],[39.773,57.6377],[39.7704,57.6375],[39.7682,57.634],[39.7735,57.6345],[39.7754,57.6345],[39.7797,57.6339],[39.7822,57.6334],[39.786,57.6325],[39.7913,57.6311],[39.7944,57.6299],[39.7958,57.6292],[39.7975,57.6298],[39.7981,57.6295],[39.7987,57.6289],[39.7987,57.628],[39.7988,57.6272],[39.8004,57.6256],[39.7991,57.6254],[39.7982,57.6253],[39.7963,57.6254],[39.7942,57.6263],[39.7939,57.6267],[39.7935,57.6268],[39.793,57.6267],[39.7923,57.6262],[39.7909,57.6268],[39.7888,57.6257],[39.7888,57.6254],[39.7912,57.6237],[39.7922,57.6226],[39.7982,57.6202],[39.8013,57.6172],[39.8013,57.6172],[39.7909,57.6139],[39.7908,57.6139],[39.7883,57.6164],[39.7846,57.6153],[39.7875,57.6117],[39.7876,57.6115],[39.7865,57.611],[39.8013,57.5978],[39.8029,57.5964],[39.8,57.5954],[39.8019,57.5932],[39.7984,57.592],[39.798,57.5924],[39.7969,57.5921],[39.7944,57.5914],[39.7947,57.5908],[39.7963,57.5892],[39.7929,57.588],[39.7966,57.5829],[39.7906,57.5814],[39.7853,57.5789],[39.779,57.5746],[39.7718,57.5701],[39.7718,57.5698],[39.7592,57.5616],[39.7589,57.5614],[39.7455,57.5528],[39.7362,57.5465],[39.7338,57.5439],[39.7364,57.5428],[39.7417,57.5457],[39.7487,57.543],[39.7518,57.5417],[39.7557,57.5402],[39.7639,57.5461],[39.7673,57.5469],[39.7743,57.5461],[39.7755,57.5457],[39.7653,57.5383],[39.7654,57.538],[39.771,57.5352],[39.7816,57.5306],[39.7967,57.5417],[39.8154,57.5552],[39.8223,57.5602],[39.8389,57.572],[39.8396,57.5718],[39.8435,57.5745],[39.8459,57.5735],[39.8484,57.5726],[39.8548,57.5702],[39.8576,57.5693],[39.8602,57.5685],[39.8607,57.5691],[39.8624,57.5686],[39.8615,57.566],[39.8588,57.5662],[39.8566,57.5604],[39.8557,57.5593],[39.8584,57.5592],[39.8581,57.5584],[39.8745,57.5552],[39.8792,57.5538],[39.8846,57.5613],[39.8977,57.5595],[39.892,57.5523],[39.8904,57.5507],[39.8993,57.5489],[39.9098,57.5467],[39.9114,57.5464],[39.9013,57.542],[39.9025,57.5393],[39.9116,57.5352],[39.9183,57.5332],[39.9177,57.5292],[39.9145,57.5278],[39.9172,57.5246],[39.9215,57.5272],[39.9251,57.5291],[39.9297,57.5294],[39.9352,57.5308],[39.9363,57.5312],[39.9364,57.5332],[39.934,57.5336],[39.9303,57.5357],[39.9304,57.5374],[39.9312,57.5382],[39.9331,57.5384],[39.9378,57.5366],[39.9402,57.5347],[39.9421,57.5352],[39.9458,57.5339],[39.9494,57.533],[39.9507,57.5323],[39.9526,57.5327],[39.953,57.5331],[39.9526,57.5344],[39.9535,57.5346],[39.9559,57.5354],[39.9588,57.5353],[39.9604,57.536],[39.9671,57.536],[39.9681,57.5358],[39.9734,57.5371],[39.9748,57.5372],[39.9774,57.5376],[39.978,57.5372],[39.9806,57.5371],[39.9825,57.5371],[39.9858,57.5372],[39.9867,57.5384],[39.9874,57.54],[39.9879,57.5416],[39.9885,57.5421],[39.9885,57.5432],[39.9904,57.5457],[39.991,57.547],[39.9931,57.5468],[39.9938,57.5471],[40.0032,57.5464],[40.0033,57.5509],[40.0033,57.5543],[40.0023,57.5543],[40.0014,57.5543],[39.9983,57.5548],[39.994,57.5558],[39.9894,57.5573],[39.9775,57.5623],[39.9693,57.5655],[39.9583,57.5701],[39.9569,57.571],[39.9598,57.5724],[39.962,57.5712],[39.9628,57.5715],[39.9634,57.572],[39.9621,57.5729],[39.962,57.5735],[39.9591,57.5735],[39.9568,57.5745],[39.9546,57.576],[39.955,57.5764],[39.9544,57.5775],[39.9541,57.5784],[39.954,57.5827],[39.9523,57.5835],[39.9521,57.5834],[39.9518,57.5834],[39.9513,57.5833],[39.9506,57.5832],[39.9493,57.583],[39.9484,57.5829],[39.9447,57.5889],[39.941,57.5935],[39.9403,57.5933],[39.939,57.595],[39.9394,57.5951],[39.9434,57.5953],[39.9456,57.5939],[39.9477,57.5938],[39.9491,57.5998],[39.946,57.6026],[39.9492,57.6022],[39.9532,57.6018],[39.9555,57.6014],[39.9566,57.601],[39.9574,57.6006],[39.959,57.5996],[39.9603,57.5989],[39.9617,57.598],[39.9634,57.597],[39.9676,57.5945],[39.9694,57.5934],[39.9719,57.5919],[39.9773,57.5889],[39.9862,57.5845],[39.9895,57.5863],[39.984,57.5896],[39.9881,57.5918],[39.9779,57.598],[39.9762,57.5991],[39.9766,57.5992],[39.9803,57.6004],[39.9791,57.6017],[39.9788,57.6022],[39.9825,57.6037],[39.986,57.6014],[39.9907,57.6035],[39.9896,57.6042],[39.9897,57.6055],[39.9902,57.6062],[39.9918,57.6062],[39.9925,57.6079],[39.9904,57.6095],[39.9855,57.6119],[39.9855,57.6259],[39.9705,57.6256],[39.9691,57.6264],[39.9649,57.6264],[39.9649,57.626],[39.9603,57.626],[39.9604,57.6253],[39.9651,57.6247],[39.9651,57.6237],[39.9648,57.6236],[39.9637,57.623],[39.9625,57.6224],[39.9628,57.6217],[39.9661,57.6212],[39.9662,57.6211],[39.9668,57.6206],[39.964,57.6161],[39.9596,57.6162],[39.9579,57.6157],[39.9581,57.6148],[39.951,57.6198],[39.9421,57.6192],[39.9415,57.6236],[39.9501,57.6249],[39.9492,57.6264],[39.9477,57.6262],[39.9465,57.6272],[39.9436,57.6273],[39.9442,57.6292],[39.9473,57.63],[39.9552,57.6285],[39.956,57.6285],[39.9562,57.6317],[39.964,57.6316],[39.9671,57.6307],[39.9689,57.6307],[39.9687,57.6328],[39.9675,57.6352],[39.966,57.637],[39.9572,57.6443],[39.9719,57.6501],[39.9723,57.6511],[39.9695,57.653],[39.9687,57.6534],[39.9682,57.6537],[39.9681,57.6539],[39.9683,57.6541],[39.9751,57.6542],[39.9752,57.6571],[39.9664,57.6584],[39.9644,57.6586],[39.9642,57.6594],[39.9665,57.6594],[39.9664,57.6599],[39.9659,57.6611],[39.9651,57.6616],[39.9648,57.662],[39.9611,57.6618],[39.9611,57.6631],[39.96,57.665],[39.9598,57.6653],[39.9596,57.6653],[39.9577,57.6652],[39.9567,57.665],[39.9543,57.6646],[39.9491,57.6634],[39.9482,57.6632],[39.9433,57.6675],[39.9453,57.6695],[39.9411,57.6708],[39.9401,57.67],[39.9426,57.6692],[39.9412,57.6681],[39.9124,57.6772],[39.9077,57.6793],[39.9028,57.6769],[39.8996,57.6784],[39.8983,57.6808],[39.8975,57.6827],[39.8934,57.6828],[39.8921,57.6848],[39.8901,57.6848],[39.89,57.6839],[39.8883,57.6839],[39.8883,57.6849],[39.8896,57.6849],[39.8896,57.686],[39.8895,57.6861],[39.8896,57.6867],[39.8886,57.6872],[39.8888,57.6884],[39.8883,57.6886],[39.8887,57.6904],[39.8766,57.6935],[39.8706,57.6867],[39.8663,57.6849],[39.8635,57.6881],[39.8609,57.6873],[39.8609,57.689],[39.8572,57.6912],[39.8563,57.6912],[39.8545,57.6922],[39.8551,57.6926],[39.8555,57.6923],[39.8565,57.6927],[39.8533,57.6943],[39.8499,57.6955],[39.8547,57.6975],[39.8549,57.698],[39.8555,57.6993],[39.8541,57.7009],[39.8505,57.7014],[39.8495,57.7031],[39.8302,57.7101],[39.8283,57.7112],[39.8274,57.712],[39.8265,57.7136],[39.8298,57.7143],[39.8311,57.7146],[39.8292,57.7167],[39.8376,57.7238],[39.83,57.7287],[39.8271,57.7306],[39.8264,57.7306],[39.822,57.7332],[39.8216,57.7333],[39.8174,57.7391],[39.8212,57.7399],[39.8232,57.7374],[39.8327,57.7382],[39.8319,57.7404],[39.8295,57.7448],[39.8246,57.7443],[39.8201,57.7437],[39.8167,57.7431],[39.8148,57.7428],[39.8133,57.746],[39.8176,57.7465],[39.8172,57.7471],[39.8149,57.7505],[39.8124,57.7502],[39.8117,57.7505],[39.8105,57.7538],[39.8087,57.7592],[39.7985,57.7658],[39.7984,57.7675],[39.7973,57.7693],[39.7962,57.7691],[39.7959,57.7703],[39.7951,57.7703],[39.7941,57.7734],[39.7933,57.7733],[39.7924,57.7731],[39.7912,57.7727],[39.7903,57.7725],[39.7894,57.7723],[39.7886,57.7725],[39.7876,57.7731],[39.7873,57.7738],[39.7855,57.7746],[39.7823,57.7753],[39.7748,57.7737],[39.7752,57.7691],[39.7758,57.763],[39.7761,57.7601],[39.7768,57.7537],[39.7783,57.7467],[39.7793,57.7418],[39.7797,57.7394],[39.7713,57.7393],[39.7701,57.7406],[39.7695,57.7408],[39.7692,57.7414],[39.768,57.742],[39.7673,57.7423],[39.7674,57.743],[39.7681,57.7432],[39.7676,57.7435],[39.7668,57.7438],[39.7664,57.7441],[39.766,57.7444],[39.7659,57.7447],[39.766,57.7452],[39.7653,57.7454],[39.7654,57.7458],[39.765,57.7461],[39.7644,57.7461],[39.7641,57.7463],[39.7631,57.7463],[39.763,57.7465],[39.7628,57.7467],[39.7616,57.747],[39.7611,57.7466],[39.7603,57.7467],[39.7594,57.747],[39.7589,57.7467],[39.7578,57.7466],[39.7575,57.7462],[39.7564,57.7457],[39.7549,57.7452],[39.7534,57.7451],[39.7509,57.7455],[39.7491,57.7447],[39.7486,57.7439],[39.7439,57.7422],[39.743,57.7426],[39.7416,57.7432],[39.7392,57.7437],[39.7383,57.7437],[39.7375,57.7436],[39.736,57.7437],[39.7357,57.7438],[39.7317,57.7435],[39.7316,57.7434],[39.732,57.7418],[39.7317,57.7411],[39.7323,57.7401],[39.7322,57.7401],[39.7324,57.7398],[39.7326,57.7398],[39.733,57.7394],[39.733,57.7392],[39.7331,57.7391],[39.731,57.7376]]]}},{"type":"Feature","properties":{"district":"Ярославль"},"geometry":{"type":"Polygon","coordinates":[[[39.731,57.7376],[39.7427,57.7278],[39.7511,57.7219],[39.7542,57.7198],[39.7535,57.7197],[39.7532,57.7199],[39.7531,57.7201],[39.7524,57.7204],[39.7512,57.7203],[39.7501,57.7205],[39.7486,57.7214],[39.7476,57.7209],[39.7464,57.7203],[39.7456,57.7197],[39.7451,57.7186],[39.7471,57.718],[39.7482,57.7179],[39.7488,57.7179],[39.7536,57.7143],[39.7564,57.7136],[39.7581,57.7126],[39.7583,57.71],[39.7581,57.71],[39.7579,57.7088],[39.7582,57.7026],[39.7584,57.7021],[39.7588,57.7013],[39.7547,57.6998],[39.7493,57.6998],[39.7495,57.7001],[39.7464,57.6996],[39.7442,57.697],[39.7446,57.6963],[39.7456,57.6935],[39.7473,57.6885],[39.7483,57.6852],[39.7481,57.6848],[39.7467,57.6831],[39.7546,57.6769],[39.7556,57.6765],[39.7601,57.6733],[39.7589,57.6728],[39.7655,57.6668],[39.7612,57.6633],[39.7628,57.6628],[39.7744,57.656],[39.7754,57.6544],[39.7753,57.6528],[39.78,57.649],[39.7781,57.648],[39.7771,57.6475],[39.7764,57.6472],[39.7757,57.6465],[39.7752,57.6467],[39.7747,57.6464],[39.7745,57.6458],[39.7753,57.6455],[39.7777,57.6447],[39.7773,57.6431],[39.7791,57.6425],[39.7796,57.6423],[39.7788,57.642],[39.7771,57.6399],[39.7765,57.6393],[39.7764,57.639],[39.7759,57.6385],[39.7755,57.6374],[39.773,57.6377],[39.7704,57.6375],[39.7682,57.634],[39.7735,57.6345],[39.7754,57.6345],[39.7797,57.6339],[39.7822,57.6334],[39.786,57.6325],[39.7913,57.6311],[39.7944,57.6299],[39.7958,57.6292],[39.7975,57.6298],[39.7981,57.6295],[39.7987,57.6289],[39.7987,57.628],[39.7988,57.6272],[39.8004,57.6256],[39.7991,57.6254],[39.7982,57.6253],[39.7963,57.6254],[39.7942,57.6263],[39.7939,57.6267],[39.7935,57.6268],[39.793,57.6267],[39.7923,57.6262],[39.7909,57.6268],[39.7888,57.6257],[39.7888,57.6254],[39.7912,57.6237],[39.7922,57.6226],[39.7982,57.6202],[39.8013,57.6172],[39.8013,57.6172],[39.7909,57.6139],[39.7908,57.6139],[39.7883,57.6164],[39.7846,57.6153],[39.7875,57.6117],[39.7876,57.6115],[39.7865,57.611],[39.8013,57.5978],[39.8029,57.5964],[39.8,57.5954],[39.8019,57.5932],[39.7984,57.592],[39.798,57.5924],[39.7969,57.5921],[39.7944,57.5914],[39.7947,57.5908],[39.7963,57.5892],[39.7929,57.588],[39.7966,57.5829],[39.7906,57.5814],[39.7853,57.5789],[39.779,57.5746],[39.7718,57.5701],[39.7718,57.5698],[39.7592,57.5616],[39.7589,57.5614],[39.7455,57.5528],[39.7362,57.5465],[39.7338,57.5439],[39.7364,57.5428],[39.7417,57.5457],[39.7487,57.543],[39.7518,57.5417],[39.7557,57.5402],[39.7639,57.5461],[39.7673,57.5469],[39.7743,57.5461],[39.7755,57.5457],[39.7653,57.5383],[39.7654,57.538],[39.771,57.5352],[39.7816,57.5306],[39.7967,57.5417],[39.8154,57.5552],[39.8223,57.5602],[39.8389,57.572],[39.8396,57.5718],[39.8435,57.5745],[39.8459,57.5735],[39.8484,57.5726],[39.8548,57.5702],[39.8576,57.5693],[39.8602,57.5685],[39.8607,57.5691],[39.8624,57.5686],[39.8615,57.566],[39.8588,57.5662],[39.8566,57.5604],[39.8557,57.5593],[39.8584,57.5592],[39.8581,57.5584],[39.8745,57.5552],[39.8792,57.5538],[39.8846,57.5613],[39.8977,57.5595],[39.892,57.5523],[39.8904,57.5507],[39.8993,57.5489],[39.9098,57.5467],[39.9114,57.5464],[39.9013,57.542],[39.9025,57.5393],[39.9116,57.5352],[39.9183,57.5332],[39.9177,57.5292],[39.9145,57.5278],[39.9172,57.5246],[39.9215,57.5272],[39.9251,57.5291],[39.9297,57.5294],[39.9352,57.5308],[39.9363,57.5312],[39.9364,57.5332],[39.934,57.5336],[39.9303,57.5357],[39.9304,57.5374],[39.9312,57.5382],[39.9331,57.5384],[39.9378,57.5366],[39.9402,57.5347],[39.9421,57.5352],[39.9458,57.5339],[39.9494,57.533],[39.9507,57.5323],[39.9526,57.5327],[39.953,57.5331],[39.9526,57.5344],[39.9535,57.5346],[39.9559,57.5354],[39.9588,57.5353],[39.9604,57.536],[39.9671,57.536],[39.9681,57.5358],[39.9734,57.5371],[39.9748,57.5372],[39.9774,57.5376],[39.978,57.5372],[39.9806,57.5371],[39.9825,57.5371],[39.9858,57.5372],[39.9867,57.5384],[39.9874,57.54],[39.9879,57.5416],[39.9885,57.5421],[39.9885,57.5432],[39.9904,57.5457],[39.991,57.547],[39.9931,57.5468],[39.9938,57.5471],[40.0032,57.5464],[40.0033,57.5509],[40.0033,57.5543],[40.0023,57.5543],[40.0014,57.5543],[39.9983,57.5548],[39.994,57.5558],[39.9894,57.5573],[39.9775,57.5623],[39.9693,57.5655],[39.9583,57.5701],[39.9569,57.571],[39.9598,57.5724],[39.962,57.5712],[39.9628,57.5715],[39.9634,57.572],[39.9621,57.5729],[39.962,57.5735],[39.9591,57.5735],[39.9568,57.5745],[39.9546,57.576],[39.955,57.5764],[39.9544,57.5775],[39.9541,57.5784],[39.954,57.5827],[39.9523,57.5835],[39.9521,57.5834],[39.9518,57.5834],[39.9513,57.5833],[39.9506,57.5832],[39.9493,57.583],[39.9484,57.5829],[39.9447,57.5889],[39.941,57.5935],[39.9403,57.5933],[39.939,57.595],[39.9394,57.5951],[39.9434,57.5953],[39.9456,57.5939],[39.9477,57.5938],[39.9491,57.5998],[39.946,57.6026],[39.9492,57.6022],[39.9532,57.6018],[39.9555,57.6014],[39.9566,57.601],[39.9574,57.6006],[39.959,57.5996],[39.9603,57.5989],[39.9617,57.598],[39.9634,57.597],[39.9676,57.5945],[39.9694,57.5934],[39.9719,57.5919],[39.9773,57.5889],[39.9862,57.5845],[39.9895,57.5863],[39.984,57.5896],[39.9881,57.5918],[39.9779,57.598],[39.9762,57.5991],[39.9766,57.5992],[39.9803,57.6004],[39.9791,57.6017],[39.9788,57.6022],[39.9825,57.6037],[39.986,57.6014],[39.9907,57.6035],[39.9896,57.6042],[39.9897,57.6055],[39.9902,57.6062],[39.9918,57.6062],[39.9925,57.6079],[39.9904,57.6095],[39.9855,57.6119],[39.9855,57.6259],[39.9705,57.6256],[39.9691,57.6264],[39.9649,57.6264],[39.9649,57.626],[39.9603,57.626],[39.9604,57.6253],[39.9651,57.6247],[39.9651,57.6237],[39.9648,57.6236],[39.9637,57.623],[39.9625,57.6224],[39.9628,57.6217],[39.9661,57.6212],[39.9662,57.6211],[39.9668,57.6206],[39.964,57.6161],[39.9596,57.6162],[39.9579,57.6157],[39.9581,57.6148],[39.951,57.6198],[39.9421,57.6192],[39.9415,57.6236],[39.9501,57.6249],[39.9492,57.6264],[39.9477,57.6262],[39.9465,57.6272],[39.9436,57.6273],[39.9442,57.6292],[39.9473,57.63],[39.9552,57.6285],[39.956,57.6285],[39.9562,57.6317],[39.964,57.6316],[39.9671,57.6307],[39.9689,57.6307],[39.9687,57.6328],[39.9675,57.6352],[39.966,57.637],[39.9572,57.6443],[39.9719,57.6501],[39.9723,57.6511],[39.9695,57.653],[39.9687,57.6534],[39.9682,57.6537],[39.9681,57.6539],[39.9683,57.6541],[39.9751,57.6542],[39.9752,57.6571],[39.9664,57.6584],[39.9644,57.6586],[39.9642,57.6594],[39.9665,57.6594],[39.9664,57.6599],[39.9659,57.6611],[39.9651,57.6616],[39.9648,57.662],[39.9611,57.6618],[39.9611,57.6631],[39.96,57.665],[39.9598,57.6653],[39.9596,57.6653],[39.9577,57.6652],[39.9567,57.665],[39.9543,57.6646],[39.9491,57.6634],[39.9482,57.6632],[39.9433,57.6675],[39.9453,57.6695],[39.9411,57.6708],[39.9401,57.67],[39.9426,57.6692],[39.9412,57.6681],[39.9124,57.6772],[39.9077,57.6793],[39.9028,57.6769],[39.8996,57.6784],[39.8983,57.6808],[39.8975,57.6827],[39.8934,57.6828],[39.8921,57.6848],[39.8901,57.6848],[39.89,57.6839],[39.8883,57.6839],[39.8883,57.6849],[39.8896,57.6849],[39.8896,57.686],[39.8895,57.6861],[39.8896,57.6867],[39.8886,57.6872],[39.8888,57.6884],[39.8883,57.6886],[39.8887,57.6904],[39.8766,57.6935],[39.8706,57.6867],[39.8663,57.6849],[39.8635,57.6881],[39.8609,57.6873],[39.8609,57.689],[39.8572,57.6912],[39.8563,57.6912],[39.8545,57.6922],[39.8551,57.6926],[39.8555,57.6923],[39.8565,57.6927],[39.8533,57.6943],[39.8499,57.6955],[39.8547,57.6975],[39.8549,57.698],[39.8555,57.6993],[39.8541,57.7009],[39.8505,57.7014],[39.8495,57.7031],[39.8302,57.7101],[39.8283,57.7112],[39.8274,57.712],[39.8265,57.7136],[39.8298,57.7143],[39.8311,57.7146],[39.8292,57.7167],[39.8376,57.7238],[39.83,57.7287],[39.8271,57.7306],[39.8264,57.7306],[39.822,57.7332],[39.8216,57.7333],[39.8174,57.7391],[39.8212,57.7399],[39.8232,57.7374],[39.8327,57.7382],[39.8319,57.7404],[39.8295,57.7448],[39.8246,57.7443],[39.8201,57.7437],[39.8167,57.7431],[39.8148,57.7428],[39.8133,57.746],[39.8176,57.7465],[39.8172,57.7471],[39.8149,57.7505],[39.8124,57.7502],[39.8117,57.7505],[39.8105,57.7538],[39.8087,57.7592],[39.7985,57.7658],[39.7984,57.7675],[39.7973,57.7693],[39.7962,57.7691],[39.7959,57.7703],[39.7951,57.7703],[39.7941,57.7734],[39.7933,57.7733],[39.7924,57.7731],[39.7912,57.7727],[39.7903,57.7725],[39.7894,57.7723],[39.7886,57.7725],[39.7876,57.7731],[39.7873,57.7738],[39.7855,57.7746],[39.7823,57.7753],[39.7748,57.7737],[39.7752,57.7691],[39.7758,57.763],[39.7761,57.7601],[39.7768,57.7537],[39.7783,57.7467],[39.7793,57.7418],[39.7797,57.7394],[39.7713,57.7393],[39.7701,57.7406],[39.7695,57.7408],[39.7692,57.7414],[39.768,57.742],[39.7673,57.7423],[39.7674,57.743],[39.7681,57.7432],[39.7676,57.7435],[39.7668,57.7438],[39.7664,57.7441],[39.766,57.7444],[39.7659,57.7447],[39.766,57.7452],[39.7653,57.7454],[39.7654,57.7458],[39.765,57.7461],[39.7644,57.7461],[39.7641,57.7463],[39.7631,57.7463],[39.763,57.7465],[39.7628,57.7467],[39.7616,57.747],[39.7611,57.7466],[39.7603,57.7467],[39.7594,57.747],[39.7589,57.7467],[39.7578,57.7466],[39.7575,57.7462],[39.7564,57.7457],[39.7549,57.7452],[39.7534,57.7451],[39.7509,57.7455],[39.7491,57.7447],[39.7486,57.7439],[39.7439,57.7422],[39.743,57.7426],[39.7416,57.7432],[39.7392,57.7437],[39.7383,57.7437],[39.7375,57.7436],[39.736,57.7437],[39.7357,57.7438],[39.7317,57.7435],[39.7316,57.7434],[39.732,57.7418],[39.7317,57.7411],[39.7323,57.7401],[39.7322,57.7401],[39.7324,57.7398],[39.7326,57.7398],[39.733,57.7394],[39.733,57.7392],[39.7331,57.7391],[39.731,57.7376]]]}},{"type":"Feature","properties":{"district":"Переславль-Залесский"},"geometry":{"type":"Polygon","coordinates":[[[38.1001,56.8553],[38.1029,56.854],[38.1056,56.8537],[38.1092,56.8563],[38.1158,56.8568],[38.1186,56.8568],[38.1222,56.8584],[38.1245,56.8585],[38.1351,56.8519],[38.1429,56.8521],[38.1467,56.8487],[38.1502,56.8475],[38.1522,56.8458],[38.1376,56.8389],[38.121,56.8311],[38.1109,56.8273],[38.1143,56.8202],[38.1184,56.8209],[38.1197,56.8185],[38.1227,56.8199],[38.1282,56.8197],[38.1577,56.8195],[38.1722,56.829],[38.1817,56.8283],[38.1855,56.8249],[38.1916,56.8232],[38.1868,56.82],[38.1894,56.8171],[38.1909,56.8178],[38.195,56.8184],[38.2044,56.8195],[38.2089,56.8206],[38.2114,56.8219],[38.2124,56.8245],[38.2287,56.8245],[38.2303,56.8236],[38.2324,56.8209],[38.2324,56.8178],[38.2344,56.8167],[38.2378,56.8164],[38.2404,56.8144],[38.2403,56.8106],[38.2382,56.8087],[38.2332,56.8067],[38.2318,56.8057],[38.2325,56.8044],[38.2353,56.8037],[38.2403,56.802],[38.243,56.7995],[38.245,56.7974],[38.2443,56.7935],[38.2719,56.7736],[38.2795,56.7757],[38.2983,56.7659],[38.2969,56.7646],[38.3044,56.76],[38.3032,56.739],[38.3082,56.7324],[38.3195,56.7218],[38.3189,56.7196],[38.318,56.7163],[38.319,56.7108],[38.3141,56.7037],[38.3106,56.7032],[38.3057,56.7045],[38.3039,56.703],[38.305,56.6982],[38.3014,56.6982],[38.3147,56.6767],[38.3165,56.6672],[38.3181,56.6586],[38.3208,56.6598],[38.3175,56.6668],[38.3204,56.6696],[38.3227,56.6605],[38.3573,56.6734],[38.3753,56.6766],[38.3839,56.6764],[38.3909,56.6785],[38.3961,56.6776],[38.398,56.6768],[38.4126,56.6769],[38.4114,56.6787],[38.3983,56.6822],[38.3956,56.6892],[38.3931,56.6911],[38.3873,56.6932],[38.3837,56.695],[38.389,56.7023],[38.4082,56.7036],[38.4229,56.7009],[38.4209,56.697],[38.4142,56.696],[38.4104,56.6937],[38.4087,56.6894],[38.4133,56.6789],[38.4164,56.6781],[38.4189,56.6779],[38.4203,56.6771],[38.4222,56.6753],[38.4211,56.6746],[38.4221,56.6732],[38.4222,56.6728],[38.4236,56.6723],[38.4253,56.6723],[38.4269,56.6723],[38.4287,56.6707],[38.4288,56.6681],[38.4282,56.6659],[38.427,56.6645],[38.4286,56.6613],[38.4285,56.6596],[38.4311,56.661],[38.4309,56.6596],[38.4353,56.6577],[38.4348,56.6549],[38.437,56.6556],[38.437,56.6535],[38.4386,56.6544],[38.4397,56.6533],[38.4417,56.6523],[38.4438,56.6532],[38.4437,56.6543],[38.4447,56.655],[38.4531,56.6522],[38.4533,56.6505],[38.4552,56.6505],[38.4549,56.6492],[38.4559,56.6481],[38.4562,56.6471],[38.4594,56.6476],[38.4634,56.6478],[38.4636,56.6466],[38.4665,56.6467],[38.4693,56.6467],[38.4715,56.6475],[38.4728,56.6469],[38.4738,56.6454],[38.4754,56.6459],[38.4743,56.6479],[38.4752,56.6482],[38.4774,56.6473],[38.4792,56.6474],[38.4829,56.6486],[38.4833,56.6476],[38.4856,56.6483],[38.4869,56.6473],[38.4899,56.6488],[38.4924,56.6487],[38.4941,56.6477],[38.4956,56.6464],[38.493,56.646],[38.4916,56.6449],[38.4975,56.6425],[38.5035,56.643],[38.5043,56.641],[38.5061,56.6406],[38.5063,56.639],[38.5037,56.6369],[38.5097,56.6362],[38.509,56.6339],[38.5062,56.6314],[38.5079,56.6296],[38.5155,56.6303],[38.5178,56.6293],[38.5211,56.6278],[38.5213,56.6259],[38.5199,56.624],[38.5204,56.6217],[38.5307,56.6188],[38.5399,56.6178],[38.5444,56.6168],[38.547,56.6118],[38.5569,56.6141],[38.5623,56.6138],[38.5637,56.606],[38.5597,56.6037],[38.5566,56.6034],[38.5555,56.6013],[38.5515,56.6022],[38.5454,56.6057],[38.5418,56.6057],[38.5399,56.6042],[38.5407,56.6012],[38.5317,56.5902],[38.5358,56.588],[38.5383,56.584],[38.5386,56.5813],[38.5372,56.5783],[38.5385,56.5775],[38.5433,56.5817],[38.547,56.5803],[38.5539,56.5774],[38.5525,56.5749],[38.5537,56.5704],[38.5567,56.5672],[38.5637,56.565],[38.5685,56.5631],[38.5609,56.5587],[38.5615,56.5575],[38.5594,56.5569],[38.5602,56.5517],[38.5535,56.5489],[38.5482,56.5469],[38.5489,56.5468],[38.5497,56.5468],[38.5508,56.5464],[38.5519,56.5454],[38.5508,56.5444],[38.5505,56.543],[38.5499,56.542],[38.5512,56.5409],[38.5569,56.5402],[38.5607,56.5386],[38.5636,56.5401],[38.5698,56.5435],[38.5769,56.5384],[38.5799,56.5345],[38.5804,56.5343],[38.5943,56.5383],[38.5955,56.5372],[38.5981,56.5392],[38.5962,56.5417],[38.5936,56.5437],[38.5971,56.5446],[38.5991,56.5465],[38.5976,56.5486],[38.5999,56.5512],[38.6033,56.5551],[38.6082,56.5609],[38.6149,56.5689],[38.6081,56.5768],[38.6144,56.5794],[38.6172,56.5785],[38.62,56.5763],[38.6229,56.5763],[38.6253,56.5756],[38.6287,56.5768],[38.6301,56.5791],[38.6317,56.5829],[38.6487,56.5847],[38.6688,56.5822],[38.6748,56.5845],[38.6812,56.5832],[38.6912,56.5813],[38.6966,56.5822],[38.7,56.5807],[38.7054,56.5784],[38.7019,56.5808],[38.7012,56.5825],[38.7074,56.5847],[38.7086,56.5839],[38.7113,56.582],[38.7158,56.5865],[38.7116,56.5912],[38.7149,56.5926],[38.7135,56.5963],[38.7154,56.5972],[38.7207,56.5928],[38.7229,56.5909],[38.7252,56.5892],[38.7316,56.5876],[38.7405,56.5895],[38.7416,56.5876],[38.7443,56.5838],[38.7472,56.5838],[38.7537,56.579],[38.7577,56.5793],[38.7595,56.5768],[38.7619,56.5755],[38.7651,56.5721],[38.7672,56.5756],[38.769,56.5763],[38.7694,56.5801],[38.7662,56.5816],[38.7661,56.5855],[38.7656,56.5875],[38.7613,56.5898],[38.7665,56.5943],[38.7666,56.5968],[38.7627,56.5978],[38.7574,56.6007],[38.7567,56.6093],[38.7705,56.6106],[38.7814,56.6008],[38.7863,56.5961],[38.7865,56.5946],[38.7901,56.5942],[38.7904,56.5981],[38.7977,56.5977],[38.8015,56.5969],[38.8102,56.5957],[38.819,56.5993],[38.8276,56.6031],[38.833,56.604],[38.8419,56.6055],[38.8439,56.6019],[38.8444,56.6003],[38.8546,56.6014],[38.8522,56.5948],[38.8494,56.5911],[38.8537,56.5895],[38.8528,56.5849],[38.8595,56.582],[38.8639,56.5798],[38.8688,56.5786],[38.8687,56.5768],[38.8546,56.5745],[38.8552,56.5675],[38.8626,56.5663],[38.8746,56.5676],[38.8843,56.5682],[38.8847,56.566],[38.8941,56.5643],[38.9049,56.5626],[38.9063,56.5581],[38.9104,56.5558],[38.913,56.5572],[38.9222,56.5518],[38.9276,56.5488],[38.9228,56.5455],[38.9302,56.543],[38.9355,56.542],[38.9423,56.5417],[38.9494,56.5438],[38.9556,56.5428],[38.9601,56.5411],[38.9675,56.5369],[38.9724,56.5352],[38.9814,56.537],[38.9825,56.539],[38.986,56.5398],[38.9897,56.5408],[38.9921,56.5406],[38.9998,56.5402],[39.0031,56.5399],[39.0063,56.5397],[39.0138,56.5392],[39.0149,56.5375],[39.0222,56.5374],[39.0226,56.5394],[39.0306,56.5389],[39.0312,56.5419],[39.0366,56.5435],[39.0396,56.5474],[39.0438,56.5469],[39.0489,56.5527],[39.0546,56.5538],[39.0623,56.5594],[39.0716,56.5622],[39.0782,56.5634],[39.0809,56.5578],[39.0873,56.5561],[39.091,56.5545],[39.0939,56.5541],[39.0954,56.5554],[39.096,56.5585],[39.1064,56.5717],[39.1089,56.5722],[39.1132,56.5723],[39.1172,56.5707],[39.1189,56.5745],[39.1186,56.5779],[39.1202,56.5786],[39.1223,56.5784],[39.125,56.5768],[39.1271,56.5738],[39.1309,56.5756],[39.1344,56.5783],[39.1399,56.5763],[39.1463,56.5776],[39.1487,56.573],[39.1524,56.5734],[39.1568,56.5746],[39.1611,56.5744],[39.1635,56.5807],[39.1695,56.5799],[39.1748,56.5791],[39.1756,56.5743],[39.1762,56.571],[39.179,56.5707],[39.1828,56.5713],[39.1831,56.568],[39.1852,56.5667],[39.1867,56.5655],[39.1857,56.5651],[39.1853,56.5641],[39.1841,56.5611],[39.1854,56.5585],[39.1872,56.5557],[39.1878,56.5542],[39.1944,56.5546],[39.1943,56.5527],[39.1982,56.5495],[39.2051,56.5464],[39.2121,56.548],[39.2147,56.5497],[39.2317,56.5459],[39.2657,56.5398],[39.2676,56.5379],[39.27,56.5373],[39.273,56.5367],[39.2779,56.5393],[39.2822,56.5405],[39.2844,56.5465],[39.29,56.5468],[39.2903,56.5497],[39.2894,56.5545],[39.2931,56.5558],[39.2977,56.5594],[39.3034,56.5678],[39.2996,56.5676],[39.2972,56.5674],[39.2942,56.5706],[39.2937,56.5728],[39.2964,56.5735],[39.2991,56.5752],[39.2987,56.5761],[39.2951,56.5763],[39.2948,56.5776],[39.2925,56.5786],[39.2932,56.5818],[39.2943,56.5859],[39.2969,56.5865],[39.3001,56.5876],[39.3077,56.5862],[39.3123,56.5857],[39.3171,56.5817],[39.3177,56.5801],[39.3235,56.5782],[39.3267,56.582],[39.3256,56.586],[39.326,56.5892],[39.3291,56.5919],[39.3329,56.5956],[39.3331,56.6012],[39.3291,56.6025],[39.3289,56.6091],[39.3299,56.6124],[39.3295,56.616],[39.3304,56.6201],[39.3354,56.6271],[39.3299,56.6365],[39.3226,56.6482],[39.3156,56.6569],[39.3128,56.6605],[39.3151,56.6634],[39.3194,56.6643],[39.3163,56.6684],[39.3172,56.6711],[39.3159,56.6744],[39.3181,56.6763],[39.3238,56.6822],[39.3328,56.6835],[39.339,56.6849],[39.3427,56.6888],[39.3531,56.6906],[39.3639,56.6919],[39.3669,56.6924],[39.3685,56.6952],[39.3636,56.697],[39.3633,56.7008],[39.3612,56.7032],[39.3582,56.7043],[39.35,56.705],[39.3447,56.7053],[39.3423,56.7055],[39.3426,56.7096],[39.3533,56.7196],[39.3525,56.7216],[39.3517,56.724],[39.3492,56.7307],[39.3432,56.7314],[39.343,56.7337],[39.3398,56.7359],[39.3365,56.7398],[39.3426,56.7432],[39.3444,56.7447],[39.3446,56.747],[39.3417,56.7513],[39.3456,56.7549],[39.3471,56.7569],[39.3487,56.7581],[39.3452,56.7588],[39.3442,56.761],[39.3462,56.7642],[39.3429,56.7687],[39.3447,56.7707],[39.3506,56.7703],[39.3552,56.7675],[39.3591,56.7676],[39.3596,56.7664],[39.3631,56.7668],[39.3649,56.7674],[39.3663,56.7686],[39.3672,56.7712],[39.3668,56.7722],[39.3668,56.775],[39.3649,56.7762],[39.3623,56.7766],[39.3607,56.7783],[39.3586,56.7783],[39.366,56.785],[39.364,56.7889],[39.3603,56.786],[39.35,56.7858],[39.3492,56.7851],[39.3473,56.7847],[39.3457,56.7859],[39.3454,56.7878],[39.3447,56.7891],[39.3475,56.7902],[39.3497,56.7924],[39.3526,56.7928],[39.352,56.7938],[39.3493,56.7935],[39.3474,56.7915],[39.3442,56.7894],[39.3444,56.7872],[39.343,56.785],[39.3447,56.7837],[39.3473,56.7832],[39.3563,56.7837],[39.3583,56.7829],[39.354,56.7798],[39.3536,56.7795],[39.3544,56.7773],[39.3584,56.7746],[39.3607,56.7745],[39.3627,56.7727],[39.3623,56.7695],[39.3598,56.7712],[39.3548,56.7718],[39.3511,56.7725],[39.3438,56.7729],[39.3409,56.7725],[39.3399,56.7712],[39.2545,56.778],[39.2577,56.7839],[39.2507,56.7893],[39.2428,56.7926],[39.2389,56.7936],[39.2334,56.7992],[39.2265,56.8017],[39.2252,56.8043],[39.2275,56.8059],[39.2324,56.8055],[39.2373,56.8057],[39.2436,56.8093],[39.2432,56.8124],[39.2263,56.8156],[39.2163,56.8155],[39.2054,56.8196],[39.2034,56.8239],[39.2022,56.8248],[39.1971,56.8304],[39.2009,56.834],[39.2069,56.833],[39.2126,56.832],[39.2168,56.8325],[39.2105,56.8339],[39.2052,56.8352],[39.2046,56.8387],[39.2069,56.8415],[39.2124,56.8428],[39.2195,56.8428],[39.225,56.8408],[39.2254,56.84],[39.2274,56.8358],[39.2313,56.8364],[39.233,56.8384],[39.233,56.8413],[39.2307,56.8463],[39.2277,56.8473],[39.2254,56.8482],[39.2254,56.8511],[39.2191,56.8525],[39.2134,56.8511],[39.2105,56.8488],[39.2014,56.8507],[39.1917,56.8552],[39.1967,56.8647],[39.1948,56.8691],[39.1844,56.8759],[39.1777,56.8805],[39.1728,56.8822],[39.172,56.888],[39.1691,56.8926],[39.1667,56.8955],[39.1577,56.8975],[39.1551,56.9001],[39.149,56.901],[39.1477,56.8991],[39.1445,56.8978],[39.1373,56.9016],[39.1306,56.9003],[39.1198,56.9003],[39.1163,56.9],[39.117,56.9058],[39.1157,56.9093],[39.1106,56.912],[39.1076,56.9157],[39.096,56.9152],[39.0843,56.916],[39.0799,56.9164],[39.0786,56.9218],[39.0762,56.9242],[39.0729,56.9257],[39.0758,56.9268],[39.0807,56.9271],[39.0837,56.9285],[39.0841,56.9301],[39.0892,56.9297],[39.0907,56.9312],[39.089,56.9338],[39.0823,56.935],[39.0829,56.9428],[39.0491,56.9444],[39.0485,56.938],[39.0209,56.9357],[39.0154,56.9405],[39.0112,56.9401],[39.0099,56.9444],[39.0044,56.9468],[39.0036,56.9499],[38.9926,56.9532],[38.9818,56.9545],[38.958,56.9557],[38.9523,56.9543],[38.9457,56.9534],[38.9366,56.9549],[38.9323,56.9584],[38.9264,56.9565],[38.9227,56.9684],[38.9145,56.9687],[38.9074,56.9746],[38.9072,56.9797],[38.9033,56.9859],[38.9035,56.9898],[38.9041,56.9975],[38.8915,56.9966],[38.8844,56.9945],[38.8819,56.9914],[38.8801,56.9886],[38.8703,56.9887],[38.8709,56.9843],[38.8652,56.985],[38.8611,56.9862],[38.8605,56.9875],[38.8407,56.9903],[38.8348,56.9929],[38.8308,57.0025],[38.814,57.0025],[38.8049,56.9961],[38.7994,56.9915],[38.7951,56.9912],[38.7865,56.9943],[38.79,56.9967],[38.7867,56.9995],[38.7782,57.0023],[38.77,57.002],[38.7368,57.0157],[38.7337,57.0269],[38.7384,57.0277],[38.7407,57.0318],[38.7412,57.0328],[38.7339,57.0372],[38.7297,57.0416],[38.7288,57.0481],[38.731,57.0504],[38.7347,57.0505],[38.7321,57.0524],[38.7321,57.0552],[38.735,57.0558],[38.7355,57.0608],[38.7381,57.0615],[38.742,57.0613],[38.7459,57.0598],[38.747,57.0624],[38.7416,57.0645],[38.7416,57.0663],[38.7274,57.0667],[38.7218,57.0673],[38.719,57.0687],[38.7173,57.0712],[38.7198,57.073],[38.7153,57.0737],[38.7108,57.075],[38.7133,57.0765],[38.7131,57.0785],[38.6999,57.0786],[38.7003,57.0798],[38.6963,57.0796],[38.6944,57.082],[38.6993,57.0869],[38.6993,57.0921],[38.6926,57.097],[38.6882,57.0953],[38.6834,57.0948],[38.6865,57.0997],[38.6787,57.1045],[38.6706,57.1045],[38.6629,57.1088],[38.6448,57.1065],[38.6422,57.1071],[38.6361,57.1095],[38.6328,57.1072],[38.6164,57.1066],[38.6171,57.1153],[38.6189,57.1188],[38.6264,57.1199],[38.6266,57.1238],[38.6202,57.1233],[38.6171,57.1252],[38.6164,57.1283],[38.6069,57.1283],[38.6078,57.1207],[38.6045,57.1195],[38.6015,57.1198],[38.5999,57.1294],[38.5969,57.129],[38.5771,57.1274],[38.5753,57.1344],[38.5695,57.1359],[38.5701,57.1378],[38.568,57.1402],[38.5692,57.141],[38.5659,57.141],[38.5552,57.1512],[38.5429,57.1528],[38.5285,57.1529],[38.5232,57.1497],[38.5213,57.1505],[38.5188,57.1504],[38.5199,57.1485],[38.5157,57.1465],[38.5132,57.1477],[38.5115,57.1498],[38.5075,57.1513],[38.5093,57.1553],[38.5062,57.1553],[38.5059,57.1535],[38.5009,57.1534],[38.4995,57.1516],[38.5033,57.1505],[38.4986,57.1437],[38.4928,57.1425],[38.4894,57.138],[38.4874,57.1344],[38.4933,57.1336],[38.497,57.131],[38.5034,57.1331],[38.502,57.1306],[38.5034,57.1291],[38.5036,57.1274],[38.5056,57.126],[38.5071,57.1241],[38.5067,57.123],[38.5023,57.122],[38.5014,57.1204],[38.4958,57.1203],[38.4924,57.1203],[38.4927,57.118],[38.4866,57.1177],[38.4813,57.1128],[38.4764,57.1127],[38.4732,57.1127],[38.4718,57.1094],[38.4617,57.1088],[38.4574,57.1063],[38.4504,57.1048],[38.4482,57.1023],[38.4564,57.0989],[38.4521,57.0976],[38.4619,57.0903],[38.4606,57.0858],[38.4544,57.0856],[38.4532,57.0833],[38.4564,57.0821],[38.4577,57.0805],[38.4504,57.0815],[38.4466,57.0817],[38.4395,57.0862],[38.4409,57.0877],[38.4396,57.0883],[38.4339,57.0877],[38.4302,57.0858],[38.4243,57.089],[38.4272,57.0903],[38.4285,57.0931],[38.4277,57.0957],[38.4252,57.0964],[38.4197,57.0928],[38.4177,57.0954],[38.416,57.0941],[38.4176,57.0926],[38.4143,57.0922],[38.4141,57.0937],[38.4149,57.0964],[38.4109,57.0962],[38.4107,57.0967],[38.4144,57.0969],[38.4156,57.0993],[38.411,57.0993],[38.406,57.102],[38.4045,57.1006],[38.4058,57.0999],[38.4021,57.0966],[38.4048,57.0947],[38.3975,57.0917],[38.3944,57.0927],[38.3905,57.0945],[38.3877,57.0947],[38.3832,57.0936],[38.3764,57.0963],[38.374,57.1023],[38.3754,57.1038],[38.3712,57.104],[38.3698,57.1051],[38.3639,57.1064],[38.3639,57.1094],[38.3765,57.1119],[38.3866,57.1172],[38.3819,57.12],[38.3743,57.1199],[38.3754,57.1219],[38.3778,57.1234],[38.3774,57.1272],[38.3746,57.1287],[38.3731,57.1272],[38.3641,57.1294],[38.3673,57.1253],[38.3647,57.12],[38.3703,57.1203],[38.3687,57.1179],[38.3656,57.1169],[38.3622,57.1146],[38.3585,57.1157],[38.3568,57.1151],[38.3544,57.1163],[38.3533,57.118],[38.3544,57.1209],[38.3501,57.124],[38.3462,57.1271],[38.346,57.1298],[38.3383,57.1288],[38.3362,57.1236],[38.3257,57.1213],[38.3295,57.1191],[38.3235,57.118],[38.3149,57.1157],[38.311,57.1156],[38.2998,57.1139],[38.2954,57.1209],[38.2842,57.1199],[38.2811,57.1205],[38.2856,57.1288],[38.279,57.131],[38.2769,57.1307],[38.2682,57.1352],[38.2651,57.1308],[38.261,57.1317],[38.2482,57.1304],[38.2443,57.1251],[38.2252,57.1268],[38.2092,57.1307],[38.2087,57.1307],[38.209,57.1297],[38.21,57.1253],[38.2063,57.1237],[38.2083,57.1204],[38.2124,57.1209],[38.2153,57.1207],[38.2171,57.1148],[38.2211,57.114],[38.2224,57.1127],[38.2356,57.1164],[38.2428,57.1173],[38.2427,57.1169],[38.2425,57.1168],[38.2425,57.1167],[38.2426,57.1165],[38.2427,57.1164],[38.2428,57.1162],[38.243,57.116],[38.2432,57.1157],[38.2435,57.1152],[38.2439,57.1148],[38.2452,57.114],[38.2456,57.1139],[38.2463,57.114],[38.2468,57.114],[38.247,57.114],[38.2473,57.1139],[38.2476,57.1137],[38.2478,57.1135],[38.2479,57.1134],[38.2479,57.1133],[38.2478,57.1132],[38.2477,57.1131],[38.2475,57.113],[38.2473,57.1129],[38.2473,57.1128],[38.2473,57.1128],[38.2474,57.1126],[38.2475,57.1126],[38.2475,57.1125],[38.2474,57.1124],[38.2473,57.1123],[38.2471,57.1122],[38.2469,57.1121],[38.2467,57.1121],[38.2464,57.1121],[38.2463,57.112],[38.2462,57.1119],[38.2461,57.1118],[38.2461,57.1117],[38.2462,57.1115],[38.2463,57.1113],[38.2465,57.1112],[38.2468,57.1111],[38.2471,57.1111],[38.2479,57.1112],[38.2484,57.1112],[38.2487,57.1113],[38.2489,57.1113],[38.2491,57.1112],[38.2492,57.1111],[38.2492,57.111],[38.2492,57.1109],[38.2491,57.1107],[38.249,57.1106],[38.2488,57.1106],[38.2485,57.1105],[38.248,57.1105],[38.2478,57.1104],[38.2477,57.1103],[38.2477,57.1103],[38.2478,57.1102],[38.2479,57.1101],[38.2481,57.11],[38.2483,57.11],[38.2487,57.1101],[38.2489,57.1101],[38.2492,57.1101],[38.2493,57.11],[38.2493,57.11],[38.2493,57.1099],[38.2491,57.1098],[38.2487,57.1096],[38.2484,57.1095],[38.2483,57.1094],[38.2481,57.1095],[38.2478,57.1094],[38.2475,57.1094],[38.247,57.1093],[38.2468,57.1092],[38.2466,57.1091],[38.2465,57.109],[38.2465,57.1088],[38.2466,57.1086],[38.2469,57.1084],[38.2474,57.1083],[38.2477,57.1082],[38.2478,57.1081],[38.2478,57.1079],[38.2477,57.1078],[38.2476,57.1077],[38.2476,57.1074],[38.2476,57.1072],[38.2477,57.107],[38.2479,57.107],[38.2479,57.1069],[38.2479,57.1067],[38.2478,57.1065],[38.2476,57.1063],[38.2474,57.1061],[38.2471,57.106],[38.2468,57.106],[38.2465,57.1059],[38.2462,57.1059],[38.2459,57.106],[38.2458,57.106],[38.2456,57.1059],[38.2454,57.1057],[38.2454,57.1056],[38.2455,57.1054],[38.2457,57.1053],[38.2458,57.1053],[38.2459,57.1053],[38.2461,57.1054],[38.2463,57.1054],[38.2465,57.1053],[38.2466,57.1052],[38.2467,57.1051],[38.2468,57.1049],[38.2468,57.1047],[38.2466,57.1045],[38.2465,57.1043],[38.2463,57.1039],[38.2462,57.1038],[38.246,57.1037],[38.2456,57.1035],[38.2454,57.1035],[38.2447,57.1035],[38.2444,57.1035],[38.2442,57.1034],[38.244,57.1033],[38.244,57.1032],[38.244,57.1031],[38.2441,57.1029],[38.2443,57.1028],[38.2444,57.1027],[38.2444,57.1026],[38.2443,57.1026],[38.2442,57.1025],[38.244,57.1023],[38.2438,57.1022],[38.2438,57.1021],[38.2438,57.102],[38.2439,57.1018],[38.2445,57.1014],[38.2447,57.1013],[38.2452,57.1011],[38.2454,57.1011],[38.2455,57.101],[38.2455,57.1008],[38.2455,57.1006],[38.2454,57.1004],[38.2454,57.1002],[38.2455,57.1001],[38.2456,57.1],[38.2457,57.1],[38.2459,57.1],[38.246,57.1],[38.2461,57.1001],[38.2461,57.1002],[38.2462,57.1004],[38.2465,57.1005],[38.2467,57.1005],[38.2468,57.1005],[38.2471,57.1005],[38.2474,57.1004],[38.2475,57.1002],[38.2476,57.1001],[38.2477,57.0999],[38.2478,57.0996],[38.2479,57.0993],[38.248,57.0992],[38.2482,57.099],[38.2482,57.0989],[38.2482,57.0987],[38.2481,57.0986],[38.2481,57.0985],[38.2482,57.0983],[38.2482,57.0982],[38.2482,57.0982],[38.2485,57.098],[38.2487,57.0978],[38.2488,57.0977],[38.2488,57.0975],[38.2488,57.0974],[38.2487,57.0974],[38.2486,57.0973],[38.2485,57.0973],[38.2484,57.0972],[38.2481,57.0969],[38.2479,57.0968],[38.2479,57.0967],[38.248,57.0965],[38.2481,57.0964],[38.2482,57.0962],[38.2483,57.0962],[38.2486,57.096],[38.2487,57.096],[38.2488,57.096],[38.2489,57.096],[38.2489,57.096],[38.2489,57.0959],[38.249,57.0958],[38.2492,57.0957],[38.2492,57.0956],[38.2492,57.0956],[38.2492,57.0955],[38.2493,57.0954],[38.2494,57.0953],[38.2496,57.0953],[38.2501,57.0953],[38.2505,57.0952],[38.2507,57.0952],[38.2509,57.0952],[38.251,57.0951],[38.251,57.095],[38.2511,57.0949],[38.2511,57.0949],[38.2512,57.0948],[38.2514,57.0947],[38.2515,57.0945],[38.2515,57.0944],[38.2514,57.0944],[38.2512,57.0943],[38.2509,57.0942],[38.2507,57.0942],[38.2506,57.0941],[38.2506,57.094],[38.2507,57.0939],[38.251,57.0938],[38.2513,57.0938],[38.2519,57.0938],[38.2528,57.0938],[38.2521,57.0923],[38.2485,57.0911],[38.2433,57.0897],[38.242,57.0917],[38.2347,57.0928],[38.2305,57.0927],[38.2219,57.0826],[38.2175,57.0796],[38.2127,57.0805],[38.2092,57.0816],[38.2045,57.0803],[38.2054,57.0773],[38.2054,57.0732],[38.209,57.0729],[38.2149,57.0737],[38.2264,57.0774],[38.2304,57.0779],[38.2356,57.0797],[38.2387,57.0814],[38.2397,57.0811],[38.2403,57.0806],[38.2406,57.08],[38.2408,57.0795],[38.2411,57.0792],[38.2417,57.079],[38.242,57.0786],[38.2422,57.0782],[38.243,57.0776],[38.2434,57.0774],[38.2438,57.0769],[38.2463,57.076],[38.2468,57.0757],[38.2483,57.0753],[38.2488,57.075],[38.2494,57.0748],[38.2498,57.0744],[38.2503,57.0743],[38.2509,57.0744],[38.2513,57.0743],[38.2516,57.0742],[38.2519,57.074],[38.2526,57.0739],[38.2528,57.0737],[38.2531,57.0733],[38.2534,57.073],[38.2539,57.0726],[38.2541,57.0722],[38.2537,57.0714],[38.2538,57.0712],[38.2541,57.0706],[38.2538,57.0705],[38.2538,57.0702],[38.254,57.0699],[38.254,57.0697],[38.2534,57.0696],[38.2532,57.0693],[38.253,57.069],[38.2529,57.0688],[38.2531,57.0686],[38.2535,57.0685],[38.2536,57.0684],[38.2534,57.0679],[38.253,57.0674],[38.2522,57.0669],[38.2516,57.0668],[38.2501,57.0659],[38.25,57.0654],[38.2498,57.0647],[38.2492,57.0645],[38.2492,57.0643],[38.2492,57.0642],[38.2501,57.0639],[38.2504,57.0636],[38.2507,57.0636],[38.2511,57.0637],[38.2513,57.0639],[38.2515,57.0639],[38.2517,57.0639],[38.2517,57.0637],[38.2515,57.0631],[38.2513,57.0629],[38.251,57.0628],[38.2505,57.0629],[38.2501,57.0628],[38.25,57.0626],[38.2498,57.0624],[38.2499,57.0622],[38.2501,57.062],[38.2505,57.0619],[38.251,57.0618],[38.2518,57.0618],[38.2523,57.0617],[38.2529,57.0615],[38.2532,57.0613],[38.2535,57.0609],[38.254,57.0606],[38.2544,57.0601],[38.2547,57.0601],[38.255,57.0602],[38.2552,57.0602],[38.2553,57.0601],[38.2553,57.0599],[38.2549,57.0595],[38.2547,57.0593],[38.2545,57.0592],[38.254,57.0592],[38.2538,57.0592],[38.2537,57.059],[38.2538,57.0588],[38.2541,57.0587],[38.2549,57.0585],[38.2554,57.0584],[38.2558,57.0583],[38.2559,57.0581],[38.2559,57.0579],[38.2555,57.0576],[38.2549,57.0572],[38.2539,57.0569],[38.2531,57.0566],[38.2525,57.0562],[38.2521,57.0557],[38.2517,57.0552],[38.2514,57.0546],[38.2501,57.0533],[38.2499,57.0528],[38.2499,57.0522],[38.2502,57.0516],[38.2504,57.051],[38.2506,57.0508],[38.2514,57.0503],[38.252,57.0498],[38.2526,57.0491],[38.2538,57.0485],[38.2548,57.048],[38.2552,57.0474],[38.2555,57.0458],[38.2556,57.0451],[38.2559,57.045],[38.2562,57.0449],[38.2567,57.045],[38.2569,57.0448],[38.2571,57.0443],[38.2571,57.0438],[38.257,57.0431],[38.2573,57.0428],[38.258,57.0425],[38.2582,57.0421],[38.2579,57.0416],[38.2574,57.041],[38.2562,57.0409],[38.2552,57.0405],[38.254,57.0398],[38.2521,57.0385],[38.252,57.0383],[38.252,57.038],[38.2525,57.0379],[38.253,57.0377],[38.2499,57.0358],[38.2494,57.0333],[38.2515,57.0298],[38.2517,57.0295],[38.2516,57.0292],[38.2519,57.0289],[38.2519,57.0286],[38.2515,57.0284],[38.2511,57.0285],[38.2508,57.0287],[38.2504,57.0288],[38.2491,57.0285],[38.2486,57.0284],[38.2485,57.0282],[38.2487,57.028],[38.249,57.0278],[38.2493,57.0276],[38.2491,57.0273],[38.2485,57.0265],[38.2466,57.0261],[38.2447,57.025],[38.2444,57.025],[38.2439,57.0251],[38.2438,57.0254],[38.2438,57.0256],[38.2444,57.0259],[38.2448,57.0264],[38.2449,57.0266],[38.2448,57.0269],[38.2445,57.0271],[38.2441,57.0273],[38.2436,57.0274],[38.2434,57.0274],[38.2432,57.0273],[38.2429,57.0265],[38.2431,57.0257],[38.2432,57.0254],[38.2429,57.0251],[38.2415,57.025],[38.241,57.0249],[38.2407,57.0247],[38.2406,57.0244],[38.2407,57.0242],[38.2413,57.0237],[38.2415,57.0234],[38.2416,57.023],[38.2414,57.0227],[38.241,57.0228],[38.2404,57.0233],[38.24,57.0234],[38.2393,57.0235],[38.2391,57.0235],[38.2386,57.0233],[38.2384,57.0231],[38.238,57.0223],[38.2378,57.0221],[38.2374,57.022],[38.2371,57.022],[38.2368,57.0221],[38.2365,57.0227],[38.2361,57.0229],[38.2355,57.023],[38.2348,57.0229],[38.2339,57.0226],[38.2336,57.0226],[38.2333,57.0226],[38.2329,57.0228],[38.2324,57.023],[38.2321,57.023],[38.2318,57.0229],[38.2317,57.0228],[38.2317,57.0226],[38.2319,57.0225],[38.2323,57.0223],[38.2328,57.0222],[38.2332,57.0223],[38.2333,57.0222],[38.2334,57.0221],[38.2334,57.0218],[38.2331,57.0216],[38.2328,57.0215],[38.2324,57.0214],[38.2321,57.0214],[38.2319,57.0214],[38.2317,57.0216],[38.2316,57.0217],[38.2315,57.0221],[38.2313,57.0224],[38.2311,57.0226],[38.2307,57.0227],[38.2302,57.0227],[38.2298,57.0227],[38.229,57.0225],[38.2284,57.0223],[38.2281,57.0222],[38.2279,57.022],[38.2278,57.0219],[38.2279,57.0217],[38.2283,57.0212],[38.2281,57.0209],[38.2277,57.0207],[38.2271,57.0206],[38.2268,57.0204],[38.2268,57.0203],[38.2268,57.02],[38.227,57.0192],[38.2269,57.0184],[38.2271,57.018],[38.2274,57.0177],[38.2277,57.0174],[38.228,57.0171],[38.2295,57.0162],[38.2297,57.0158],[38.23,57.0154],[38.2306,57.0151],[38.231,57.0149],[38.2314,57.015],[38.2335,57.0144],[38.234,57.0142],[38.234,57.0138],[38.2337,57.0136],[38.2328,57.0135],[38.2325,57.0133],[38.2323,57.0132],[38.2322,57.0131],[38.2323,57.013],[38.2326,57.0129],[38.2331,57.0129],[38.2338,57.0126],[38.2337,57.0123],[38.2344,57.0125],[38.2349,57.0124],[38.2353,57.0122],[38.2355,57.0121],[38.2356,57.012],[38.2357,57.012],[38.2358,57.0121],[38.2358,57.0125],[38.236,57.0127],[38.2362,57.0127],[38.2365,57.0127],[38.2369,57.0124],[38.2372,57.0123],[38.2374,57.0124],[38.2373,57.0085],[38.2381,57.0061],[38.2374,56.9993],[38.226,56.9902],[38.2239,56.9915],[38.2202,56.9896],[38.2233,56.9872],[38.2226,56.9862],[38.2207,56.9847],[38.2174,56.9845],[38.2101,56.9848],[38.1985,56.9865],[38.1932,56.9868],[38.1775,56.9859],[38.1679,56.9851],[38.1542,56.9853],[38.1533,56.9781],[38.1514,56.9749],[38.1517,56.9716],[38.1511,56.9705],[38.1514,56.9691],[38.1529,56.9669],[38.146,56.9675],[38.1414,56.9671],[38.1388,56.9665],[38.1331,56.965],[38.1319,56.9643],[38.13,56.9641],[38.1299,56.9628],[38.1341,56.9607],[38.1367,56.9588],[38.1452,56.9578],[38.1515,56.9591],[38.1546,56.9592],[38.1576,56.9584],[38.1612,56.9567],[38.1646,56.9569],[38.1667,56.9582],[38.1686,56.9588],[38.1719,56.9582],[38.177,56.9578],[38.1791,56.958],[38.181,56.958],[38.1823,56.9565],[38.1844,56.9563],[38.1858,56.9557],[38.1896,56.9525],[38.192,56.9514],[38.1936,56.9513],[38.1954,56.9515],[38.1964,56.9513],[38.1975,56.9508],[38.1982,56.9486],[38.1977,56.9474],[38.1955,56.9464],[38.1927,56.9435],[38.1923,56.941],[38.1906,56.9388],[38.184,56.935],[38.1807,56.9336],[38.1796,56.9305],[38.1804,56.9275],[38.1807,56.9249],[38.1847,56.9227],[38.1861,56.9209],[38.1853,56.9194],[38.1837,56.9181],[38.1844,56.9148],[38.1873,56.9127],[38.1905,56.911],[38.1918,56.9096],[38.1918,56.9073],[38.1919,56.9069],[38.1924,56.9047],[38.1942,56.9025],[38.1897,56.9012],[38.1896,56.9012],[38.1838,56.8965],[38.1794,56.894],[38.1794,56.8926],[38.1661,56.8892],[38.1617,56.8892],[38.1547,56.8888],[38.154,56.8874],[38.1529,56.8871],[38.1515,56.8872],[38.1514,56.8868],[38.1509,56.8867],[38.1504,56.8865],[38.1494,56.8866],[38.148,56.8866],[38.1469,56.8865],[38.1464,56.8862],[38.1457,56.8863],[38.1448,56.8865],[38.1433,56.8863],[38.1363,56.8863],[38.1293,56.883],[38.1258,56.8805],[38.1165,56.8784],[38.1083,56.8766],[38.109,56.8743],[38.1091,56.872],[38.1062,56.8703],[38.1018,56.8712],[38.1016,56.8683],[38.1009,56.8665],[38.1012,56.8608],[38.1001,56.8553]]]}},{"type":"Feature","properties":{"district":"Рыбинск"},"geometry":{"type":"Polygon","coordinates":[[[38.6489,58.104],[38.6504,58.1021],[38.6539,58.103],[38.6554,58.1021],[38.6567,58.0999],[38.6618,58.1002],[38.6615,58.0999],[38.6611,58.0996],[38.6611,58.0993],[38.6615,58.0989],[38.6623,58.0984],[38.6629,58.0982],[38.6632,58.0981],[38.6632,58.098],[38.663,58.0978],[38.6629,58.0975],[38.6627,58.0973],[38.6624,58.0971],[38.6622,58.0969],[38.6622,58.0966],[38.6619,58.0965],[38.6618,58.0965],[38.6617,58.0969],[38.662,58.0972],[38.6622,58.0974],[38.6622,58.0977],[38.662,58.0978],[38.6613,58.0978],[38.6606,58.0977],[38.6603,58.0976],[38.6601,58.0974],[38.6601,58.0971],[38.6603,58.0969],[38.661,58.0967],[38.6614,58.0964],[38.6612,58.0961],[38.6605,58.0958],[38.6594,58.0956],[38.6588,58.0956],[38.6588,58.0953],[38.658,58.095],[38.6573,58.0949],[38.6568,58.0947],[38.6564,58.0945],[38.6563,58.0944],[38.6573,58.0946],[38.6584,58.0946],[38.6589,58.0947],[38.66,58.0949],[38.6603,58.0946],[38.6628,58.0946],[38.6628,58.0917],[38.6647,58.0911],[38.6668,58.0932],[38.6671,58.0932],[38.6678,58.0929],[38.6688,58.092],[38.6698,58.0911],[38.6708,58.0903],[38.6721,58.0895],[38.6729,58.0889],[38.6739,58.0882],[38.6743,58.0876],[38.6744,58.0869],[38.6744,58.0867],[38.6795,58.0849],[38.6814,58.0843],[38.6873,58.0825],[38.6893,58.082],[38.6905,58.082],[38.693,58.0825],[38.6951,58.08],[38.6969,58.0781],[38.698,58.0772],[38.6993,58.0767],[38.7011,58.0768],[38.7021,58.0771],[38.7008,58.0799],[38.7007,58.0799],[38.7005,58.0802],[38.7001,58.0804],[38.6995,58.0813],[38.6988,58.0812],[38.6976,58.0832],[38.7027,58.0839],[38.7048,58.0842],[38.7063,58.0845],[38.7089,58.0832],[38.7102,58.0822],[38.7112,58.0816],[38.71,58.0811],[38.713,58.0792],[38.715,58.078],[38.7169,58.0778],[38.7211,58.0799],[38.7223,58.0806],[38.7225,58.0809],[38.7224,58.0809],[38.7222,58.0809],[38.722,58.0809],[38.7218,58.081],[38.7213,58.081],[38.7213,58.081],[38.7212,58.081],[38.7211,58.081],[38.7205,58.081],[38.7203,58.081],[38.7202,58.081],[38.7197,58.0812],[38.7197,58.0812],[38.7199,58.0817],[38.7196,58.0817],[38.7198,58.0818],[38.7201,58.0819],[38.7204,58.082],[38.7207,58.082],[38.7206,58.0821],[38.7207,58.0822],[38.7209,58.0823],[38.7211,58.0824],[38.7214,58.0825],[38.7218,58.0825],[38.7223,58.0825],[38.7226,58.0824],[38.7236,58.0823],[38.7236,58.0824],[38.7235,58.0825],[38.7235,58.0826],[38.7235,58.0827],[38.7236,58.0828],[38.7237,58.0829],[38.7239,58.083],[38.724,58.083],[38.724,58.083],[38.7239,58.0831],[38.7235,58.0832],[38.7233,58.0832],[38.7232,58.0831],[38.7232,58.0831],[38.723,58.083],[38.7229,58.083],[38.7228,58.083],[38.7227,58.083],[38.7226,58.0831],[38.7226,58.0832],[38.7225,58.0833],[38.7225,58.0834],[38.7224,58.0834],[38.7225,58.0836],[38.7224,58.0837],[38.7225,58.084],[38.7226,58.0841],[38.7226,58.0842],[38.7226,58.0843],[38.7225,58.0844],[38.7224,58.0845],[38.7223,58.0846],[38.722,58.0847],[38.7218,58.0848],[38.7218,58.0849],[38.7219,58.0849],[38.722,58.085],[38.7221,58.085],[38.7223,58.085],[38.7225,58.0851],[38.7225,58.0851],[38.7225,58.0852],[38.7225,58.0852],[38.7224,58.0852],[38.7219,58.0853],[38.7217,58.0853],[38.7214,58.0853],[38.7212,58.0853],[38.7209,58.0856],[38.7208,58.0857],[38.7204,58.0858],[38.7201,58.086],[38.7201,58.086],[38.7201,58.0861],[38.7202,58.0862],[38.7204,58.0864],[38.7209,58.0865],[38.7214,58.0868],[38.7213,58.0871],[38.722,58.088],[38.7221,58.0891],[38.7223,58.0896],[38.722,58.0903],[38.722,58.0905],[38.723,58.0912],[38.7233,58.0912],[38.7234,58.0912],[38.7237,58.0912],[38.724,58.0912],[38.7244,58.0912],[38.7251,58.0912],[38.7253,58.0912],[38.7255,58.0912],[38.7259,58.0911],[38.7261,58.0911],[38.7266,58.0911],[38.727,58.0911],[38.7272,58.0911],[38.7275,58.0911],[38.7277,58.091],[38.7279,58.091],[38.7284,58.0908],[38.7287,58.0908],[38.7289,58.0907],[38.7292,58.0907],[38.7294,58.0906],[38.7296,58.0906],[38.73,58.0906],[38.7302,58.0906],[38.7304,58.0906],[38.7306,58.0906],[38.7308,58.0905],[38.731,58.0904],[38.7316,58.0903],[38.7318,58.0902],[38.7324,58.0901],[38.7326,58.09],[38.7338,58.0896],[38.7341,58.0895],[38.7347,58.0894],[38.7349,58.0893],[38.7354,58.0891],[38.7356,58.0891],[38.7357,58.089],[38.7359,58.089],[38.736,58.089],[38.7364,58.089],[38.7366,58.0889],[38.7367,58.0889],[38.7374,58.0887],[38.7388,58.0882],[38.7394,58.088],[38.7396,58.0879],[38.7399,58.0879],[38.7409,58.0877],[38.7413,58.0876],[38.7419,58.0874],[38.7426,58.0871],[38.7433,58.0869],[38.7435,58.0868],[38.7438,58.0866],[38.7445,58.0862],[38.7446,58.0862],[38.7446,58.0862],[38.7446,58.0861],[38.7446,58.0861],[38.7446,58.086],[38.7447,58.086],[38.7447,58.086],[38.7448,58.086],[38.7449,58.086],[38.745,58.086],[38.7451,58.086],[38.7455,58.0859],[38.746,58.0858],[38.7465,58.0856],[38.7472,58.0853],[38.7479,58.0851],[38.7485,58.0848],[38.749,58.0846],[38.7494,58.0844],[38.7499,58.0841],[38.7506,58.0836],[38.7507,58.0835],[38.7443,58.0796],[38.7442,58.0789],[38.7436,58.0775],[38.7424,58.0762],[38.7403,58.0739],[38.7385,58.072],[38.7383,58.0717],[38.739,58.0711],[38.7412,58.0678],[38.7391,58.0674],[38.7391,58.0665],[38.7366,58.0665],[38.7364,58.0668],[38.7349,58.0665],[38.7333,58.0666],[38.7309,58.0641],[38.7302,58.0633],[38.7299,58.0631],[38.7272,58.0603],[38.7395,58.0555],[38.7398,58.0554],[38.7505,58.0513],[38.7455,58.0473],[38.7421,58.0448],[38.7525,58.0398],[38.7558,58.0395],[38.7638,58.0385],[38.7662,58.0412],[38.7673,58.0418],[38.7747,58.0423],[38.781,58.0412],[38.788,58.0394],[38.7888,58.0392],[38.7869,58.0374],[38.7863,58.0365],[38.7862,58.0358],[38.7883,58.035],[38.792,58.0342],[38.7928,58.0349],[38.7937,58.0352],[38.7957,58.0344],[38.8001,58.0351],[38.8034,58.032],[38.8038,58.0322],[38.8039,58.0323],[38.8049,58.0327],[38.8063,58.0334],[38.8079,58.0311],[38.811,58.0317],[38.819,58.028],[38.8199,58.0276],[38.8196,58.0276],[38.8186,58.0276],[38.8181,58.0275],[38.8177,58.0274],[38.8176,58.0272],[38.8176,58.0271],[38.8178,58.0269],[38.8178,58.0268],[38.818,58.0266],[38.818,58.0264],[38.818,58.0263],[38.818,58.0262],[38.818,58.026],[38.8182,58.0259],[38.8183,58.0258],[38.8186,58.0258],[38.8188,58.0258],[38.8189,58.0257],[38.8191,58.0257],[38.8194,58.0256],[38.8197,58.0255],[38.8205,58.0247],[38.8237,58.0199],[38.8226,58.0191],[38.8201,58.016],[38.8228,58.0153],[38.8293,58.0137],[38.8317,58.0124],[38.8249,58.0076],[38.8251,58.0075],[38.8308,58.0065],[38.8415,58.004],[38.8457,58.0065],[38.8423,58.0086],[38.8433,58.0107],[38.8434,58.0108],[38.8458,58.013],[38.8458,58.0151],[38.8478,58.0166],[38.8486,58.0169],[38.863,58.0169],[38.8634,58.0172],[38.8634,58.0176],[38.8636,58.0183],[38.8633,58.0183],[38.8635,58.0186],[38.8636,58.019],[38.8635,58.0196],[38.8638,58.0196],[38.8644,58.0198],[38.8647,58.0199],[38.8652,58.0199],[38.8655,58.0199],[38.8657,58.0199],[38.8659,58.0199],[38.866,58.0199],[38.8665,58.0198],[38.8666,58.0195],[38.8667,58.0192],[38.8668,58.0189],[38.8668,58.0188],[38.8668,58.0187],[38.867,58.0186],[38.8671,58.0184],[38.8672,58.0183],[38.8672,58.0182],[38.8675,58.018],[38.868,58.0178],[38.8683,58.0176],[38.8688,58.0175],[38.8689,58.0174],[38.869,58.0173],[38.8664,58.0172],[38.8664,58.0167],[38.8664,58.0166],[38.8645,58.0167],[38.8642,58.0167],[38.8614,58.0141],[38.8573,58.0108],[38.8572,58.0107],[38.8576,58.0105],[38.8567,58.0098],[38.8565,58.0093],[38.8566,58.0077],[38.8573,58.0077],[38.8575,58.0067],[38.858,58.0067],[38.8581,58.0055],[38.8587,58.0055],[38.8589,58.0047],[38.8595,58.0048],[38.8598,58.004],[38.8602,58.0038],[38.8607,58.0036],[38.8627,58.0039],[38.8628,58.0039],[38.8637,58.0038],[38.8643,58.0034],[38.8651,58.0029],[38.8666,58.0023],[38.8676,58.002],[38.8682,58.002],[38.8687,58.0022],[38.8693,58.0027],[38.8697,58.003],[38.8702,58.003],[38.8709,58.0028],[38.8716,58.0028],[38.8723,58.0028],[38.8732,58.0025],[38.8736,58.0023],[38.8743,58.0024],[38.8749,58.0025],[38.8754,58.0027],[38.8764,58.0032],[38.8769,58.0037],[38.8773,58.0044],[38.8769,58.0049],[38.8784,58.0052],[38.8797,58.0048],[38.8804,58.0048],[38.8809,58.0053],[38.8832,58.0051],[38.8833,58.005],[38.8836,58.0044],[38.8871,58.0039],[38.8911,58.0034],[38.8949,58.0028],[38.8954,58.0029],[38.8964,58.0036],[38.8969,58.0044],[38.8969,58.0054],[38.8979,58.0055],[38.8984,58.0056],[38.9082,58.0075],[38.9102,58.0079],[38.9097,58.0085],[38.9052,58.0078],[38.902,58.0124],[38.9047,58.0127],[38.9044,58.0131],[38.9021,58.0159],[38.9045,58.0161],[38.9052,58.0161],[38.9065,58.016],[38.9083,58.0163],[38.9084,58.0163],[38.9121,58.0126],[38.9145,58.0086],[38.9221,58.01],[38.9312,58.0117],[38.9463,58.0149],[38.9485,58.0153],[38.948,58.0155],[38.9477,58.018],[38.9435,58.018],[38.9433,58.0204],[38.946,58.0218],[38.9539,58.0212],[38.9632,58.0213],[38.9634,58.019],[38.9735,58.0217],[38.9739,58.0218],[38.9743,58.0219],[38.9744,58.022],[38.975,58.0225],[38.9732,58.0231],[38.9707,58.0239],[38.9697,58.0246],[38.9693,58.0252],[38.9694,58.0262],[38.9694,58.0272],[38.97,58.0284],[38.9695,58.0297],[38.9665,58.0303],[38.9652,58.0303],[38.9652,58.0323],[38.9647,58.0327],[38.965,58.0341],[38.965,58.0347],[38.965,58.0348],[38.9631,58.0366],[38.9595,58.0403],[38.9594,58.0405],[38.9587,58.0412],[38.9575,58.0418],[38.9568,58.0422],[38.9555,58.0424],[38.9547,58.0428],[38.9545,58.0431],[38.9548,58.0434],[38.9557,58.0435],[38.9557,58.0445],[38.9549,58.0445],[38.9534,58.0467],[38.9479,58.0461],[38.9443,58.0453],[38.9438,58.0462],[38.9442,58.0464],[38.9436,58.0474],[38.941,58.0477],[38.9405,58.0478],[38.9394,58.0477],[38.9387,58.0455],[38.9382,58.0454],[38.9352,58.0449],[38.9382,58.0428],[38.9397,58.043],[38.941,58.0408],[38.9408,58.0407],[38.9406,58.0406],[38.9402,58.0404],[38.94,58.0404],[38.9398,58.0404],[38.9393,58.0403],[38.9335,58.0404],[38.9279,58.0405],[38.9277,58.0405],[38.9276,58.0405],[38.9275,58.0405],[38.9272,58.0405],[38.927,58.0405],[38.9262,58.0406],[38.9257,58.0407],[38.9261,58.0416],[38.9274,58.0416],[38.9271,58.0427],[38.9355,58.0435],[38.9347,58.0448],[38.9349,58.0449],[38.9336,58.0459],[38.9331,58.0471],[38.9347,58.0501],[38.935,58.0505],[38.935,58.0512],[38.9343,58.0543],[38.9298,58.0552],[38.9309,58.0572],[38.9304,58.0574],[38.9295,58.0586],[38.9218,58.0595],[38.9214,58.0593],[38.9049,58.0619],[38.8981,58.0628],[38.8965,58.063],[38.8947,58.0626],[38.8911,58.0642],[38.8864,58.0661],[38.8887,58.0682],[38.8879,58.0689],[38.8891,58.0708],[38.887,58.0723],[38.8856,58.0745],[38.8732,58.0761],[38.8647,58.0773],[38.8665,58.0815],[38.8661,58.0819],[38.8657,58.082],[38.8653,58.0822],[38.8647,58.0823],[38.8642,58.0826],[38.8616,58.0803],[38.8589,58.0806],[38.8562,58.0794],[38.8533,58.0798],[38.853,58.0799],[38.8522,58.08],[38.8559,58.0813],[38.8565,58.0815],[38.8585,58.0823],[38.8616,58.0844],[38.8637,58.0859],[38.8591,58.0875],[38.852,58.0889],[38.8516,58.0897],[38.8517,58.0902],[38.852,58.0909],[38.8524,58.0915],[38.8522,58.0918],[38.8523,58.0926],[38.8526,58.0928],[38.8532,58.0928],[38.8535,58.0929],[38.8545,58.0935],[38.8565,58.0943],[38.8565,58.0945],[38.8562,58.0948],[38.8557,58.0952],[38.8557,58.0954],[38.8562,58.0955],[38.8571,58.0954],[38.8574,58.0952],[38.8573,58.0947],[38.8578,58.0944],[38.8585,58.0943],[38.8588,58.0944],[38.859,58.0946],[38.859,58.095],[38.859,58.0952],[38.8592,58.0952],[38.86,58.0947],[38.8601,58.0946],[38.8603,58.0943],[38.8608,58.0942],[38.8614,58.0944],[38.8617,58.0947],[38.8618,58.095],[38.8617,58.0953],[38.8615,58.0957],[38.8623,58.0961],[38.8628,58.0968],[38.8635,58.0972],[38.8596,58.102],[38.8589,58.1016],[38.8528,58.0978],[38.8383,58.0895],[38.8339,58.0869],[38.8303,58.0854],[38.8275,58.0843],[38.8262,58.085],[38.8256,58.0848],[38.8256,58.0843],[38.8258,58.084],[38.8263,58.0835],[38.8232,58.0823],[38.8226,58.082],[38.8223,58.0819],[38.822,58.0818],[38.8216,58.0818],[38.821,58.0819],[38.8122,58.0837],[38.8121,58.0883],[38.819,58.0922],[38.8185,58.0925],[38.8091,58.0903],[38.8037,58.0886],[38.8024,58.0875],[38.8023,58.087],[38.8021,58.0866],[38.8016,58.0861],[38.7902,58.0881],[38.7853,58.0891],[38.7783,58.0905],[38.779,58.0915],[38.7774,58.0922],[38.7788,58.0936],[38.7772,58.0943],[38.776,58.0938],[38.7743,58.0944],[38.774,58.0949],[38.7715,58.0992],[38.7693,58.0992],[38.7694,58.0988],[38.7685,58.0979],[38.7647,58.0987],[38.7629,58.0978],[38.7589,58.0994],[38.7582,58.0991],[38.7483,58.1038],[38.7473,58.104],[38.7453,58.1055],[38.7462,58.1058],[38.7443,58.1071],[38.7434,58.1068],[38.7416,58.108],[38.7417,58.1088],[38.7379,58.1096],[38.7366,58.1109],[38.7277,58.111],[38.7248,58.1097],[38.7187,58.1104],[38.7171,58.1111],[38.7102,58.1128],[38.7048,58.1141],[38.6981,58.1165],[38.6848,58.1211],[38.6824,58.12],[38.6809,58.1192],[38.6767,58.1173],[38.6758,58.1169],[38.6699,58.1139],[38.6695,58.1137],[38.6537,58.1061],[38.6525,58.1055],[38.6489,58.104]]]}}]}